ISO-10303-21;
HEADER;
FILE_DESCRIPTION (( 'STEP AP214' ),
    '1' );
FILE_NAME ('LAB-001-020-010_00.STEP',
    '2025-01-07T18:30:37',
    ( '' ),
    ( '' ),
    'SwSTEP 2.0',
    'SolidWorks 2022',
    '' );
FILE_SCHEMA (( 'AUTOMOTIVE_DESIGN' ));
ENDSEC;

DATA;
#1 = ORIENTED_EDGE ( 'NONE', *, *, #236, .T. ) ;
#2 =( NAMED_UNIT ( * ) SI_UNIT ( $, .STERADIAN. ) SOLID_ANGLE_UNIT ( ) );
#3 = CARTESIAN_POINT ( 'NONE',  ( 18.60671921645509030, -15.00000000000002309, 12.00000000000000000 ) ) ;
#4 = CARTESIAN_POINT ( 'NONE',  ( -19.60943498125589812, -13.75618328736259066, 10.75618328736257112 ) ) ;
#5 = ORIENTED_EDGE ( 'NONE', *, *, #1416, .F. ) ;
#6 = ADVANCED_FACE ( 'NONE', ( #460 ), #1402, .F. ) ;
#7 = FACE_OUTER_BOUND ( 'NONE', #2239, .T. ) ;
#8 = ORIENTED_EDGE ( 'NONE', *, *, #1586, .F. ) ;
#9 = DIRECTION ( 'NONE',  ( 1.000000000000000000, 0.000000000000000000, 0.000000000000000000 ) ) ;
#10 = ADVANCED_FACE ( 'NONE', ( #3482 ), #774, .F. ) ;
#11 = CARTESIAN_POINT ( 'NONE',  ( 7.129862947329439038, 33.37739314952229819, 55.35948779354462346 ) ) ;
#12 = CARTESIAN_POINT ( 'NONE',  ( 3.348158926381133327, 28.63613099633834125, 51.52992191115720289 ) ) ;
#13 = CARTESIAN_POINT ( 'NONE',  ( 19.60943498125589812, 13.75618328736259066, 10.75618328736257112 ) ) ;
#14 = ADVANCED_FACE ( 'NONE', ( #2651 ), #792, .T. ) ;
#15 = ORIENTED_EDGE ( 'NONE', *, *, #1560, .F. ) ;
#16 = ORIENTED_EDGE ( 'NONE', *, *, #2184, .F. ) ;
#17 = CARTESIAN_POINT ( 'NONE',  ( 49.66880619610530090, 28.54826303069430438, 55.55921123303796350 ) ) ;
#18 = CARTESIAN_POINT ( 'NONE',  ( -2.641584726159505513E-13, -21.00000000000000000, 8.000000000000000000 ) ) ;
#19 = CARTESIAN_POINT ( 'NONE',  ( 25.41464819620113502, 28.64826303069430580, 42.63992551875281123 ) ) ;
#20 = PLANE ( 'NONE',  #1408 ) ;
#21 = ORIENTED_EDGE ( 'NONE', *, *, #1532, .F. ) ;
#22 = FACE_BOUND ( 'NONE', #1633, .T. ) ;
#23 = SHAPE_REPRESENTATION ( 'LAB-001-020-120_00', ( #3920 ), #3054 ) ;
#24 = ORIENTED_EDGE ( 'NONE', *, *, #2516, .F. ) ;
#25 = CIRCLE ( 'NONE', #1403, 23.89999999999999858 ) ;
#26 =( NAMED_UNIT ( * ) PLANE_ANGLE_UNIT ( ) SI_UNIT ( $, .RADIAN. ) );
#27 = ADVANCED_FACE ( 'NONE', ( #1431 ), #3942, .T. ) ;
#28 = DIRECTION ( 'NONE',  ( 1.000000000000000000, 6.988665519236728008E-17, -6.988665519236728008E-17 ) ) ;
#29 = SURFACE_SIDE_STYLE ('',( #3796 ) ) ;
#30 = CONICAL_SURFACE ( 'NONE', #1534, 3.500000000000000444, 1.047197551196596521 ) ;
#31 = LINE ( 'NONE', #12, #233 ) ;
#32 = EDGE_CURVE ( 'NONE', #123, #2076, #3659, .T. ) ;
#33 = CIRCLE ( 'NONE', #3374, 3.500000000000000444 ) ;
#34 = CARTESIAN_POINT ( 'NONE',  ( 0.000000000000000000, 0.000000000000000000, 0.000000000000000000 ) ) ;
#35 = ORIENTED_EDGE ( 'NONE', *, *, #3800, .F. ) ;
#36 = ORIENTED_EDGE ( 'NONE', *, *, #1883, .T. ) ;
#37 = CIRCLE ( 'NONE', #1084, 4.000000000000000000 ) ;
#38 = EDGE_CURVE ( 'NONE', #329, #1381, #3057, .T. ) ;
#39 = CARTESIAN_POINT ( 'NONE',  ( -3.500000000000000000, 0.3416723310689507853, 2.477571370718827506E-16 ) ) ;
#40 = LINE ( 'NONE', #986, #3909 ) ;
#41 = AXIS2_PLACEMENT_3D ( 'NONE', #1021, #3163, #3483 ) ;
#42 = STYLED_ITEM ( 'NONE', ( #3026 ), #1599 ) ;
#43 = EDGE_LOOP ( 'NONE', ( #4014, #810, #3644 ) ) ;
#44 = DIRECTION ( 'NONE',  ( 1.000000000000000000, 0.000000000000000000, 0.000000000000000000 ) ) ;
#45 = DIRECTION ( 'NONE',  ( 0.000000000000000000, 1.000000000000000000, -1.741093078006642066E-15 ) ) ;
#46 = MANIFOLD_SOLID_BREP ( 'Hex', #1797 ) ;
#47 = CONICAL_SURFACE ( 'NONE', #374, 3.500000000000000444, 1.047197551196596521 ) ;
#48 = ORIENTED_EDGE ( 'NONE', *, *, #1336, .F. ) ;
#49 = CIRCLE ( 'NONE', #3453, 2.000000000000000000 ) ;
#50 = DIRECTION ( 'NONE',  ( 1.000000000000000000, 0.000000000000000000, 0.000000000000000000 ) ) ;
#51 = VERTEX_POINT ( 'NONE', #2090 ) ;
#52 = DIRECTION ( 'NONE',  ( -0.000000000000000000, -0.000000000000000000, -1.000000000000000000 ) ) ;
#53 = MECHANICAL_DESIGN_GEOMETRIC_PRESENTATION_REPRESENTATION (  '', ( #1680 ), #3591 ) ;
#54 = MANIFOLD_SOLID_BREP ( 'Cut-Extrude2', #1168 ) ;
#55 = DIRECTION ( 'NONE',  ( 0.000000000000000000, -0.4999999999999993339, 0.8660254037844390407 ) ) ;
#56 = CARTESIAN_POINT ( 'NONE',  ( 49.59093773166709695, 33.45585624980014927, 55.40683959393508218 ) ) ;
#57 = CARTESIAN_POINT ( 'NONE',  ( -1.650000000000000133, 2.020667218593133001E-16, -3.200000000000000178 ) ) ;
#58 = EDGE_LOOP ( 'NONE', ( #3732, #315, #1327, #2014, #3657 ) ) ;
#59 = ORIENTED_EDGE ( 'NONE', *, *, #3592, .F. ) ;
#60 = ADVANCED_FACE ( 'NONE', ( #3460 ), #1197, .F. ) ;
#61 = DIRECTION ( 'NONE',  ( 4.383936695013188063E-29, -1.000000000000000000, -5.520779089334829130E-43 ) ) ;
#62 = CARTESIAN_POINT ( 'NONE',  ( 0.000000000000000000, -4.041451884327395661, -3.200000000000000178 ) ) ;
#63 = EDGE_CURVE ( 'NONE', #2441, #3151, #622, .T. ) ;
#64 = CARTESIAN_POINT ( 'NONE',  ( -2.071371021540764801, -24.41228014936583790, 6.000000000000000000 ) ) ;
#65 = DIRECTION ( 'NONE',  ( 1.000000000000000000, 0.000000000000000000, 0.000000000000000000 ) ) ;
#66 = MANIFOLD_SOLID_BREP ( 'Cut-Extrude8', #369 ) ;
#67 = ORIENTED_EDGE ( 'NONE', *, *, #2468, .T. ) ;
#68 = DIRECTION ( 'NONE',  ( -1.000000000000000000, 0.000000000000000000, 0.000000000000000000 ) ) ;
#69 = ORIENTED_EDGE ( 'NONE', *, *, #2121, .F. ) ;
#70 = LINE ( 'NONE', #3536, #2642 ) ;
#71 = CARTESIAN_POINT ( 'NONE',  ( 7.027511656657068784, 33.36996108281691420, 55.55921123303850351 ) ) ;
#72 = CARTESIAN_POINT ( 'NONE',  ( 2.020725942163516198, -24.50000000000001066, 3.000000000000000000 ) ) ;
#73 = ORIENTED_EDGE ( 'NONE', *, *, #662, .F. ) ;
#74 = B_SPLINE_CURVE_WITH_KNOTS ( 'NONE', 3,
 ( #4000, #3409, #3450, #2762 ),
 .UNSPECIFIED., .F., .F.,
 ( 4, 4 ),
 ( 0.000000000000000000, 0.0002895485630600272463 ),
 .UNSPECIFIED. ) ;
#75 = PLANE ( 'NONE',  #1812 ) ;
#76 = DIRECTION ( 'NONE',  ( 0.000000000000000000, 0.000000000000000000, 1.000000000000000000 ) ) ;
#77 = EDGE_CURVE ( 'NONE', #3166, #2668, #3131, .T. ) ;
#78 = CARTESIAN_POINT ( 'NONE',  ( -34.94592146739513083, -11.00000000000000000, 4.000000000000000000 ) ) ;
#79 = CARTESIAN_POINT ( 'NONE',  ( -2.071371021540584501, 24.41228014936585211, 6.000000000000000000 ) ) ;
#80 = EDGE_CURVE ( 'NONE', #386, #3599, #2727, .T. ) ;
#81 = ADVANCED_BREP_SHAPE_REPRESENTATION ( '', ( #46, #3920 ), #1300 ) ;
#82 = ORIENTED_EDGE ( 'NONE', *, *, #3335, .T. ) ;
#83 = APPLICATION_CONTEXT ( 'automotive_design' ) ;
#84 = DIRECTION ( 'NONE',  ( -0.000000000000000000, -0.000000000000000000, 1.000000000000000000 ) ) ;
#85 = ORIENTED_EDGE ( 'NONE', *, *, #3235, .T. ) ;
#86 = CARTESIAN_POINT ( 'NONE',  ( 3.214438021527930012, 2.185595227304859112, -0.2174200650117540656 ) ) ;
#87 = EDGE_CURVE ( 'NONE', #1252, #1604, #1293, .T. ) ;
#88 = PRODUCT_DEFINITION_SHAPE ( 'NONE', 'NONE',  #4062 ) ;
#89 = CIRCLE ( 'NONE', #1142, 4.000000000000000000 ) ;
#90 = CYLINDRICAL_SURFACE ( 'NONE', #1614, 23.89999999999999858 ) ;
#91 = CARTESIAN_POINT ( 'NONE',  ( 49.63180599323249709, 33.46700496717437545, 55.48646828942807474 ) ) ;
#92 = ORIENTED_EDGE ( 'NONE', *, *, #3912, .T. ) ;
#93 = CARTESIAN_POINT ( 'NONE',  ( 1.614999999999999325, 0.000000000000000000, -0.2695799022107391307 ) ) ;
#94 = CIRCLE ( 'NONE', #612, 3.500000000000000444 ) ;
#95 = VERTEX_POINT ( 'NONE', #2871 ) ;
#96 =( GEOMETRIC_REPRESENTATION_CONTEXT ( 3 ) GLOBAL_UNCERTAINTY_ASSIGNED_CONTEXT ( ( #1097 ) ) GLOBAL_UNIT_ASSIGNED_CONTEXT ( ( #904, #2162, #1837 ) ) REPRESENTATION_CONTEXT ( 'NONE', 'WORKASPACE' ) );
#97 = CARTESIAN_POINT ( 'NONE',  ( 2.000000000000000000, 2.449293598294706414E-16, -3.174599999999999866 ) ) ;
#98 = PRODUCT_DEFINITION_SHAPE ( 'NONE', 'NONE',  #2485 ) ;
#99 = CIRCLE ( 'NONE', #3444, 1.610000000000000098 ) ;
#100 = DIRECTION ( 'NONE',  ( 0.000000000000000000, -1.000000000000000000, 7.461827477171319195E-16 ) ) ;
#101 = AXIS2_PLACEMENT_3D ( 'NONE', #1378, #935, #2173 ) ;
#102 = LINE ( 'NONE', #1639, #3041 ) ;
#103 = EDGE_LOOP ( 'NONE', ( #1860, #524 ) ) ;
#104 = AXIS2_PLACEMENT_3D ( 'NONE', #931, #250, #615 ) ;
#105 = AXIS2_PLACEMENT_3D ( 'NONE', #3952, #1442, #2684 ) ;
#106 = EDGE_CURVE ( 'NONE', #2922, #193, #2464, .T. ) ;
#107 = CARTESIAN_POINT ( 'NONE',  ( 0.3999999999999975797, 0.000000000000000000, 3.499999999999999556 ) ) ;
#108 = ORIENTED_EDGE ( 'NONE', *, *, #2691, .T. ) ;
#109 = CARTESIAN_POINT ( 'NONE',  ( -19.00000000000000000, 0.000000000000000000, 0.000000000000000000 ) ) ;
#110 = VECTOR ( 'NONE', #3386, 1000.000000000000000 ) ;
#111 = APPLICATION_PROTOCOL_DEFINITION ( 'draft international standard', 'automotive_design', 1998, #2827 ) ;
#112 = ORIENTED_EDGE ( 'NONE', *, *, #3179, .F. ) ;
#113 = ADVANCED_FACE ( 'NONE', ( #1577 ), #2822, .F. ) ;
#114 = DIRECTION ( 'NONE',  ( 1.000000000000000000, 0.000000000000000000, 0.000000000000000000 ) ) ;
#115 = DIRECTION ( 'NONE',  ( 1.000000000000000000, 0.000000000000000000, 0.000000000000000000 ) ) ;
#116 = DIRECTION ( 'NONE',  ( -0.000000000000000000, 1.000000000000000000, 1.224646799147353207E-16 ) ) ;
#117 = AXIS2_PLACEMENT_3D ( 'NONE', #3929, #2346, #3289 ) ;
#118 = VERTEX_POINT ( 'NONE', #3741 ) ;
#119 = FACE_OUTER_BOUND ( 'NONE', #750, .T. ) ;
#120 = LINE ( 'NONE', #1455, #3302 ) ;
#121 = DIRECTION ( 'NONE',  ( -1.000000000000000000, 0.000000000000000000, 0.000000000000000000 ) ) ;
#122 = DIRECTION ( 'NONE',  ( 0.000000000000000000, 0.000000000000000000, -1.000000000000000000 ) ) ;
#123 = VERTEX_POINT ( 'NONE', #925 ) ;
#124 = CARTESIAN_POINT ( 'NONE',  ( 2.199999999999854072, -21.00000000000000000, 0.000000000000000000 ) ) ;
#125 = ORIENTED_EDGE ( 'NONE', *, *, #2886, .F. ) ;
#126 = CARTESIAN_POINT ( 'NONE',  ( 2.926493552096021578, 2.351840044243036054, -0.1388410611046080045 ) ) ;
#127 = EDGE_CURVE ( 'NONE', #1381, #3166, #3112, .T. ) ;
#128 = LINE ( 'NONE', #416, #3987 ) ;
#129 = EDGE_LOOP ( 'NONE', ( #3616, #2425 ) ) ;
#130 = DIRECTION ( 'NONE',  ( -0.000000000000000000, -0.000000000000000000, -1.000000000000000000 ) ) ;
#131 = EDGE_CURVE ( 'NONE', #3264, #3958, #3240, .T. ) ;
#132 = ORIENTED_EDGE ( 'NONE', *, *, #3746, .T. ) ;
#133 = ORIENTED_EDGE ( 'NONE', *, *, #662, .T. ) ;
#134 = FACE_OUTER_BOUND ( 'NONE', #591, .T. ) ;
#135 = CARTESIAN_POINT ( 'NONE',  ( 0.000000000000000000, 0.000000000000000000, 7.000000000000000000 ) ) ;
#136 = EDGE_CURVE ( 'NONE', #1246, #289, #748, .T. ) ;
#137 = CARTESIAN_POINT ( 'NONE',  ( 0.3999999999999975797, 0.000000000000000000, 0.000000000000000000 ) ) ;
#138 = CARTESIAN_POINT ( 'NONE',  ( 1.452965002680435491, -3.202582148906738091, -3.199999999999997069 ) ) ;
#139 = CARTESIAN_POINT ( 'NONE',  ( -31.74999999999995737, 0.000000000000000000, 3.499999999999999556 ) ) ;
#140 = EDGE_LOOP ( 'NONE', ( #3517, #1066, #1925, #2616 ) ) ;
#141 = ORIENTED_EDGE ( 'NONE', *, *, #4058, .T. ) ;
#142 = CARTESIAN_POINT ( 'NONE',  ( 21.21815260572889628, -11.00000000000000000, 7.999999999999996447 ) ) ;
#143 = ORIENTED_EDGE ( 'NONE', *, *, #2306, .F. ) ;
#144 = LINE ( 'NONE', #1700, #2048 ) ;
#145 = B_SPLINE_CURVE_WITH_KNOTS ( 'NONE', 3,
 ( #3914, #2702, #3888, #2307 ),
 .UNSPECIFIED., .F., .F.,
 ( 4, 4 ),
 ( 2.380739282169545408E-07, 0.002044882221487536681 ),
 .UNSPECIFIED. ) ;
#146 = ORIENTED_EDGE ( 'NONE', *, *, #406, .F. ) ;
#147 = FILL_AREA_STYLE_COLOUR ( '', #1291 ) ;
#148 = EDGE_CURVE ( 'NONE', #1818, #1656, #817, .T. ) ;
#149 = CARTESIAN_POINT ( 'NONE',  ( -2.100000000000148859, -21.00000000000000000, 0.000000000000000000 ) ) ;
#150 = DIRECTION ( 'NONE',  ( -1.000000000000000000, -0.000000000000000000, -0.000000000000000000 ) ) ;
#151 = ORIENTED_EDGE ( 'NONE', *, *, #626, .T. ) ;
#152 = COLOUR_RGB ( '',0.2509803921568627416, 0.2509803921568627416, 0.2509803921568627416 ) ;
#153 = ORIENTED_EDGE ( 'NONE', *, *, #2297, .T. ) ;
#154 = EDGE_CURVE ( 'NONE', #3301, #4017, #2530, .T. ) ;
#155 = DIRECTION ( 'NONE',  ( -0.000000000000000000, -0.000000000000000000, 1.000000000000000000 ) ) ;
#156 = VECTOR ( 'NONE', #1484, 1000.000000000000000 ) ;
#157 = DIRECTION ( 'NONE',  ( 0.000000000000000000, 0.000000000000000000, -1.000000000000000000 ) ) ;
#158 = AXIS2_PLACEMENT_3D ( 'NONE', #2902, #373, #3806 ) ;
#159 = EDGE_CURVE ( 'NONE', #1949, #2230, #2716, .T. ) ;
#160 = FILL_AREA_STYLE ('',( #800 ) ) ;
#161 = DIRECTION ( 'NONE',  ( -1.000000000000000000, -0.000000000000000000, -0.000000000000000000 ) ) ;
#162 = AXIS2_PLACEMENT_3D ( 'NONE', #3662, #511, #2037 ) ;
#163 = LINE ( 'NONE', #139, #834 ) ;
#164 = ORIENTED_EDGE ( 'NONE', *, *, #3959, .T. ) ;
#165 = CIRCLE ( 'NONE', #620, 3.499999999999999556 ) ;
#166 = DIRECTION ( 'NONE',  ( 0.000000000000000000, -0.4999999999999985567, 0.8660254037844394848 ) ) ;
#167 = VERTEX_POINT ( 'NONE', #3419 ) ;
#168 = DIRECTION ( 'NONE',  ( 1.000000000000000000, 0.000000000000000000, 0.000000000000000000 ) ) ;
#169 = AXIS2_PLACEMENT_3D ( 'NONE', #955, #2771, #647 ) ;
#170 = AXIS2_PLACEMENT_3D ( 'NONE', #215, #2710, #3731 ) ;
#171 = VERTEX_POINT ( 'NONE', #2175 ) ;
#172 = ORIENTED_EDGE ( 'NONE', *, *, #2103, .T. ) ;
#173 = DIRECTION ( 'NONE',  ( 0.000000000000000000, 0.000000000000000000, 1.000000000000000000 ) ) ;
#174 = CIRCLE ( 'NONE', #3853, 2.100000000000000977 ) ;
#175 = PLANE ( 'NONE',  #3241 ) ;
#176 =( GEOMETRIC_REPRESENTATION_CONTEXT ( 3 ) GLOBAL_UNCERTAINTY_ASSIGNED_CONTEXT ( ( #439 ) ) GLOBAL_UNIT_ASSIGNED_CONTEXT ( ( #2418, #3680, #243 ) ) REPRESENTATION_CONTEXT ( 'NONE', 'WORKASPACE' ) );
#177 = CARTESIAN_POINT ( 'NONE',  ( 1.482500161549134971E-15, 21.00000000000000000, 0.000000000000000000 ) ) ;
#178 = AXIS2_PLACEMENT_3D ( 'NONE', #137, #3013, #1974 ) ;
#179 = EDGE_LOOP ( 'NONE', ( #2577, #1823, #1112, #112 ) ) ;
#180 = AXIS2_PLACEMENT_3D ( 'NONE', #3874, #2575, #3855 ) ;
#181 = VERTEX_POINT ( 'NONE', #3069 ) ;
#182 = FILL_AREA_STYLE ('',( #4006 ) ) ;
#183 = AXIS2_PLACEMENT_3D ( 'NONE', #286, #1798, #906 ) ;
#184 = DIRECTION ( 'NONE',  ( 1.000000000000000000, 0.000000000000000000, 0.000000000000000000 ) ) ;
#185 = CARTESIAN_POINT ( 'NONE',  ( 2.000000000000000000, 1.743597812952664805, -4.011548038196366406E-15 ) ) ;
#186 = EDGE_CURVE ( 'NONE', #722, #2775, #31, .T. ) ;
#187 = DIRECTION ( 'NONE',  ( 1.000000000000000000, 0.000000000000000000, 0.000000000000000000 ) ) ;
#188 = CARTESIAN_POINT ( 'NONE',  ( 2.000000000000000000, 0.000000000000000000, 0.000000000000000000 ) ) ;
#189 = CARTESIAN_POINT ( 'NONE',  ( 0.000000000000000000, 0.000000000000000000, -0.2450726383733985714 ) ) ;
#190 = ADVANCED_FACE ( 'NONE', ( #3436, #562 ), #1204, .T. ) ;
#191 = ORIENTED_EDGE ( 'NONE', *, *, #3933, .F. ) ;
#192 = DIRECTION ( 'NONE',  ( 0.000000000000000000, -0.5000000000000009992, -0.8660254037844380415 ) ) ;
#193 = VERTEX_POINT ( 'NONE', #1875 ) ;
#194 = CARTESIAN_POINT ( 'NONE',  ( -2.933510730180376225, -23.71928571428567523, 8.000000000000000000 ) ) ;
#195 = UNCERTAINTY_MEASURE_WITH_UNIT (LENGTH_MEASURE( 1.000000000000000082E-05 ), #525, 'distance_accuracy_value', 'NONE');
#196 = EDGE_LOOP ( 'NONE', ( #541, #959, #2420, #3258 ) ) ;
#197 = DIRECTION ( 'NONE',  ( -0.000000000000000000, -0.000000000000000000, 1.000000000000000000 ) ) ;
#198 = SURFACE_SIDE_STYLE ('',( #3285 ) ) ;
#199 = PLANE ( 'NONE',  #4043 ) ;
#200 = VERTEX_POINT ( 'NONE', #340 ) ;
#201 =( NAMED_UNIT ( * ) SI_UNIT ( $, .STERADIAN. ) SOLID_ANGLE_UNIT ( ) );
#202 = CARTESIAN_POINT ( 'NONE',  ( 0.000000000000000000, 0.000000000000000000, 6.000000000000000000 ) ) ;
#203 = ORIENTED_EDGE ( 'NONE', *, *, #2306, .T. ) ;
#204 = EDGE_CURVE ( 'NONE', #2009, #1264, #773, .T. ) ;
#205 = CARTESIAN_POINT ( 'NONE',  ( 7.130006320652422680, 33.36996108281691420, 55.35921123303848645 ) ) ;
#206 = PLANE ( 'NONE',  #2245 ) ;
#207 = DIRECTION ( 'NONE',  ( -4.383936695013188063E-29, 1.000000000000000000, 5.520779089334829130E-43 ) ) ;
#208 = EDGE_CURVE ( 'NONE', #932, #453, #1353, .T. ) ;
#209 = DIRECTION ( 'NONE',  ( 1.000000000000000000, 0.000000000000000000, 0.000000000000000000 ) ) ;
#210 = ORIENTED_EDGE ( 'NONE', *, *, #3645, .F. ) ;
#211 = DIRECTION ( 'NONE',  ( 4.383936695013188063E-29, -1.000000000000000000, -5.520779089334829130E-43 ) ) ;
#212 = CARTESIAN_POINT ( 'NONE',  ( 0.000000000000000000, 0.000000000000000000, -3.174599999999999866 ) ) ;
#213 = ORIENTED_EDGE ( 'NONE', *, *, #236, .F. ) ;
#214 =( LENGTH_UNIT ( ) NAMED_UNIT ( * ) SI_UNIT ( .MILLI., .METRE. ) );
#215 = CARTESIAN_POINT ( 'NONE',  ( 2.000000000000000000, 0.8717989064763280727, -1.510000000000003118 ) ) ;
#216 = CARTESIAN_POINT ( 'NONE',  ( 2.168404344971008868E-16, 4.041451884327385002, -0.3126073911696460317 ) ) ;
#217 = VERTEX_POINT ( 'NONE', #2398 ) ;
#218 = AXIS2_PLACEMENT_3D ( 'NONE', #2044, #1132, #1720 ) ;
#219 = CARTESIAN_POINT ( 'NONE',  ( -2.200000000000000178, 21.00000000000000000, 0.000000000000000000 ) ) ;
#220 = FACE_BOUND ( 'NONE', #3492, .T. ) ;
#221 = AXIS2_PLACEMENT_3D ( 'NONE', #2287, #1623, #65 ) ;
#222 = DIRECTION ( 'NONE',  ( -1.000000000000000000, 0.000000000000000000, 1.255609373087974576E-14 ) ) ;
#223 = ORIENTED_EDGE ( 'NONE', *, *, #2681, .T. ) ;
#224 =( GEOMETRIC_REPRESENTATION_CONTEXT ( 3 ) GLOBAL_UNCERTAINTY_ASSIGNED_CONTEXT ( ( #688 ) ) GLOBAL_UNIT_ASSIGNED_CONTEXT ( ( #2719, #2417, #1794 ) ) REPRESENTATION_CONTEXT ( 'NONE', 'WORKASPACE' ) );
#225 = CARTESIAN_POINT ( 'NONE',  ( -3.500000000000000000, -2.020725942163697830, -0.3126073911696460317 ) ) ;
#226 = ADVANCED_FACE ( 'NONE', ( #1588 ), #876, .F. ) ;
#227 = AXIS2_PLACEMENT_3D ( 'NONE', #3377, #847, #4007 ) ;
#228 = DIRECTION ( 'NONE',  ( -0.8660254037844351549, 0.5000000000000061062, 0.000000000000000000 ) ) ;
#229 = DIRECTION ( 'NONE',  ( -1.000000000000000000, 0.000000000000000000, 0.000000000000000000 ) ) ;
#230 = B_SPLINE_CURVE_WITH_KNOTS ( 'NONE', 3,
 ( #1191, #608, #263, #3094, #569, #2484 ),
 .UNSPECIFIED., .F., .F.,
 ( 4, 2, 4 ),
 ( 0.002044882221487518900, 0.003063384235218495448, 0.004081886248949471128 ),
 .UNSPECIFIED. ) ;
#231 = DIRECTION ( 'NONE',  ( -1.000000000000000000, 0.000000000000000000, 0.000000000000000000 ) ) ;
#232 = ORIENTED_EDGE ( 'NONE', *, *, #260, .T. ) ;
#233 = VECTOR ( 'NONE', #623, 1000.000000000000000 ) ;
#234 = VECTOR ( 'NONE', #2769, 1000.000000000000114 ) ;
#235 = LINE ( 'NONE', #1202, #3051 ) ;
#236 = EDGE_CURVE ( 'NONE', #1264, #2009, #99, .T. ) ;
#237 = CIRCLE ( 'NONE', #900, 3.500000000000000444 ) ;
#238 = DIRECTION ( 'NONE',  ( 1.000000000000000000, 0.000000000000000000, 0.000000000000000000 ) ) ;
#239 = VECTOR ( 'NONE', #1698, 1000.000000000000000 ) ;
#240 = ORIENTED_EDGE ( 'NONE', *, *, #32, .T. ) ;
#241 = AXIS2_PLACEMENT_3D ( 'NONE', #3105, #2449, #2798 ) ;
#242 = CARTESIAN_POINT ( 'NONE',  ( -2.346298152288372574, 2.686816014504566308, -3.200000000000002398 ) ) ;
#243 =( NAMED_UNIT ( * ) SI_UNIT ( $, .STERADIAN. ) SOLID_ANGLE_UNIT ( ) );
#244 = AXIS2_PLACEMENT_3D ( 'NONE', #850, #3693, #2160 ) ;
#245 = DIRECTION ( 'NONE',  ( -1.000000000000000000, 0.000000000000000000, 0.000000000000000000 ) ) ;
#246 = ORIENTED_EDGE ( 'NONE', *, *, #2336, .T. ) ;
#247 = CARTESIAN_POINT ( 'NONE',  ( -21.21815260572889628, 11.00000000000000000, 4.000000000000000000 ) ) ;
#248 = VERTEX_POINT ( 'NONE', #276 ) ;
#249 = CARTESIAN_POINT ( 'NONE',  ( 7.043370991347940091, 33.44326340764227012, 55.52795601509605916 ) ) ;
#250 = DIRECTION ( 'NONE',  ( 0.000000000000000000, -0.7071067811865456854, 0.7071067811865493491 ) ) ;
#251 = CARTESIAN_POINT ( 'NONE',  ( 2.071371021540414414, -24.41228014936586632, 3.000000000000000000 ) ) ;
#252 = EDGE_CURVE ( 'NONE', #346, #3505, #1271, .T. ) ;
#253 =( NAMED_UNIT ( * ) PLANE_ANGLE_UNIT ( ) SI_UNIT ( $, .RADIAN. ) );
#254 = DIRECTION ( 'NONE',  ( 0.8660254037844350439, -0.5000000000000062172, 0.000000000000000000 ) ) ;
#255 = VERTEX_POINT ( 'NONE', #936 ) ;
#256 = DIRECTION ( 'NONE',  ( 0.000000000000000000, 0.000000000000000000, 1.000000000000000000 ) ) ;
#257 = EDGE_CURVE ( 'NONE', #1159, #3609, #763, .T. ) ;
#258 = PLANE ( 'NONE',  #3913 ) ;
#259 = ORIENTED_EDGE ( 'NONE', *, *, #2138, .F. ) ;
#260 = EDGE_CURVE ( 'NONE', #1769, #3248, #1849, .T. ) ;
#261 = CARTESIAN_POINT ( 'NONE',  ( -3.500000000000000000, 0.000000000000000000, -3.200000000000000178 ) ) ;
#262 = CYLINDRICAL_SURFACE ( 'NONE', #3773, 0.3000000000000016542 ) ;
#263 = CARTESIAN_POINT ( 'NONE',  ( 1.156317065392240329, -3.373851915354625586, -0.02993401039714263870 ) ) ;
#264 = FACE_OUTER_BOUND ( 'NONE', #1145, .T. ) ;
#265 = VERTEX_POINT ( 'NONE', #1832 ) ;
#266 = DIRECTION ( 'NONE',  ( 1.000000000000000000, 0.000000000000000000, 0.000000000000000000 ) ) ;
#267 = ORIENTED_EDGE ( 'NONE', *, *, #940, .F. ) ;
#268 = PRESENTATION_STYLE_ASSIGNMENT (( #1543 ) ) ;
#269 = LINE ( 'NONE', #2509, #2392 ) ;
#270 = ORIENTED_EDGE ( 'NONE', *, *, #3259, .F. ) ;
#271 = CARTESIAN_POINT ( 'NONE',  ( 24.34815892638123813, 28.54826303069430438, 45.35921123303847224 ) ) ;
#272 = DIRECTION ( 'NONE',  ( 6.988665519236726775E-17, -1.000000000000000000, -2.347471974965781483E-16 ) ) ;
#273 = CARTESIAN_POINT ( 'NONE',  ( 7.072249282779651480, 32.57755235257562987, 55.47134326739445953 ) ) ;
#274 = EDGE_CURVE ( 'NONE', #432, #2922, #323, .T. ) ;
#275 = CARTESIAN_POINT ( 'NONE',  ( 49.66822184677496921, 33.38883671465201530, 55.55805768343642370 ) ) ;
#276 = CARTESIAN_POINT ( 'NONE',  ( -4.041451884327530664, -20.99999999999996803, 6.000000000000000000 ) ) ;
#277 = DIRECTION ( 'NONE',  ( -1.000000000000000000, 0.000000000000000000, 0.000000000000000000 ) ) ;
#278 = ORIENTED_EDGE ( 'NONE', *, *, #1976, .F. ) ;
#279 = EDGE_CURVE ( 'NONE', #3605, #2775, #2431, .T. ) ;
#280 = DIRECTION ( 'NONE',  ( -0.000000000000000000, -0.000000000000000000, 1.000000000000000000 ) ) ;
#281 = CARTESIAN_POINT ( 'NONE',  ( -3.500000000000000444, 0.000000000000000000, 0.000000000000000000 ) ) ;
#282 = CARTESIAN_POINT ( 'NONE',  ( 2.000000000000000000, 0.000000000000000000, 0.000000000000000000 ) ) ;
#283 = EDGE_CURVE ( 'NONE', #3056, #1947, #1895, .T. ) ;
#284 = CONICAL_SURFACE ( 'NONE', #2375, 3.500000000000000444, 1.047197551196596521 ) ;
#285 = VERTEX_POINT ( 'NONE', #2817 ) ;
#286 = CARTESIAN_POINT ( 'NONE',  ( -1.481247163929606854E-13, -21.00000000000000000, 8.000000000000000000 ) ) ;
#287 = CARTESIAN_POINT ( 'NONE',  ( -3.214438021527934453, -2.185595227304867993, -2.982579934988241810 ) ) ;
#288 = AXIS2_PLACEMENT_3D ( 'NONE', #391, #2244, #1280 ) ;
#289 = VERTEX_POINT ( 'NONE', #901 ) ;
#290 = VECTOR ( 'NONE', #161, 1000.000000000000000 ) ;
#291 = DIRECTION ( 'NONE',  ( -1.000000000000000000, -0.000000000000000000, -0.000000000000000000 ) ) ;
#292 = ORIENTED_EDGE ( 'NONE', *, *, #1324, .T. ) ;
#293 = FACE_OUTER_BOUND ( 'NONE', #1370, .T. ) ;
#294 = CARTESIAN_POINT ( 'NONE',  ( -25.25000000000000000, 0.000000000000000000, 12.00000000000000000 ) ) ;
#295 =( REPRESENTATION_RELATIONSHIP ('NONE','NONE', #2455, #3562 ) REPRESENTATION_RELATIONSHIP_WITH_TRANSFORMATION ( #977 )SHAPE_REPRESENTATION_RELATIONSHIP( ) );
#296 = CONICAL_SURFACE ( 'NONE', #3049, 3.500000000000000444, 1.047197551196596521 ) ;
#297 = CARTESIAN_POINT ( 'NONE',  ( 47.09121572637851472, 28.63613099633834125, 51.52992191115665577 ) ) ;
#298 = VECTOR ( 'NONE', #1229, 1000.000000000000000 ) ;
#299 = CARTESIAN_POINT ( 'NONE',  ( 7.044710172197531151, 32.63136634354788157, 55.52515725836672544 ) ) ;
#300 = PRODUCT_RELATED_PRODUCT_CATEGORY ( 'part', '', ( #2905 ) ) ;
#301 = AXIS2_PLACEMENT_3D ( 'NONE', #2470, #642, #2764 ) ;
#302 = ORIENTED_EDGE ( 'NONE', *, *, #3700, .T. ) ;
#303 = MECHANICAL_DESIGN_GEOMETRIC_PRESENTATION_REPRESENTATION (  '', ( #42 ), #3117 ) ;
#304 = CIRCLE ( 'NONE', #768, 3.999999999999934275 ) ;
#305 = CARTESIAN_POINT ( 'NONE',  ( 3.348158926381183953, 32.66542031821966674, 55.55921123303854614 ) ) ;
#306 = FILL_AREA_STYLE ('',( #1239 ) ) ;
#307 = ADVANCED_FACE ( 'NONE', ( #2139 ), #1232, .T. ) ;
#308 = LINE ( 'NONE', #1537, #1547 ) ;
#309 = AXIS2_PLACEMENT_3D ( 'NONE', #2639, #2970, #2000 ) ;
#310 = FACE_OUTER_BOUND ( 'NONE', #1138, .T. ) ;
#311 = PLANE ( 'NONE',  #842 ) ;
#312 = CARTESIAN_POINT ( 'NONE',  ( 3.500000000000000000, 2.020725942163697830, -0.3126073911696460317 ) ) ;
#313 = EDGE_CURVE ( 'NONE', #167, #2206, #2620, .T. ) ;
#314 = CIRCLE ( 'NONE', #3254, 2.000000000000000000 ) ;
#315 = ORIENTED_EDGE ( 'NONE', *, *, #2336, .F. ) ;
#316 = CARTESIAN_POINT ( 'NONE',  ( -3.500000000000000000, -2.020725942163697830, -0.3126073911696460317 ) ) ;
#317 =( BOUNDED_CURVE ( )  B_SPLINE_CURVE ( 3, ( #142, #1153, #2353, #1718 ),
 .UNSPECIFIED., .F., .T. ) 
 B_SPLINE_CURVE_WITH_KNOTS ( ( 4, 4 ),
 ( 5.190666934922091080, 5.390874985583979928 ),
 .UNSPECIFIED. ) 
 CURVE ( )  GEOMETRIC_REPRESENTATION_ITEM ( )  RATIONAL_B_SPLINE_CURVE ( ( 1.000000000000000000, 0.9966625164601562448, 0.9966625164601562448, 1.000000000000000000 ) ) 
 REPRESENTATION_ITEM ( '' )  );
#318 = ORIENTED_EDGE ( 'NONE', *, *, #2261, .T. ) ;
#319 = DIRECTION ( 'NONE',  ( -4.383936695013188063E-29, 1.000000000000000000, 5.520779089334829130E-43 ) ) ;
#320 = EDGE_CURVE ( 'NONE', #2151, #3354, #2194, .T. ) ;
#321 =( LENGTH_UNIT ( ) NAMED_UNIT ( * ) SI_UNIT ( .MILLI., .METRE. ) );
#322 = CARTESIAN_POINT ( 'NONE',  ( 2.000000000000000000, 0.8717989064763314033, 1.509999999999996234 ) ) ;
#323 = LINE ( 'NONE', #3400, #2987 ) ;
#324 = CARTESIAN_POINT ( 'NONE',  ( 3.500000000000000444, -1.355464348821705522, -0.1381584212714458970 ) ) ;
#325 = VERTEX_POINT ( 'NONE', #1610 ) ;
#326 = FACE_OUTER_BOUND ( 'NONE', #741, .T. ) ;
#327 = DIRECTION ( 'NONE',  ( -1.000000000000000000, 0.000000000000000000, -0.000000000000000000 ) ) ;
#328 = EDGE_CURVE ( 'NONE', #1176, #2441, #3501, .T. ) ;
#329 = VERTEX_POINT ( 'NONE', #71 ) ;
#330 = DIRECTION ( 'NONE',  ( -0.5000000000000003331, -0.8660254037844384856, 0.000000000000000000 ) ) ;
#331 = ORIENTED_EDGE ( 'NONE', *, *, #2129, .F. ) ;
#332 = CARTESIAN_POINT ( 'NONE',  ( -1.481247163929606854E-13, -21.00000000000000000, 0.000000000000000000 ) ) ;
#333 = ORIENTED_EDGE ( 'NONE', *, *, #2352, .F. ) ;
#334 = EDGE_CURVE ( 'NONE', #913, #2840, #1986, .T. ) ;
#335 = CARTESIAN_POINT ( 'NONE',  ( 28.34815892638117063, 28.54826303069430438, 45.35921123303847224 ) ) ;
#336 = ORIENTED_EDGE ( 'NONE', *, *, #3360, .T. ) ;
#337 = FACE_OUTER_BOUND ( 'NONE', #2096, .T. ) ;
#338 = CARTESIAN_POINT ( 'NONE',  ( -3.500000000000000000, -2.020725942163697830, -0.3126073911696460317 ) ) ;
#339 = EDGE_CURVE ( 'NONE', #1818, #248, #712, .T. ) ;
#340 = CARTESIAN_POINT ( 'NONE',  ( -15.49193338482966809, -11.00000000000000000, 7.000000000000000000 ) ) ;
#341 = FACE_OUTER_BOUND ( 'NONE', #3485, .T. ) ;
#342 = ORIENTED_EDGE ( 'NONE', *, *, #3165, .F. ) ;
#343 = ORIENTED_EDGE ( 'NONE', *, *, #1192, .F. ) ;
#344 = DIRECTION ( 'NONE',  ( 0.8660254037844378194, 0.5000000000000013323, 0.000000000000000000 ) ) ;
#345 = DIRECTION ( 'NONE',  ( 1.000000000000000000, 4.383936695013188063E-29, -1.255609373087974576E-14 ) ) ;
#346 = VERTEX_POINT ( 'NONE', #671 ) ;
#347 = DIRECTION ( 'NONE',  ( -0.5000000000000014433, 0.8660254037844379305, 0.000000000000000000 ) ) ;
#348 = LINE ( 'NONE', #2568, #3168 ) ;
#349 = PRODUCT_DEFINITION ( 'UNKNOWN', '', #1429, #1133 ) ;
#350 = VERTEX_POINT ( 'NONE', #2877 ) ;
#351 = CARTESIAN_POINT ( 'NONE',  ( 0.000000000000000000, 0.000000000000000000, 7.000000000000000000 ) ) ;
#352 = EDGE_LOOP ( 'NONE', ( #1435, #1215, #2093 ) ) ;
#353 = CONICAL_SURFACE ( 'NONE', #3433, 2.000000000000000000, 0.9599310885968802554 ) ;
#354 = DIRECTION ( 'NONE',  ( -0.000000000000000000, -0.000000000000000000, 1.000000000000000000 ) ) ;
#355 = PRODUCT_CONTEXT ( 'NONE', #3602, 'mechanical' ) ;
#356 = CARTESIAN_POINT ( 'NONE',  ( 0.000000000000000000, 0.000000000000000000, -3.200000000000000178 ) ) ;
#357 = ADVANCED_FACE ( 'NONE', ( #2293 ), #3798, .T. ) ;
#358 = AXIS2_PLACEMENT_3D ( 'NONE', #2010, #2374, #1427 ) ;
#359 = CARTESIAN_POINT ( 'NONE',  ( 2.000000000000000000, 0.000000000000000000, 0.000000000000000000 ) ) ;
#360 = CARTESIAN_POINT ( 'NONE',  ( 49.58644671308868368, 33.44914460215416341, 55.39813775052751055 ) ) ;
#361 = AXIS2_PLACEMENT_3D ( 'NONE', #3153, #1596, #2844 ) ;
#362 = CARTESIAN_POINT ( 'NONE',  ( 1.650000000000000133, 0.000000000000000000, -3.200000000000000178 ) ) ;
#363 = ADVANCED_FACE ( 'NONE', ( #1686 ), #2592, .T. ) ;
#364 = ORIENTED_EDGE ( 'NONE', *, *, #339, .F. ) ;
#365 = EDGE_LOOP ( 'NONE', ( #2178, #2311, #831, #1068 ) ) ;
#366 = CIRCLE ( 'NONE', #1477, 19.00000000000000000 ) ;
#367 = FACE_BOUND ( 'NONE', #3744, .T. ) ;
#368 = DIRECTION ( 'NONE',  ( 1.000000000000000000, 0.000000000000000000, 0.000000000000000000 ) ) ;
#369 = CLOSED_SHELL ( 'NONE', ( #3467, #3940, #559, #226, #1726, #1321, #3778, #4005, #1511, #1247, #3545, #357, #640, #1012, #1650, #2214, #307, #458, #575, #656, #530, #2858, #2006, #3873, #1782, #2739, #113, #2376, #3828 ) ) ;
#370 = AXIS2_PLACEMENT_3D ( 'NONE', #3148, #3242, #3834 ) ;
#371 = PRESENTATION_LAYER_ASSIGNMENT (  '', '', ( #42 ) ) ;
#372 = CARTESIAN_POINT ( 'NONE',  ( 2.871798906476347391, 0.000000000000000000, 0.000000000000000000 ) ) ;
#373 = DIRECTION ( 'NONE',  ( -0.000000000000000000, -0.000000000000000000, -1.000000000000000000 ) ) ;
#374 = AXIS2_PLACEMENT_3D ( 'NONE', #3412, #595, #1489 ) ;
#375 = COLOUR_RGB ( '',0.8980392156862745390, 0.9176470588235293713, 0.9294117647058823817 ) ;
#376 = ORIENTED_EDGE ( 'NONE', *, *, #2933, .F. ) ;
#377 = CIRCLE ( 'NONE', #183, 2.100000000000000533 ) ;
#378 = CARTESIAN_POINT ( 'NONE',  ( 0.000000000000000000, 0.000000000000000000, -3.200000000000000178 ) ) ;
#379 = ORIENTED_EDGE ( 'NONE', *, *, #1498, .F. ) ;
#380 = CARTESIAN_POINT ( 'NONE',  ( 2.020725942163571265, -17.50000000000001066, 3.000000000000000000 ) ) ;
#381 = APPLICATION_PROTOCOL_DEFINITION ( 'draft international standard', 'automotive_design', 1998, #2248 ) ;
#382 = ADVANCED_FACE ( 'NONE', ( #383 ), #2893, .F. ) ;
#383 = FACE_OUTER_BOUND ( 'NONE', #2022, .T. ) ;
#384 = VERTEX_POINT ( 'NONE', #3218 ) ;
#385 = LINE ( 'NONE', #1332, #2315 ) ;
#386 = VERTEX_POINT ( 'NONE', #1932 ) ;
#387 = EDGE_CURVE ( 'NONE', #3599, #386, #1157, .T. ) ;
#388 = SURFACE_STYLE_FILL_AREA ( #1005 ) ;
#389 = DIRECTION ( 'NONE',  ( -1.000000000000000000, -0.000000000000000000, -0.000000000000000000 ) ) ;
#390 = DIRECTION ( 'NONE',  ( 1.000000000000000000, 0.000000000000000000, 0.000000000000000000 ) ) ;
#391 = CARTESIAN_POINT ( 'NONE',  ( 0.000000000000000000, 0.000000000000000000, 0.000000000000000000 ) ) ;
#392 = ORIENTED_EDGE ( 'NONE', *, *, #2619, .F. ) ;
#393 = B_SPLINE_CURVE_WITH_KNOTS ( 'NONE', 3,
 ( #985, #1899, #3508, #652 ),
 .UNSPECIFIED., .F., .F.,
 ( 4, 4 ),
 ( 0.000000000000000000, 0.0002885646308870650802 ),
 .UNSPECIFIED. ) ;
#394 = FACE_OUTER_BOUND ( 'NONE', #1115, .T. ) ;
#395 = VERTEX_POINT ( 'NONE', #2576 ) ;
#396 = CARTESIAN_POINT ( 'NONE',  ( 15.49193338482966809, -11.00000000000000000, 7.000000000000000000 ) ) ;
#397 = ITEM_DEFINED_TRANSFORMATION ( 'NONE', 'NONE', #2472,  #3920 ) ;
#398 = UNCERTAINTY_MEASURE_WITH_UNIT (LENGTH_MEASURE( 1.000000000000000082E-05 ), #4057, 'distance_accuracy_value', 'NONE');
#399 = CARTESIAN_POINT ( 'NONE',  ( 7.104433281705249570, 33.45716511413309036, 55.40867284333721443 ) ) ;
#400 = CARTESIAN_POINT ( 'NONE',  ( -1.466422162314116009E-13, -21.00000000000000000, 0.000000000000000000 ) ) ;
#401 = ORIENTED_EDGE ( 'NONE', *, *, #2522, .F. ) ;
#402 = DIRECTION ( 'NONE',  ( -4.383936695013188063E-29, 1.000000000000000000, 5.520779089334829130E-43 ) ) ;
#403 = ORIENTED_EDGE ( 'NONE', *, *, #1737, .T. ) ;
#404 = CARTESIAN_POINT ( 'NONE',  ( 4.000000000000001776, 21.00000000000000000, 8.000000000000000000 ) ) ;
#405 = CARTESIAN_POINT ( 'NONE',  ( 0.000000000000000000, 0.000000000000000000, 7.000000000000000000 ) ) ;
#406 = EDGE_CURVE ( 'NONE', #2233, #1187, #128, .T. ) ;
#407 = CARTESIAN_POINT ( 'NONE',  ( 2.000000000000000000, 0.000000000000000000, 1.510000000000000009 ) ) ;
#408 = DIRECTION ( 'NONE',  ( -0.000000000000000000, -0.000000000000000000, 1.000000000000000000 ) ) ;
#409 = ADVANCED_FACE ( 'NONE', ( #728 ), #1369, .T. ) ;
#410 = ORIENTED_EDGE ( 'NONE', *, *, #3339, .F. ) ;
#411 = CARTESIAN_POINT ( 'NONE',  ( 0.000000000000000000, -0.8717989064763382867, 1.509999999999999121 ) ) ;
#412 = ORIENTED_EDGE ( 'NONE', *, *, #1141, .F. ) ;
#413 = DIRECTION ( 'NONE',  ( 1.000000000000000000, 0.000000000000000000, 0.000000000000000000 ) ) ;
#414 = SHAPE_DEFINITION_REPRESENTATION ( #1663, #2030 ) ;
#415 = ORIENTED_EDGE ( 'NONE', *, *, #2179, .F. ) ;
#416 = CARTESIAN_POINT ( 'NONE',  ( -2.020725942163693389, 17.49999999999999645, 3.000000000000000000 ) ) ;
#417 = ORIENTED_EDGE ( 'NONE', *, *, #3912, .F. ) ;
#418 = CYLINDRICAL_SURFACE ( 'NONE', #3782, 2.100000000000000977 ) ;
#419 = CIRCLE ( 'NONE', #1344, 2.200000000000000622 ) ;
#420 = ORIENTED_EDGE ( 'NONE', *, *, #334, .F. ) ;
#421 = ORIENTED_EDGE ( 'NONE', *, *, #1165, .F. ) ;
#422 = AXIS2_PLACEMENT_3D ( 'NONE', #2021, #3014, #783 ) ;
#423 = CYLINDRICAL_SURFACE ( 'NONE', #3997, 4.000000000000000000 ) ;
#424 = CARTESIAN_POINT ( 'NONE',  ( 2.099999999999852207, -21.00000000000000000, 0.000000000000000000 ) ) ;
#425 = PRODUCT ( 'LAB-001-020-120_00', 'LAB-001-020-120_00', '', ( #3182 ) ) ;
#426 = AXIS2_PLACEMENT_3D ( 'NONE', #202, #2322, #781 ) ;
#427 = EDGE_CURVE ( 'NONE', #2707, #2206, #3579, .T. ) ;
#428 = CLOSED_SHELL ( 'NONE', ( #1423, #1957, #962, #3498, #6, #1170, #2323, #1493, #2755, #1307, #14, #816, #2501, #3660, #1853, #809, #2549, #2058, #2545, #2461, #363, #823, #1447, #718, #3072, #2147, #2491, #10 ) ) ;
#429 = AXIS2_PLACEMENT_3D ( 'NONE', #3434, #3385, #619 ) ;
#430 = CARTESIAN_POINT ( 'NONE',  ( 1.156317065392240107, -3.373851915354625142, -3.170065989602857570 ) ) ;
#431 = CARTESIAN_POINT ( 'NONE',  ( 4.200000000000001954, 0.000000000000000000, 0.000000000000000000 ) ) ;
#432 = VERTEX_POINT ( 'NONE', #2538 ) ;
#433 = VECTOR ( 'NONE', #55, 1000.000000000000000 ) ;
#434 = CIRCLE ( 'NONE', #1091, 3.500000000000000444 ) ;
#435 = EDGE_CURVE ( 'NONE', #3056, #515, #3447, .T. ) ;
#436 = CARTESIAN_POINT ( 'NONE',  ( -0.6089803659954563519, -18.99023809523809092, 7.000000000000000000 ) ) ;
#437 = ORIENTED_EDGE ( 'NONE', *, *, #1612, .F. ) ;
#438 = CARTESIAN_POINT ( 'NONE',  ( 0.000000000000000000, 0.000000000000000000, -3.200000000000000178 ) ) ;
#439 = UNCERTAINTY_MEASURE_WITH_UNIT (LENGTH_MEASURE( 1.000000000000000082E-05 ), #2418, 'distance_accuracy_value', 'NONE');
#440 = EDGE_LOOP ( 'NONE', ( #2963, #67, #1915, #3432, #650, #3423, #890, #566 ) ) ;
#441 = COLOUR_RGB ( '',1.000000000000000000, 1.000000000000000000, 1.000000000000000000 ) ;
#442 = CARTESIAN_POINT ( 'NONE',  ( 3.348158926381128442, 28.74826303069430367, 51.35921123303854330 ) ) ;
#443 = VERTEX_POINT ( 'NONE', #3539 ) ;
#444 = DIRECTION ( 'NONE',  ( 0.4999999999999936162, -0.8660254037844423713, 0.000000000000000000 ) ) ;
#445 = VECTOR ( 'NONE', #2298, 1000.000000000000114 ) ;
#446 = ORIENTED_EDGE ( 'NONE', *, *, #87, .F. ) ;
#447 = VERTEX_POINT ( 'NONE', #2593 ) ;
#448 = CYLINDRICAL_SURFACE ( 'NONE', #3459, 0.1000000000000028644 ) ;
#449 = DIRECTION ( 'NONE',  ( -0.000000000000000000, -0.000000000000000000, 1.000000000000000000 ) ) ;
#450 = CYLINDRICAL_SURFACE ( 'NONE', #3189, 4.000000000000000000 ) ;
#451 = CARTESIAN_POINT ( 'NONE',  ( 2.933510730180078685, 23.71928571428571431, 12.00000000000000000 ) ) ;
#452 = LINE ( 'NONE', #3324, #2917 ) ;
#453 = VERTEX_POINT ( 'NONE', #2257 ) ;
#454 = ADVANCED_FACE ( 'NONE', ( #999 ), #3201, .F. ) ;
#455 = CARTESIAN_POINT ( 'NONE',  ( -25.25000000000000000, 0.000000000000000000, 0.000000000000000000 ) ) ;
#456 = ORIENTED_EDGE ( 'NONE', *, *, #2300, .F. ) ;
#457 = DIRECTION ( 'NONE',  ( 1.000000000000000000, 0.000000000000000000, 0.000000000000000000 ) ) ;
#458 = ADVANCED_FACE ( 'NONE', ( #3875 ), #90, .T. ) ;
#459 = ORIENTED_EDGE ( 'NONE', *, *, #2158, .F. ) ;
#460 = FACE_OUTER_BOUND ( 'NONE', #3851, .T. ) ;
#461 = CARTESIAN_POINT ( 'NONE',  ( 0.000000000000000000, 0.000000000000000000, -25.03750572909317285 ) ) ;
#462 = CARTESIAN_POINT ( 'NONE',  ( -3.999999999999998224, 21.00000000000000000, 8.000000000000000000 ) ) ;
#463 = DIRECTION ( 'NONE',  ( -0.000000000000000000, -0.000000000000000000, 1.000000000000000000 ) ) ;
#464 = EDGE_CURVE ( 'NONE', #2206, #3827, #237, .T. ) ;
#465 = VERTEX_POINT ( 'NONE', #3672 ) ;
#466 = VERTEX_POINT ( 'NONE', #1768 ) ;
#467 = DIRECTION ( 'NONE',  ( 0.000000000000000000, -0.4999999999999993339, 0.8660254037844390407 ) ) ;
#468 = CARTESIAN_POINT ( 'NONE',  ( -34.94592146739513083, 11.00000000000000000, 7.000000000000000000 ) ) ;
#469 = DIRECTION ( 'NONE',  ( 1.000000000000000000, 0.000000000000000000, 0.000000000000000000 ) ) ;
#470 = CARTESIAN_POINT ( 'NONE',  ( -1.481247163929606854E-13, -21.00000000000000000, 7.000000000000000000 ) ) ;
#471 = DIRECTION ( 'NONE',  ( 0.000000000000000000, 0.000000000000000000, 1.000000000000000000 ) ) ;
#472 = ORIENTED_EDGE ( 'NONE', *, *, #3754, .T. ) ;
#473 = ORIENTED_EDGE ( 'NONE', *, *, #3654, .T. ) ;
#474 = DIRECTION ( 'NONE',  ( 1.000000000000000000, 0.000000000000000000, 0.000000000000000000 ) ) ;
#475 = VERTEX_POINT ( 'NONE', #462 ) ;
#476 = DIRECTION ( 'NONE',  ( 1.000000000000000000, 0.000000000000000000, 0.000000000000000000 ) ) ;
#477 = ADVANCED_FACE ( 'NONE', ( #3022 ), #3894, .F. ) ;
#478 = CARTESIAN_POINT ( 'NONE',  ( 2.000000000000000000, 0.000000000000000000, -3.200000000000001510 ) ) ;
#479 = ORIENTED_EDGE ( 'NONE', *, *, #2780, .T. ) ;
#480 = CONICAL_SURFACE ( 'NONE', #3499, 1.610000000000000098, 0.7853981633974408405 ) ;
#481 = EDGE_CURVE ( 'NONE', #2055, #384, #2534, .T. ) ;
#482 = CARTESIAN_POINT ( 'NONE',  ( 0.000000000000000000, 0.000000000000000000, 3.000000000000000000 ) ) ;
#483 = CIRCLE ( 'NONE', #544, 4.000000000000000000 ) ;
#484 = CARTESIAN_POINT ( 'NONE',  ( -2.641584726159505513E-13, -21.00000000000000000, 12.00000000000000000 ) ) ;
#485 = CIRCLE ( 'NONE', #3228, 24.50000000000000000 ) ;
#486 = CARTESIAN_POINT ( 'NONE',  ( 0.000000000000000000, 0.000000000000000000, 0.000000000000000000 ) ) ;
#487 = CARTESIAN_POINT ( 'NONE',  ( -2.933510730180376225, -23.71928571428567523, 12.00000000000000000 ) ) ;
#488 = CIRCLE ( 'NONE', #1539, 3.500000000000000444 ) ;
#489 = DIRECTION ( 'NONE',  ( -1.000000000000000000, 0.000000000000000000, -0.000000000000000000 ) ) ;
#490 = ORIENTED_EDGE ( 'NONE', *, *, #937, .F. ) ;
#491 = CIRCLE ( 'NONE', #2781, 0.4000000000000001887 ) ;
#492 = FACE_OUTER_BOUND ( 'NONE', #1256, .T. ) ;
#493 = VERTEX_POINT ( 'NONE', #2379 ) ;
#494 = CARTESIAN_POINT ( 'NONE',  ( -1.750000000000005329, -3.031088913245532979, 0.000000000000000000 ) ) ;
#495 = CONTEXT_DEPENDENT_SHAPE_REPRESENTATION ( #2964, #3500 ) ;
#496 = CIRCLE ( 'NONE', #2783, 23.89999999999999858 ) ;
#497 = CONICAL_SURFACE ( 'NONE', #1028, 3.500000000000000444, 1.047197551196596521 ) ;
#498 = VERTEX_POINT ( 'NONE', #2982 ) ;
#499 = ORIENTED_EDGE ( 'NONE', *, *, #1301, .T. ) ;
#500 = AXIS2_PLACEMENT_3D ( 'NONE', #1365, #2587, #1906 ) ;
#501 = DIRECTION ( 'NONE',  ( 0.000000000000000000, 0.000000000000000000, 1.000000000000000000 ) ) ;
#502 = DIRECTION ( 'NONE',  ( 1.000000000000000000, 0.000000000000000000, 0.000000000000000000 ) ) ;
#503 =( GEOMETRIC_REPRESENTATION_CONTEXT ( 3 ) GLOBAL_UNCERTAINTY_ASSIGNED_CONTEXT ( ( #3601 ) ) GLOBAL_UNIT_ASSIGNED_CONTEXT ( ( #3322, #2929, #2951 ) ) REPRESENTATION_CONTEXT ( 'NONE', 'WORKASPACE' ) );
#504 = ORIENTED_EDGE ( 'NONE', *, *, #2883, .F. ) ;
#505 = ADVANCED_FACE ( 'NONE', ( #838 ), #175, .F. ) ;
#506 = SURFACE_STYLE_USAGE ( .BOTH. , #1185 ) ;
#507 = CIRCLE ( 'NONE', #1364, 25.25000000000000000 ) ;
#508 = CARTESIAN_POINT ( 'NONE',  ( -2.641584726159505513E-13, -21.00000000000000000, 12.00000000000000000 ) ) ;
#509 = ORIENTED_EDGE ( 'NONE', *, *, #154, .F. ) ;
#510 = EDGE_CURVE ( 'NONE', #3000, #2224, #1357, .T. ) ;
#511 = DIRECTION ( 'NONE',  ( -4.383936695013188063E-29, 1.000000000000000000, 5.520779089334829130E-43 ) ) ;
#512 = DIRECTION ( 'NONE',  ( -0.7071067811865527908, 8.659560562354868763E-17, -0.7071067811865422437 ) ) ;
#513 = EDGE_CURVE ( 'NONE', #1390, #1985, #3043, .T. ) ;
#514 = FILL_AREA_STYLE ('',( #2008 ) ) ;
#515 = VERTEX_POINT ( 'NONE', #3960 ) ;
#516 = DIRECTION ( 'NONE',  ( 1.000000000000000000, 0.000000000000000000, 0.000000000000000000 ) ) ;
#517 = UNCERTAINTY_MEASURE_WITH_UNIT (LENGTH_MEASURE( 1.000000000000000082E-05 ), #214, 'distance_accuracy_value', 'NONE');
#518 = ORIENTED_EDGE ( 'NONE', *, *, #481, .T. ) ;
#519 = CARTESIAN_POINT ( 'NONE',  ( -1.481247163929606854E-13, -21.00000000000000000, 0.000000000000000000 ) ) ;
#520 = ORIENTED_EDGE ( 'NONE', *, *, #582, .T. ) ;
#521 = SURFACE_SIDE_STYLE ('',( #1139 ) ) ;
#522 = CARTESIAN_POINT ( 'NONE',  ( 0.000000000000000000, 0.000000000000000000, -3.200000000000000178 ) ) ;
#523 = CARTESIAN_POINT ( 'NONE',  ( -21.21815260572889628, -11.00000000000000000, 7.999999999999996447 ) ) ;
#524 = ORIENTED_EDGE ( 'NONE', *, *, #2411, .F. ) ;
#525 =( LENGTH_UNIT ( ) NAMED_UNIT ( * ) SI_UNIT ( .MILLI., .METRE. ) );
#526 = FACE_OUTER_BOUND ( 'NONE', #2025, .T. ) ;
#527 = EDGE_CURVE ( 'NONE', #1159, #3599, #2407, .T. ) ;
#528 = LINE ( 'NONE', #1774, #2546 ) ;
#529 = FILL_AREA_STYLE ('',( #3111 ) ) ;
#530 = ADVANCED_FACE ( 'NONE', ( #2673 ), #1432, .F. ) ;
#531 = DIRECTION ( 'NONE',  ( 1.000000000000000000, 0.000000000000000000, -0.000000000000000000 ) ) ;
#532 = LINE ( 'NONE', #546, #1306 ) ;
#533 = ORIENTED_EDGE ( 'NONE', *, *, #1637, .T. ) ;
#534 = DIRECTION ( 'NONE',  ( 1.000000000000000000, 0.000000000000000000, 0.000000000000000000 ) ) ;
#535 = EDGE_CURVE ( 'NONE', #2872, #1451, #2050, .T. ) ;
#536 = FILL_AREA_STYLE ('',( #3393 ) ) ;
#537 = CARTESIAN_POINT ( 'NONE',  ( 7.033827196445341379, 33.41930081863667823, 55.54675067261697308 ) ) ;
#538 = DIRECTION ( 'NONE',  ( -0.000000000000000000, -0.000000000000000000, 1.000000000000000000 ) ) ;
#539 = FACE_OUTER_BOUND ( 'NONE', #3936, .T. ) ;
#540 = DIRECTION ( 'NONE',  ( -1.000000000000000000, 0.000000000000000000, 0.000000000000000000 ) ) ;
#541 = ORIENTED_EDGE ( 'NONE', *, *, #1336, .T. ) ;
#542 = CYLINDRICAL_SURFACE ( 'NONE', #3858, 2.000000000000000000 ) ;
#543 = CYLINDRICAL_SURFACE ( 'NONE', #2264, 25.25000000000000000 ) ;
#544 = AXIS2_PLACEMENT_3D ( 'NONE', #1765, #2401, #3667 ) ;
#545 = EDGE_CURVE ( 'NONE', #3887, #790, #857, .T. ) ;
#546 = CARTESIAN_POINT ( 'NONE',  ( 0.000000000000000000, -1.743597812952675019, 0.000000000000000000 ) ) ;
#547 = ORIENTED_EDGE ( 'NONE', *, *, #892, .F. ) ;
#548 = CIRCLE ( 'NONE', #2249, 3.999999999999934275 ) ;
#549 = CARTESIAN_POINT ( 'NONE',  ( 3.500000000000000000, -1.692071238847145720, -2.982267049545492821 ) ) ;
#550 = VECTOR ( 'NONE', #1393, 1000.000000000000000 ) ;
#551 = ADVANCED_FACE ( 'NONE', ( #2652 ), #2092, .F. ) ;
#552 = SURFACE_SIDE_STYLE ('',( #2405 ) ) ;
#553 = CARTESIAN_POINT ( 'NONE',  ( 7.027511656657068784, 33.36996108281691420, 55.55921123303850351 ) ) ;
#554 = CARTESIAN_POINT ( 'NONE',  ( -2.020725942163693389, 17.49999999999999645, 6.000000000000000000 ) ) ;
#555 = ORIENTED_EDGE ( 'NONE', *, *, #3526, .F. ) ;
#556 = CARTESIAN_POINT ( 'NONE',  ( -2.071371021540764357, -24.41228014936583435, 6.000000000000000000 ) ) ;
#557 = AXIS2_PLACEMENT_3D ( 'NONE', #2945, #130, #2632 ) ;
#558 = CARTESIAN_POINT ( 'NONE',  ( -3.500000000000000000, -0.3414694520252327670, -3.200000000000000178 ) ) ;
#559 = ADVANCED_FACE ( 'NONE', ( #1450 ), #1752, .F. ) ;
#560 = AXIS2_PLACEMENT_3D ( 'NONE', #2559, #2916, #2237 ) ;
#561 = CIRCLE ( 'NONE', #105, 3.500000000000000444 ) ;
#562 = FACE_OUTER_BOUND ( 'NONE', #4008, .T. ) ;
#563 = CARTESIAN_POINT ( 'NONE',  ( 49.56631153210994256, 33.36996108281691420, 55.35921123303796776 ) ) ;
#564 = VECTOR ( 'NONE', #1114, 1000.000000000000000 ) ;
#565 =( GEOMETRIC_REPRESENTATION_CONTEXT ( 3 ) GLOBAL_UNCERTAINTY_ASSIGNED_CONTEXT ( ( #2027 ) ) GLOBAL_UNIT_ASSIGNED_CONTEXT ( ( #2768, #1250, #1927 ) ) REPRESENTATION_CONTEXT ( 'NONE', 'WORKASPACE' ) );
#566 = ORIENTED_EDGE ( 'NONE', *, *, #2569, .F. ) ;
#567 = AXIS2_PLACEMENT_3D ( 'NONE', #3361, #2462, #1175 ) ;
#568 = CYLINDRICAL_SURFACE ( 'NONE', #972, 19.00000000000000000 ) ;
#569 = CARTESIAN_POINT ( 'NONE',  ( 0.2855619784720618837, -3.876582599186227718, -0.2174200650117661116 ) ) ;
#570 = VECTOR ( 'NONE', #2926, 1000.000000000000000 ) ;
#571 = EDGE_LOOP ( 'NONE', ( #1519, #2288, #223, #2598 ) ) ;
#572 = DIRECTION ( 'NONE',  ( -1.255609373087974576E-14, 0.000000000000000000, -1.000000000000000000 ) ) ;
#573 = ORIENTED_EDGE ( 'NONE', *, *, #3368, .T. ) ;
#574 = DIRECTION ( 'NONE',  ( 1.000000000000000000, 0.000000000000000000, 0.000000000000000000 ) ) ;
#575 = ADVANCED_FACE ( 'NONE', ( #1386 ), #2630, .T. ) ;
#576 = VERTEX_POINT ( 'NONE', #2959 ) ;
#577 = CARTESIAN_POINT ( 'NONE',  ( -1.750000000000005329, 3.031088913245532979, -3.200000000000000178 ) ) ;
#578 = VERTEX_POINT ( 'NONE', #149 ) ;
#579 = CARTESIAN_POINT ( 'NONE',  ( 24.00000000000000000, 0.000000000000000000, 0.000000000000000000 ) ) ;
#580 = CARTESIAN_POINT ( 'NONE',  ( 28.20064321233887128, 46.04983868097016142, 87.31962252585475426 ) ) ;
#581 = FACE_OUTER_BOUND ( 'NONE', #2351, .T. ) ;
#582 = EDGE_CURVE ( 'NONE', #1969, #984, #699, .T. ) ;
#583 = CARTESIAN_POINT ( 'NONE',  ( -0.5725525826504823668, -3.710888496608923504, -0.1217565302851146697 ) ) ;
#584 = PRODUCT_DEFINITION_SHAPE ( 'NONE', 'NONE',  #860 ) ;
#585 = CARTESIAN_POINT ( 'NONE',  ( 49.56631153210994256, 32.74826303069429656, 55.35921123303796065 ) ) ;
#586 = EDGE_CURVE ( 'NONE', #1580, #95, #3515, .T. ) ;
#587 = VERTEX_POINT ( 'NONE', #2810 ) ;
#588 = VERTEX_POINT ( 'NONE', #3454 ) ;
#589 = LINE ( 'NONE', #2718, #2729 ) ;
#590 = DIRECTION ( 'NONE',  ( 0.000000000000000000, -0.000000000000000000, -1.000000000000000000 ) ) ;
#591 = EDGE_LOOP ( 'NONE', ( #213, #2377 ) ) ;
#592 = DIRECTION ( 'NONE',  ( 4.383936695013188063E-29, -1.000000000000000000, -5.520779089334829130E-43 ) ) ;
#593 = EDGE_LOOP ( 'NONE', ( #259, #1916, #2107, #1260, #16, #950 ) ) ;
#594 = SURFACE_STYLE_FILL_AREA ( #3411 ) ;
#595 = DIRECTION ( 'NONE',  ( 0.000000000000000000, 0.000000000000000000, -1.000000000000000000 ) ) ;
#596 = ORIENTED_EDGE ( 'NONE', *, *, #38, .F. ) ;
#597 = SURFACE_SIDE_STYLE ('',( #2896 ) ) ;
#598 = DIRECTION ( 'NONE',  ( 0.000000000000000000, 0.000000000000000000, 1.000000000000000000 ) ) ;
#599 = DIRECTION ( 'NONE',  ( -1.000000000000000000, -4.383936695013188063E-29, 0.000000000000000000 ) ) ;
#600 = VERTEX_POINT ( 'NONE', #577 ) ;
#601 = EDGE_CURVE ( 'NONE', #2305, #3810, #2256, .T. ) ;
#602 = DIRECTION ( 'NONE',  ( -1.000000000000000000, -0.000000000000000000, -0.000000000000000000 ) ) ;
#603 = CARTESIAN_POINT ( 'NONE',  ( 2.927447417349537506, -2.351289329882158885, -0.1217565302851145587 ) ) ;
#604 = ORIENTED_EDGE ( 'NONE', *, *, #2865, .F. ) ;
#605 = EDGE_CURVE ( 'NONE', #181, #2627, #496, .T. ) ;
#606 = CARTESIAN_POINT ( 'NONE',  ( 0.000000000000000000, 0.000000000000000000, 0.000000000000000000 ) ) ;
#607 = SURFACE_STYLE_FILL_AREA ( #306 ) ;
#608 = CARTESIAN_POINT ( 'NONE',  ( 1.452965002680435047, -3.202582148906738979, -3.379096770913156406E-15 ) ) ;
#609 = CIRCLE ( 'NONE', #1787, 1.999999999999995781 ) ;
#610 = DIRECTION ( 'NONE',  ( 0.000000000000000000, 0.000000000000000000, 1.000000000000000000 ) ) ;
#611 = LINE ( 'NONE', #2421, #3972 ) ;
#612 = AXIS2_PLACEMENT_3D ( 'NONE', #1177, #2146, #3684 ) ;
#613 = ORIENTED_EDGE ( 'NONE', *, *, #1053, .F. ) ;
#614 = AXIS2_PLACEMENT_3D ( 'NONE', #188, #3908, #2683 ) ;
#615 = DIRECTION ( 'NONE',  ( 1.000000000000000000, 0.000000000000000000, -0.000000000000000000 ) ) ;
#616 = VERTEX_POINT ( 'NONE', #4059 ) ;
#617 = DIRECTION ( 'NONE',  ( 0.000000000000000000, 0.000000000000000000, 1.000000000000000000 ) ) ;
#618 = CARTESIAN_POINT ( 'NONE',  ( 28.34815892638140156, 43.74826303069379918, 66.35921123303910463 ) ) ;
#619 = DIRECTION ( 'NONE',  ( 0.000000000000000000, 0.000000000000000000, 1.000000000000000000 ) ) ;
#620 = AXIS2_PLACEMENT_3D ( 'NONE', #1255, #2799, #2860 ) ;
#621 = B_SPLINE_CURVE_WITH_KNOTS ( 'NONE', 3,
 ( #3045, #841, #2078, #3674, #558, #3349 ),
 .UNSPECIFIED., .F., .F.,
 ( 4, 2, 4 ),
 ( 0.003605240635278489109, 0.004627368318297471472, 0.005649496001316454269 ),
 .UNSPECIFIED. ) ;
#622 =( BOUNDED_CURVE ( )  B_SPLINE_CURVE ( 3, ( #2467, #2492, #3749, #3021 ),
 .UNSPECIFIED., .F., .T. ) 
 B_SPLINE_CURVE_WITH_KNOTS ( ( 4, 4 ),
 ( 4.033902975185385209, 4.234111025847274945 ),
 .UNSPECIFIED. ) 
 CURVE ( )  GEOMETRIC_REPRESENTATION_ITEM ( )  RATIONAL_B_SPLINE_CURVE ( ( 1.000000000000000000, 0.9966625164601561337, 0.9966625164601561337, 1.000000000000000000 ) ) 
 REPRESENTATION_ITEM ( '' )  );
#623 = DIRECTION ( 'NONE',  ( 1.000000000000000000, 4.306059290138718049E-29, -1.255609373087974418E-14 ) ) ;
#624 = CIRCLE ( 'NONE', #429, 3.499999999999999556 ) ;
#625 = LINE ( 'NONE', #3799, #3640 ) ;
#626 = EDGE_CURVE ( 'NONE', #616, #3887, #2150, .T. ) ;
#627 = ORIENTED_EDGE ( 'NONE', *, *, #2174, .F. ) ;
#628 = COLOUR_RGB ( '',1.000000000000000000, 1.000000000000000000, 1.000000000000000000 ) ;
#629 = ORIENTED_EDGE ( 'NONE', *, *, #836, .F. ) ;
#630 = CARTESIAN_POINT ( 'NONE',  ( 0.000000000000000000, -0.8717989064763423945, -1.510000000000001785 ) ) ;
#631 = COLOUR_RGB ( '',0.7764705882352941346, 0.7568627450980391913, 0.7372549019607843590 ) ;
#632 = LINE ( 'NONE', #2268, #751 ) ;
#633 = ADVANCED_FACE ( 'NONE', ( #2493 ), #3116, .F. ) ;
#634 = CIRCLE ( 'NONE', #968, 3.999999999999934275 ) ;
#635 =( GEOMETRIC_REPRESENTATION_CONTEXT ( 3 ) GLOBAL_UNCERTAINTY_ASSIGNED_CONTEXT ( ( #3183 ) ) GLOBAL_UNIT_ASSIGNED_CONTEXT ( ( #772, #1724, #1767 ) ) REPRESENTATION_CONTEXT ( 'NONE', 'WORKASPACE' ) );
#636 = EDGE_LOOP ( 'NONE', ( #2519, #3239, #2763, #3220, #3553, #2981, #2192, #2240 ) ) ;
#637 = DIRECTION ( 'NONE',  ( -4.383936695013188063E-29, 1.000000000000000000, 5.520779089334829130E-43 ) ) ;
#638 = CARTESIAN_POINT ( 'NONE',  ( -2.926493552096025574, -2.351840044243044492, -3.061158938895386594 ) ) ;
#639 = CIRCLE ( 'NONE', #2404, 2.200000000000000178 ) ;
#640 = ADVANCED_FACE ( 'NONE', ( #7 ), #2170, .F. ) ;
#641 = ORIENTED_EDGE ( 'NONE', *, *, #2227, .T. ) ;
#642 = DIRECTION ( 'NONE',  ( 0.000000000000000000, -1.000000000000000000, 0.000000000000000000 ) ) ;
#643 = EDGE_LOOP ( 'NONE', ( #1352, #15, #1678, #2924 ) ) ;
#644 = DIRECTION ( 'NONE',  ( -1.000000000000000000, -0.000000000000000000, -0.000000000000000000 ) ) ;
#645 = PRODUCT_DEFINITION_SHAPE ( 'NONE', 'NONE',  #4063 ) ;
#646 = CARTESIAN_POINT ( 'NONE',  ( 0.000000000000000000, 0.000000000000000000, 0.000000000000000000 ) ) ;
#647 = DIRECTION ( 'NONE',  ( 1.000000000000000000, 0.000000000000000000, 0.000000000000000000 ) ) ;
#648 = CARTESIAN_POINT ( 'NONE',  ( 49.56631153210994256, 33.36996108281691420, 55.35921123303796776 ) ) ;
#649 = DIRECTION ( 'NONE',  ( 0.5000000000000062172, 0.8660254037844350439, 0.000000000000000000 ) ) ;
#650 = ORIENTED_EDGE ( 'NONE', *, *, #2497, .F. ) ;
#651 = ORIENTED_EDGE ( 'NONE', *, *, #3420, .F. ) ;
#652 = CARTESIAN_POINT ( 'NONE',  ( 9.774908172026901099, 28.54826303069430438, 51.31778987680116444 ) ) ;
#653 = DIRECTION ( 'NONE',  ( 0.000000000000000000, 0.000000000000000000, 1.000000000000000000 ) ) ;
#654 = DIRECTION ( 'NONE',  ( -1.000000000000000000, 0.000000000000000000, 0.000000000000000000 ) ) ;
#655 = ORIENTED_EDGE ( 'NONE', *, *, #32, .F. ) ;
#656 = ADVANCED_FACE ( 'NONE', ( #1248 ), #3063, .T. ) ;
#657 = CARTESIAN_POINT ( 'NONE',  ( -1.750000000000005329, -3.031088913245532979, -3.200000000000000178 ) ) ;
#658 = CARTESIAN_POINT ( 'NONE',  ( 4.041451884327381450, 20.99999999999999645, 3.000000000000000000 ) ) ;
#659 = CARTESIAN_POINT ( 'NONE',  ( 4.041451884327233124, -21.00000000000002132, 6.000000000000000000 ) ) ;
#660 = ORIENTED_EDGE ( 'NONE', *, *, #1532, .T. ) ;
#661 =( REPRESENTATION_RELATIONSHIP ('NONE','NONE', #2455, #23 ) REPRESENTATION_RELATIONSHIP_WITH_TRANSFORMATION ( #2235 )SHAPE_REPRESENTATION_RELATIONSHIP( ) );
#662 = EDGE_CURVE ( 'NONE', #992, #171, #269, .T. ) ;
#663 = DIRECTION ( 'NONE',  ( 1.255609373087974576E-14, 0.000000000000000000, 1.000000000000000000 ) ) ;
#664 = ORIENTED_EDGE ( 'NONE', *, *, #1606, .T. ) ;
#665 = CARTESIAN_POINT ( 'NONE',  ( 1.750000000000005107, 3.031088913245532979, 0.000000000000000000 ) ) ;
#666 = B_SPLINE_CURVE_WITH_KNOTS ( 'NONE', 3,
 ( #1245, #888, #3096, #638, #287, #4012 ),
 .UNSPECIFIED., .F., .F.,
 ( 4, 2, 4 ),
 ( 0.002044882221487543186, 0.003063384235218501520, 0.004081886248949459853 ),
 .UNSPECIFIED. ) ;
#667 = ITEM_DEFINED_TRANSFORMATION ( 'NONE', 'NONE', #1942,  #3920 ) ;
#668 = FACE_OUTER_BOUND ( 'NONE', #3650, .T. ) ;
#669 = CARTESIAN_POINT ( 'NONE',  ( 7.123061571789712332, 33.42152846350310114, 55.37261601802419619 ) ) ;
#670 = CARTESIAN_POINT ( 'NONE',  ( 49.66865801932882363, 33.37760422363687951, 55.55891871720242392 ) ) ;
#671 = CARTESIAN_POINT ( 'NONE',  ( -3.500000000000000000, 2.020725942163697830, -2.887392608830354312 ) ) ;
#672 = CARTESIAN_POINT ( 'NONE',  ( 49.57868554786188753, 33.43564549540404585, 55.38311068177084451 ) ) ;
#673 = DIRECTION ( 'NONE',  ( 1.000000000000000000, 0.000000000000000000, 0.000000000000000000 ) ) ;
#674 = ORIENTED_EDGE ( 'NONE', *, *, #1929, .T. ) ;
#675 = VERTEX_POINT ( 'NONE', #1505 ) ;
#676 = PRESENTATION_STYLE_ASSIGNMENT (( #2880 ) ) ;
#677 = FACE_BOUND ( 'NONE', #3956, .T. ) ;
#678 = DIRECTION ( 'NONE',  ( 0.000000000000000000, 0.000000000000000000, 1.000000000000000000 ) ) ;
#679 = CYLINDRICAL_SURFACE ( 'NONE', #158, 24.50000000000000000 ) ;
#680 = PRODUCT_DEFINITION_SHAPE ( 'NONE', 'NONE',  #4067 ) ;
#681 = ORIENTED_EDGE ( 'NONE', *, *, #252, .T. ) ;
#682 = ADVANCED_FACE ( 'NONE', ( #4016 ), #2747, .T. ) ;
#683 = DIRECTION ( 'NONE',  ( 0.000000000000000000, 0.000000000000000000, 1.000000000000000000 ) ) ;
#684 = ORIENTED_EDGE ( 'NONE', *, *, #626, .F. ) ;
#685 = VECTOR ( 'NONE', #2276, 1000.000000000000000 ) ;
#686 = CARTESIAN_POINT ( 'NONE',  ( 2.933510730179778037, -23.71928571428575339, 8.000000000000000000 ) ) ;
#687 = CONTEXT_DEPENDENT_SHAPE_REPRESENTATION ( #3468, #2550 ) ;
#688 = UNCERTAINTY_MEASURE_WITH_UNIT (LENGTH_MEASURE( 1.000000000000000082E-05 ), #2719, 'distance_accuracy_value', 'NONE');
#689 = EDGE_CURVE ( 'NONE', #1688, #2947, #3685, .T. ) ;
#690 = AXIS2_PLACEMENT_3D ( 'NONE', #2689, #3957, #1800 ) ;
#691 = DIRECTION ( 'NONE',  ( 1.000000000000000000, 0.000000000000000000, 0.000000000000000000 ) ) ;
#692 = VECTOR ( 'NONE', #1458, 1000.000000000000000 ) ;
#693 = CARTESIAN_POINT ( 'NONE',  ( -4.041451884327380562, 20.99999999999999289, 3.000000000000000000 ) ) ;
#694 = ORIENTED_EDGE ( 'NONE', *, *, #148, .T. ) ;
#695 = EDGE_LOOP ( 'NONE', ( #3608, #2060, #1922, #1409, #2334, #509 ) ) ;
#696 = VECTOR ( 'NONE', #1296, 1000.000000000000000 ) ;
#697 = DIRECTION ( 'NONE',  ( 0.000000000000000000, 0.000000000000000000, 1.000000000000000000 ) ) ;
#698 = FACE_OUTER_BOUND ( 'NONE', #1011, .T. ) ;
#699 = CIRCLE ( 'NONE', #1226, 19.00000000000000000 ) ;
#700 = VECTOR ( 'NONE', #1829, 1000.000000000000000 ) ;
#701 = AXIS2_PLACEMENT_3D ( 'NONE', #2531, #974, #2216 ) ;
#702 = CARTESIAN_POINT ( 'NONE',  ( -4.681546503267857045E-16, 4.041451884327384114, -3.200000000000000178 ) ) ;
#703 = CARTESIAN_POINT ( 'NONE',  ( 2.933510730180078685, 23.71928571428571431, 8.000000000000000000 ) ) ;
#704 = MECHANICAL_DESIGN_GEOMETRIC_PRESENTATION_REPRESENTATION (  '', ( #1304 ), #3184 ) ;
#705 = ORIENTED_EDGE ( 'NONE', *, *, #510, .F. ) ;
#706 = VECTOR ( 'NONE', #4025, 1000.000000000000000 ) ;
#707 = LINE ( 'NONE', #411, #1550 ) ;
#708 = ORIENTED_EDGE ( 'NONE', *, *, #3138, .T. ) ;
#709 = CARTESIAN_POINT ( 'NONE',  ( 2.000000000000000000, -0.8717989064763423945, -1.510000000000001785 ) ) ;
#710 = EDGE_CURVE ( 'NONE', #2088, #2707, #2341, .T. ) ;
#711 = APPLICATION_PROTOCOL_DEFINITION ( 'draft international standard', 'automotive_design', 1998, #3046 ) ;
#712 = LINE ( 'NONE', #980, #1801 ) ;
#713 = EDGE_CURVE ( 'NONE', #1340, #886, #964, .T. ) ;
#714 = ORIENTED_EDGE ( 'NONE', *, *, #582, .F. ) ;
#715 = DIRECTION ( 'NONE',  ( -0.000000000000000000, -0.000000000000000000, 1.000000000000000000 ) ) ;
#716 = ORIENTED_EDGE ( 'NONE', *, *, #2012, .T. ) ;
#717 = PRODUCT ( 'LAB-001-020-110_00', 'LAB-001-020-110_00', '', ( #1982 ) ) ;
#718 = ADVANCED_FACE ( 'NONE', ( #3082 ), #47, .T. ) ;
#719 = DIRECTION ( 'NONE',  ( 1.000000000000000000, 0.000000000000000000, 0.000000000000000000 ) ) ;
#720 = CARTESIAN_POINT ( 'NONE',  ( -2.200000000000147171, -21.00000000000000000, 0.000000000000000000 ) ) ;
#721 = LINE ( 'NONE', #3845, #1921 ) ;
#722 = VERTEX_POINT ( 'NONE', #1179 ) ;
#723 = CARTESIAN_POINT ( 'NONE',  ( 2.200000000000000178, 21.00000000000000000, 0.000000000000000000 ) ) ;
#724 = ORIENTED_EDGE ( 'NONE', *, *, #2712, .F. ) ;
#725 = DIRECTION ( 'NONE',  ( 1.000000000000000000, 0.000000000000000000, 0.000000000000000000 ) ) ;
#726 = CONTEXT_DEPENDENT_SHAPE_REPRESENTATION ( #661, #88 ) ;
#727 = UNCERTAINTY_MEASURE_WITH_UNIT (LENGTH_MEASURE( 1.000000000000000082E-05 ), #3752, 'distance_accuracy_value', 'NONE');
#728 = FACE_OUTER_BOUND ( 'NONE', #1697, .T. ) ;
#729 = ORIENTED_EDGE ( 'NONE', *, *, #2255, .T. ) ;
#730 = DIRECTION ( 'NONE',  ( -0.000000000000000000, -0.000000000000000000, 1.000000000000000000 ) ) ;
#731 = ORIENTED_EDGE ( 'NONE', *, *, #279, .F. ) ;
#732 = EDGE_CURVE ( 'NONE', #3958, #3177, #2731, .T. ) ;
#733 = CARTESIAN_POINT ( 'NONE',  ( 2.168404344971008868E-16, 4.041451884327385002, -0.3126073911696460317 ) ) ;
#734 = DIRECTION ( 'NONE',  ( -0.000000000000000000, -0.000000000000000000, 1.000000000000000000 ) ) ;
#735 = ADVANCED_FACE ( 'NONE', ( #1842 ), #1161, .F. ) ;
#736 = DIRECTION ( 'NONE',  ( -1.000000000000000000, 0.000000000000000000, 0.000000000000000000 ) ) ;
#737 = LINE ( 'NONE', #1920, #1143 ) ;
#738 = ORIENTED_EDGE ( 'NONE', *, *, #2868, .F. ) ;
#739 = ADVANCED_FACE ( 'NONE', ( #870 ), #2791, .F. ) ;
#740 = CARTESIAN_POINT ( 'NONE',  ( 4.041451884327381450, 20.99999999999999645, 6.000000000000000000 ) ) ;
#741 = EDGE_LOOP ( 'NONE', ( #3464, #3348 ) ) ;
#742 = DIRECTION ( 'NONE',  ( -0.000000000000000000, -0.000000000000000000, -1.000000000000000000 ) ) ;
#743 = VECTOR ( 'NONE', #2679, 1000.000000000000000 ) ;
#744 = SHAPE_DEFINITION_REPRESENTATION ( #1183, #23 ) ;
#745 = DIRECTION ( 'NONE',  ( -0.000000000000000000, -0.000000000000000000, 1.000000000000000000 ) ) ;
#746 = FACE_OUTER_BOUND ( 'NONE', #2510, .T. ) ;
#748 = LINE ( 'NONE', #1990, #3252 ) ;
#747 = CONICAL_SURFACE ( 'NONE', #821, 2.000000000000000000, 0.9599310885968802554 ) ;
#749 = ORIENTED_EDGE ( 'NONE', *, *, #4058, .F. ) ;
#750 = EDGE_LOOP ( 'NONE', ( #69, #3992, #2570, #716 ) ) ;
#751 = VECTOR ( 'NONE', #2898, 1000.000000000000000 ) ;
#752 = LINE ( 'NONE', #97, #570 ) ;
#753 = DIRECTION ( 'NONE',  ( 0.000000000000000000, 0.000000000000000000, 1.000000000000000000 ) ) ;
#754 = EDGE_CURVE ( 'NONE', #4017, #1039, #1671, .T. ) ;
#755 = AXIS2_PLACEMENT_3D ( 'NONE', #2927, #1693, #3316 ) ;
#756 = VECTOR ( 'NONE', #3132, 1000.000000000000000 ) ;
#757 = DIRECTION ( 'NONE',  ( 0.000000000000000000, 0.000000000000000000, 1.000000000000000000 ) ) ;
#758 = VECTOR ( 'NONE', #471, 1000.000000000000000 ) ;
#759 = CARTESIAN_POINT ( 'NONE',  ( 1.482500161549134971E-15, 21.00000000000000000, 7.000000000000000000 ) ) ;
#760 = EDGE_CURVE ( 'NONE', #3204, #1840, #2262, .T. ) ;
#761 = CARTESIAN_POINT ( 'NONE',  ( -21.21815260572889628, -11.00000000000000000, 7.999999999999996447 ) ) ;
#762 = ORIENTED_EDGE ( 'NONE', *, *, #3015, .T. ) ;
#763 = CIRCLE ( 'NONE', #3052, 2.200000000000000622 ) ;
#764 =( GEOMETRIC_REPRESENTATION_CONTEXT ( 3 ) GLOBAL_UNCERTAINTY_ASSIGNED_CONTEXT ( ( #3891 ) ) GLOBAL_UNIT_ASSIGNED_CONTEXT ( ( #3648, #3007, #1491 ) ) REPRESENTATION_CONTEXT ( 'NONE', 'WORKASPACE' ) );
#765 = ORIENTED_EDGE ( 'NONE', *, *, #2231, .F. ) ;
#766 = FACE_OUTER_BOUND ( 'NONE', #3747, .T. ) ;
#767 = ADVANCED_FACE ( 'NONE', ( #3850 ), #2828, .T. ) ;
#768 = AXIS2_PLACEMENT_3D ( 'NONE', #335, #1948, #3829 ) ;
#769 = UNCERTAINTY_MEASURE_WITH_UNIT (LENGTH_MEASURE( 1.000000000000000082E-05 ), #3772, 'distance_accuracy_value', 'NONE');
#770 = ORIENTED_EDGE ( 'NONE', *, *, #3391, .F. ) ;
#771 = AXIS2_PLACEMENT_3D ( 'NONE', #2760, #1261, #245 ) ;
#772 =( LENGTH_UNIT ( ) NAMED_UNIT ( * ) SI_UNIT ( .MILLI., .METRE. ) );
#773 = CIRCLE ( 'NONE', #3060, 1.610000000000000098 ) ;
#774 = CYLINDRICAL_SURFACE ( 'NONE', #1667, 2.000000000000000000 ) ;
#775 = CARTESIAN_POINT ( 'NONE',  ( -34.94592146739513083, -11.00000000000000000, 7.999999999999996447 ) ) ;
#776 = LINE ( 'NONE', #3286, #956 ) ;
#777 = CIRCLE ( 'NONE', #2007, 24.50000000000000000 ) ;
#778 = ORIENTED_EDGE ( 'NONE', *, *, #2686, .T. ) ;
#779 =( NAMED_UNIT ( * ) SI_UNIT ( $, .STERADIAN. ) SOLID_ANGLE_UNIT ( ) );
#780 = DIRECTION ( 'NONE',  ( 0.000000000000000000, 0.000000000000000000, -1.000000000000000000 ) ) ;
#781 = DIRECTION ( 'NONE',  ( 1.000000000000000000, 0.000000000000000000, 0.000000000000000000 ) ) ;
#782 = CARTESIAN_POINT ( 'NONE',  ( 21.21815260572889628, 11.00000000000000000, 7.999999999999996447 ) ) ;
#783 = DIRECTION ( 'NONE',  ( 0.000000000000000000, -0.7071067811865462405, -0.7071067811865489050 ) ) ;
#784 = CYLINDRICAL_SURFACE ( 'NONE', #3181, 2.100000000000000977 ) ;
#785 = ORIENTED_EDGE ( 'NONE', *, *, #1188, .F. ) ;
#786 = EDGE_CURVE ( 'NONE', #3248, #2233, #1311, .T. ) ;
#787 = SURFACE_STYLE_FILL_AREA ( #514 ) ;
#788 = ORIENTED_EDGE ( 'NONE', *, *, #791, .T. ) ;
#789 = DIRECTION ( 'NONE',  ( 0.000000000000000000, 0.000000000000000000, -1.000000000000000000 ) ) ;
#790 = VERTEX_POINT ( 'NONE', #740 ) ;
#791 = EDGE_CURVE ( 'NONE', #95, #3486, #3870, .T. ) ;
#792 = PLANE ( 'NONE',  #3456 ) ;
#793 = CARTESIAN_POINT ( 'NONE',  ( 0.000000000000000000, 0.000000000000000000, 7.000000000000000000 ) ) ;
#794 = DIRECTION ( 'NONE',  ( 0.000000000000000000, 0.000000000000000000, 1.000000000000000000 ) ) ;
#795 = CARTESIAN_POINT ( 'NONE',  ( -4.041451884327528887, -20.99999999999997158, 3.000000000000000000 ) ) ;
#796 = VERTEX_POINT ( 'NONE', #107 ) ;
#797 = SURFACE_SIDE_STYLE ('',( #2364 ) ) ;
#798 = CARTESIAN_POINT ( 'NONE',  ( 2.000000000000000000, -2.168404344971008868E-15, 3.019999999999996909 ) ) ;
#799 = CARTESIAN_POINT ( 'NONE',  ( 4.041451884327233124, -21.00000000000002132, 6.000000000000000000 ) ) ;
#800 = FILL_AREA_STYLE_COLOUR ( '', #441 ) ;
#801 = CARTESIAN_POINT ( 'NONE',  ( 4.000000000000001776, 21.00000000000000000, 8.000000000000000000 ) ) ;
#802 = PLANE ( 'NONE',  #1744 ) ;
#803 = VERTEX_POINT ( 'NONE', #3158 ) ;
#804 = DIRECTION ( 'NONE',  ( 1.000000000000000000, 0.000000000000000000, 0.000000000000000000 ) ) ;
#805 = DIRECTION ( 'NONE',  ( 1.000000000000000000, 0.000000000000000000, 0.000000000000000000 ) ) ;
#806 = ORIENTED_EDGE ( 'NONE', *, *, #257, .T. ) ;
#807 = CARTESIAN_POINT ( 'NONE',  ( -1.650000000000000133, 2.020667218593133001E-16, -0.2450726383733985714 ) ) ;
#808 = PRODUCT_DEFINITION_CONTEXT ( 'detailed design', #3544, 'design' ) ;
#809 = ADVANCED_FACE ( 'NONE', ( #2274 ), #3317, .T. ) ;
#810 = ORIENTED_EDGE ( 'NONE', *, *, #689, .F. ) ;
#811 = ORIENTED_EDGE ( 'NONE', *, *, #3757, .T. ) ;
#812 = SURFACE_STYLE_FILL_AREA ( #2690 ) ;
#813 = CARTESIAN_POINT ( 'NONE',  ( 28.34815892638131984, 28.54826303069430438, 66.35921123303852198 ) ) ;
#814 = CARTESIAN_POINT ( 'NONE',  ( 2.000000000000000000, 1.743597812952664805, -4.011548038196366406E-15 ) ) ;
#815 = CARTESIAN_POINT ( 'NONE',  ( 2.020725942163571265, -17.50000000000001066, 3.000000000000000000 ) ) ;
#816 = ADVANCED_FACE ( 'NONE', ( #22, #3792 ), #1342, .T. ) ;
#817 = LINE ( 'NONE', #795, #1495 ) ;
#818 = EDGE_LOOP ( 'NONE', ( #3869, #2608, #2215, #24 ) ) ;
#819 = AXIS2_PLACEMENT_3D ( 'NONE', #2910, #1036, #2589 ) ;
#820 =( LENGTH_UNIT ( ) NAMED_UNIT ( * ) SI_UNIT ( .MILLI., .METRE. ) );
#821 = AXIS2_PLACEMENT_3D ( 'NONE', #1598, #1009, #2885 ) ;
#822 = CARTESIAN_POINT ( 'NONE',  ( 8.632990309718868716, 29.86480396914314994, 52.75859488396194763 ) ) ;
#823 = ADVANCED_FACE ( 'NONE', ( #394 ), #1428, .T. ) ;
#824 = EDGE_LOOP ( 'NONE', ( #2748, #1709 ) ) ;
#825 = FACE_OUTER_BOUND ( 'NONE', #973, .T. ) ;
#826 = FACE_OUTER_BOUND ( 'NONE', #2081, .T. ) ;
#827 = AXIS2_PLACEMENT_3D ( 'NONE', #508, #2637, #3883 ) ;
#828 = CARTESIAN_POINT ( 'NONE',  ( -1.481247163929606854E-13, -21.00000000000000000, 0.000000000000000000 ) ) ;
#829 =( GEOMETRIC_REPRESENTATION_CONTEXT ( 3 ) GLOBAL_UNCERTAINTY_ASSIGNED_CONTEXT ( ( #1660 ) ) GLOBAL_UNIT_ASSIGNED_CONTEXT ( ( #1569, #1287, #2236 ) ) REPRESENTATION_CONTEXT ( 'NONE', 'WORKASPACE' ) );
#830 = PLANE ( 'NONE',  #3715 ) ;
#831 = ORIENTED_EDGE ( 'NONE', *, *, #3800, .T. ) ;
#832 = CARTESIAN_POINT ( 'NONE',  ( 49.66880619610530090, 32.78968438693159726, 55.55921123303796350 ) ) ;
#833 = VECTOR ( 'NONE', #197, 1000.000000000000000 ) ;
#834 = VECTOR ( 'NONE', #3996, 1000.000000000000000 ) ;
#835 = ORIENTED_EDGE ( 'NONE', *, *, #2635, .T. ) ;
#836 = EDGE_CURVE ( 'NONE', #600, #1331, #889, .T. ) ;
#837 = VECTOR ( 'NONE', #1582, 1000.000000000000000 ) ;
#838 = FACE_OUTER_BOUND ( 'NONE', #2941, .T. ) ;
#839 = VERTEX_POINT ( 'NONE', #1326 ) ;
#840 =( NAMED_UNIT ( * ) PLANE_ANGLE_UNIT ( ) SI_UNIT ( $, .RADIAN. ) );
#841 = CARTESIAN_POINT ( 'NONE',  ( -3.500000000000000000, -1.692071238847145498, -2.982267049545492821 ) ) ;
#842 = AXIS2_PLACEMENT_3D ( 'NONE', #1561, #2806, #2506 ) ;
#843 = MECHANICAL_DESIGN_GEOMETRIC_PRESENTATION_REPRESENTATION (  '', ( #3127 ), #635 ) ;
#844 = EDGE_CURVE ( 'NONE', #994, #1980, #707, .T. ) ;
#845 = SHAPE_REPRESENTATION_RELATIONSHIP ( 'NONE' , 'NONE' ,  #1156, #1599 ) ;
#846 = AXIS2_PLACEMENT_3D ( 'NONE', #2820, #3779, #965 ) ;
#847 = DIRECTION ( 'NONE',  ( 1.000000000000000000, 0.000000000000000000, 0.000000000000000000 ) ) ;
#848 = VERTEX_POINT ( 'NONE', #1641 ) ;
#849 = EDGE_CURVE ( 'NONE', #2480, #3946, #1655, .T. ) ;
#850 = CARTESIAN_POINT ( 'NONE',  ( 3.500000000000000000, 2.020725942163686728, -3.200000000000000178 ) ) ;
#851 = FACE_OUTER_BOUND ( 'NONE', #2477, .T. ) ;
#852 = CYLINDRICAL_SURFACE ( 'NONE', #2063, 2.100000000000000533 ) ;
#853 = CARTESIAN_POINT ( 'NONE',  ( -2.100000000000148859, -21.00000000000000000, 8.000000000000000000 ) ) ;
#854 = EDGE_LOOP ( 'NONE', ( #3802, #2811 ) ) ;
#855 = CARTESIAN_POINT ( 'NONE',  ( 28.34815892638131984, 28.74826303069430367, 66.35921123303852198 ) ) ;
#856 = CARTESIAN_POINT ( 'NONE',  ( 7.092476052453061897, 33.46698391825108843, 55.43190065238979258 ) ) ;
#857 = LINE ( 'NONE', #3580, #2659 ) ;
#858 = EDGE_LOOP ( 'NONE', ( #1483, #2259, #2410, #908, #132 ) ) ;
#859 = CARTESIAN_POINT ( 'NONE',  ( 49.62406856998271820, 32.57755235257562987, 55.47134326739393373 ) ) ;
#860 = PRODUCT_DEFINITION ( 'UNKNOWN', '', #2071, #2978 ) ;
#861 = CARTESIAN_POINT ( 'NONE',  ( 28.34815892638117063, 28.54826303069430438, 45.35921123303847224 ) ) ;
#862 = EDGE_CURVE ( 'NONE', #3009, #1699, #304, .T. ) ;
#863 = VERTEX_POINT ( 'NONE', #2250 ) ;
#864 = CARTESIAN_POINT ( 'NONE',  ( 18.60671921645509030, 15.00000000000002309, 12.00000000000000000 ) ) ;
#865 = EDGE_CURVE ( 'NONE', #2068, #863, #3055, .T. ) ;
#866 = DIRECTION ( 'NONE',  ( 0.000000000000000000, 0.000000000000000000, -1.000000000000000000 ) ) ;
#867 = ORIENTED_EDGE ( 'NONE', *, *, #3783, .T. ) ;
#868 = LINE ( 'NONE', #2167, #1600 ) ;
#869 = EDGE_CURVE ( 'NONE', #265, #4033, #174, .T. ) ;
#870 = FACE_OUTER_BOUND ( 'NONE', #988, .T. ) ;
#871 = ORIENTED_EDGE ( 'NONE', *, *, #2574, .T. ) ;
#872 = CARTESIAN_POINT ( 'NONE',  ( 3.348158926381183953, 33.36996108281691420, 55.55921123303854614 ) ) ;
#873 = SURFACE_SIDE_STYLE ('',( #1568 ) ) ;
#874 = DIRECTION ( 'NONE',  ( 0.000000000000000000, 0.000000000000000000, -1.000000000000000000 ) ) ;
#875 = APPLICATION_CONTEXT ( 'automotive_design' ) ;
#876 = CYLINDRICAL_SURFACE ( 'NONE', #2389, 4.000000000000000000 ) ;
#877 = CARTESIAN_POINT ( 'NONE',  ( 0.000000000000000000, 0.000000000000000000, 8.000000000000000000 ) ) ;
#878 = ORIENTED_EDGE ( 'NONE', *, *, #3165, .T. ) ;
#879 = EDGE_CURVE ( 'NONE', #796, #1071, #2066, .T. ) ;
#880 = CARTESIAN_POINT ( 'NONE',  ( -3.500000000000000000, 0.3416723310689521731, -3.200000000000001510 ) ) ;
#881 = FACE_OUTER_BOUND ( 'NONE', #1074, .T. ) ;
#882 = DIRECTION ( 'NONE',  ( 1.000000000000000000, 0.000000000000000000, 0.000000000000000000 ) ) ;
#883 = AXIS2_PLACEMENT_3D ( 'NONE', #2977, #1155, #168 ) ;
#884 = EDGE_CURVE ( 'NONE', #3609, #386, #3494, .T. ) ;
#885 = CARTESIAN_POINT ( 'NONE',  ( -1.750000000000005329, 3.031088913245532979, 0.000000000000000000 ) ) ;
#886 = VERTEX_POINT ( 'NONE', #2399 ) ;
#887 = AXIS2_PLACEMENT_3D ( 'NONE', #405, #3443, #327 ) ;
#888 = CARTESIAN_POINT ( 'NONE',  ( -2.047034997319581162, -2.859595677584346074, -3.199999999999996625 ) ) ;
#889 = B_SPLINE_CURVE_WITH_KNOTS ( 'NONE', 3,
 ( #1603, #3534, #1963, #2571, #1284, #3215 ),
 .UNSPECIFIED., .F., .F.,
 ( 4, 2, 4 ),
 ( 0.002044882221487524104, 0.003063384235218492846, 0.004081886248949461587 ),
 .UNSPECIFIED. ) ;
#890 = ORIENTED_EDGE ( 'NONE', *, *, #2566, .T. ) ;
#891 = AXIS2_PLACEMENT_3D ( 'NONE', #2451, #902, #3334 ) ;
#892 = EDGE_CURVE ( 'NONE', #200, #1969, #2645, .T. ) ;
#893 = CARTESIAN_POINT ( 'NONE',  ( 0.000000000000000000, 0.000000000000000000, 6.000000000000000000 ) ) ;
#894 = EDGE_LOOP ( 'NONE', ( #479, #1462, #975, #1806 ) ) ;
#895 = FACE_OUTER_BOUND ( 'NONE', #3277, .T. ) ;
#896 = PRESENTATION_LAYER_ASSIGNMENT (  '', '', ( #1480 ) ) ;
#897 = AXIS2_PLACEMENT_3D ( 'NONE', #2135, #874, #1140 ) ;
#898 = CARTESIAN_POINT ( 'NONE',  ( 28.34815892638131984, 28.74826303069420064, 87.35921123303849356 ) ) ;
#899 = PLANE ( 'NONE',  #170 ) ;
#900 = AXIS2_PLACEMENT_3D ( 'NONE', #1966, #3643, #1137 ) ;
#901 = CARTESIAN_POINT ( 'NONE',  ( 9.774908172026901099, 28.54826303069430438, 51.31778987680116444 ) ) ;
#902 = DIRECTION ( 'NONE',  ( -4.383936695013188063E-29, 1.000000000000000000, 5.520779089334829130E-43 ) ) ;
#903 = AXIS2_PLACEMENT_3D ( 'NONE', #2087, #4010, #2438 ) ;
#904 =( LENGTH_UNIT ( ) NAMED_UNIT ( * ) SI_UNIT ( .MILLI., .METRE. ) );
#905 = CARTESIAN_POINT ( 'NONE',  ( -2.200000000000000178, 21.00000000000000000, 3.000000000000000000 ) ) ;
#906 = DIRECTION ( 'NONE',  ( 1.000000000000000000, 0.000000000000000000, 0.000000000000000000 ) ) ;
#907 = CARTESIAN_POINT ( 'NONE',  ( 3.500000000000000000, 0.3416723310689526172, 2.515687853345271021E-16 ) ) ;
#908 = ORIENTED_EDGE ( 'NONE', *, *, #334, .T. ) ;
#909 = ORIENTED_EDGE ( 'NONE', *, *, #513, .F. ) ;
#910 = EDGE_CURVE ( 'NONE', #95, #1580, #2856, .T. ) ;
#911 =( NAMED_UNIT ( * ) SI_UNIT ( $, .STERADIAN. ) SOLID_ANGLE_UNIT ( ) );
#912 = DIRECTION ( 'NONE',  ( 1.000000000000000000, 0.000000000000000000, 0.000000000000000000 ) ) ;
#913 = VERTEX_POINT ( 'NONE', #3017 ) ;
#914 = DIRECTION ( 'NONE',  ( 0.000000000000000000, 0.000000000000000000, 1.000000000000000000 ) ) ;
#915 = CARTESIAN_POINT ( 'NONE',  ( 28.34815892638131984, 28.54826303069430438, 66.35921123303852198 ) ) ;
#916 = EDGE_CURVE ( 'NONE', #1604, #2371, #317, .T. ) ;
#917 = ORIENTED_EDGE ( 'NONE', *, *, #2415, .T. ) ;
#918 = CARTESIAN_POINT ( 'NONE',  ( 49.65398456240544789, 33.44059256946542291, 55.53000101403649325 ) ) ;
#919 = CARTESIAN_POINT ( 'NONE',  ( 0.000000000000000000, 0.000000000000000000, 0.000000000000000000 ) ) ;
#920 = CARTESIAN_POINT ( 'NONE',  ( 7.027511656657068784, 32.78968438693159726, 55.55921123303850351 ) ) ;
#921 = ORIENTED_EDGE ( 'NONE', *, *, #1883, .F. ) ;
#922 = EDGE_LOOP ( 'NONE', ( #1299, #2414, #1779, #2280 ) ) ;
#923 = CARTESIAN_POINT ( 'NONE',  ( -2.641584726159505513E-13, -21.00000000000000000, 12.00000000000000000 ) ) ;
#924 = CARTESIAN_POINT ( 'NONE',  ( 1.750000000000005329, -3.031088913245532979, -3.200000000000000178 ) ) ;
#925 = CARTESIAN_POINT ( 'NONE',  ( -25.25000000000000000, 0.000000000000000000, 4.000000000000000000 ) ) ;
#926 = DIRECTION ( 'NONE',  ( -1.000000000000000000, -0.000000000000000000, -0.000000000000000000 ) ) ;
#927 = ORIENTED_EDGE ( 'NONE', *, *, #1886, .F. ) ;
#928 = CARTESIAN_POINT ( 'NONE',  ( -34.94592146739513083, -11.00000000000000000, 4.000000000000000000 ) ) ;
#929 = CARTESIAN_POINT ( 'NONE',  ( 3.500000000000000444, 0.000000000000000000, -3.200000000000000178 ) ) ;
#930 = VERTEX_POINT ( 'NONE', #3937 ) ;
#931 = CARTESIAN_POINT ( 'NONE',  ( -34.94592146739513083, 11.00000000000000000, 7.999999999999996447 ) ) ;
#932 = VERTEX_POINT ( 'NONE', #455 ) ;
#933 = CARTESIAN_POINT ( 'NONE',  ( 2.000000000000000000, -1.307698359714504432, 0.7550000000000033351 ) ) ;
#934 = EDGE_CURVE ( 'NONE', #1331, #465, #145, .T. ) ;
#935 = DIRECTION ( 'NONE',  ( -0.000000000000000000, -0.000000000000000000, 1.000000000000000000 ) ) ;
#936 = CARTESIAN_POINT ( 'NONE',  ( 15.49193338482966809, 11.00000000000000000, 7.000000000000000000 ) ) ;
#937 = EDGE_CURVE ( 'NONE', #2224, #984, #1745, .T. ) ;
#938 = CARTESIAN_POINT ( 'NONE',  ( 3.500000000000000000, 2.020725942163697830, -2.887392608830354312 ) ) ;
#939 = ORIENTED_EDGE ( 'NONE', *, *, #3446, .T. ) ;
#940 = EDGE_CURVE ( 'NONE', #171, #578, #1095, .T. ) ;
#941 = CARTESIAN_POINT ( 'NONE',  ( -3.500000000000000444, 0.6879904500768303510, -0.03016324292411974931 ) ) ;
#942 = CARTESIAN_POINT ( 'NONE',  ( 49.56631153210994256, 28.54826303069430438, 55.35921123303796776 ) ) ;
#943 = ORIENTED_EDGE ( 'NONE', *, *, #1848, .T. ) ;
#944 = DIRECTION ( 'NONE',  ( -0.8660254037844384856, 0.5000000000000003331, 0.000000000000000000 ) ) ;
#945 = CIRCLE ( 'NONE', #3298, 3.499999999999999556 ) ;
#946 = CARTESIAN_POINT ( 'NONE',  ( -20.48282771154164550, -12.41838507451423723, 9.418385074514224797 ) ) ;
#947 = ORIENTED_EDGE ( 'NONE', *, *, #3954, .F. ) ;
#948 = STYLED_ITEM ( 'NONE', ( #1856 ), #2701 ) ;
#949 = DIRECTION ( 'NONE',  ( 0.000000000000000000, 0.000000000000000000, 1.000000000000000000 ) ) ;
#950 = ORIENTED_EDGE ( 'NONE', *, *, #328, .T. ) ;
#951 = SHAPE_REPRESENTATION_RELATIONSHIP ( 'NONE' , 'NONE' ,  #3562, #2965 ) ;
#952 = AXIS2_PLACEMENT_3D ( 'NONE', #815, #3878, #1968 ) ;
#953 = CARTESIAN_POINT ( 'NONE',  ( 7.110124646753392064, 33.44984038498302681, 55.39764162525367652 ) ) ;
#954 = AXIS2_PLACEMENT_3D ( 'NONE', #3040, #228, #1222 ) ;
#955 = CARTESIAN_POINT ( 'NONE',  ( 0.000000000000000000, 0.000000000000000000, 4.000000000000000000 ) ) ;
#956 = VECTOR ( 'NONE', #1728, 1000.000000000000000 ) ;
#957 = CARTESIAN_POINT ( 'NONE',  ( -4.041451884327380562, 20.99999999999999289, 3.000000000000000000 ) ) ;
#958 = AXIS2_PLACEMENT_3D ( 'NONE', #1040, #1645, #2612 ) ;
#959 = ORIENTED_EDGE ( 'NONE', *, *, #1659, .T. ) ;
#960 = ORIENTED_EDGE ( 'NONE', *, *, #710, .T. ) ;
#961 = COLOUR_RGB ( '',0.7764705882352941346, 0.7568627450980391913, 0.7372549019607843590 ) ;
#962 = ADVANCED_FACE ( 'NONE', ( #3955 ), #3656, .F. ) ;
#963 = B_SPLINE_CURVE_WITH_KNOTS ( 'NONE', 3,
 ( #2774, #603, #3676, #1773 ),
 .UNSPECIFIED., .F., .F.,
 ( 4, 4 ),
 ( 2.380739282177039268E-07, 0.002044882221487518900 ),
 .UNSPECIFIED. ) ;
#964 = CIRCLE ( 'NONE', #2537, 4.000000000000000000 ) ;
#965 = DIRECTION ( 'NONE',  ( 1.000000000000000000, 0.000000000000000000, -0.000000000000000000 ) ) ;
#966 = CARTESIAN_POINT ( 'NONE',  ( 0.000000000000000000, 0.000000000000000000, -3.200000000000000178 ) ) ;
#967 = EDGE_CURVE ( 'NONE', #493, #1769, #2197, .T. ) ;
#968 = AXIS2_PLACEMENT_3D ( 'NONE', #3531, #3805, #2846 ) ;
#969 = VECTOR ( 'NONE', #1212, 1000.000000000000114 ) ;
#970 = LINE ( 'NONE', #64, #1553 ) ;
#971 = CARTESIAN_POINT ( 'NONE',  ( 4.000000000000003553, 0.000000000000000000, 0.000000000000000000 ) ) ;
#972 = AXIS2_PLACEMENT_3D ( 'NONE', #2083, #1499, #2756 ) ;
#973 = EDGE_LOOP ( 'NONE', ( #331, #4042, #1093, #3978 ) ) ;
#974 = DIRECTION ( 'NONE',  ( -0.000000000000000000, -0.000000000000000000, 1.000000000000000000 ) ) ;
#975 = ORIENTED_EDGE ( 'NONE', *, *, #260, .F. ) ;
#976 = CARTESIAN_POINT ( 'NONE',  ( 0.000000000000000000, 0.000000000000000000, -3.200000000000000178 ) ) ;
#977 = ITEM_DEFINED_TRANSFORMATION ( 'NONE', 'NONE', #3925,  #3920 ) ;
#978 = LINE ( 'NONE', #1607, #2391 ) ;
#979 = DIRECTION ( 'NONE',  ( 0.000000000000000000, 0.000000000000000000, 1.000000000000000000 ) ) ;
#980 = CARTESIAN_POINT ( 'NONE',  ( -4.041451884327528887, -20.99999999999997158, 3.000000000000000000 ) ) ;
#981 = CARTESIAN_POINT ( 'NONE',  ( 49.62536387073426170, 33.46966277476111884, 55.47386578247824929 ) ) ;
#982 = CARTESIAN_POINT ( 'NONE',  ( 3.500000000000000000, -1.692071238847144832, -0.2177329504545068017 ) ) ;
#983 = ORIENTED_EDGE ( 'NONE', *, *, #605, .T. ) ;
#984 = VERTEX_POINT ( 'NONE', #1130 ) ;
#985 = CARTESIAN_POINT ( 'NONE',  ( 9.605102126383751937, 28.63613099633834480, 51.52992191115713183 ) ) ;
#986 = CARTESIAN_POINT ( 'NONE',  ( 2.000000000000000000, -1.743597812952675019, 0.000000000000000000 ) ) ;
#987 = ADVANCED_FACE ( 'NONE', ( #492 ), #1092, .T. ) ;
#988 = EDGE_LOOP ( 'NONE', ( #1366, #2453, #3808, #2765 ) ) ;
#989 = CARTESIAN_POINT ( 'NONE',  ( 46.92140968073536555, 28.54826303069430438, 51.31778987680068838 ) ) ;
#990 = DIRECTION ( 'NONE',  ( -0.000000000000000000, -0.000000000000000000, -1.000000000000000000 ) ) ;
#991 = EDGE_CURVE ( 'NONE', #3533, #1071, #1937, .T. ) ;
#992 = VERTEX_POINT ( 'NONE', #436 ) ;
#993 = DIRECTION ( 'NONE',  ( 0.000000000000000000, -1.000000000000000000, 0.000000000000000000 ) ) ;
#994 = VERTEX_POINT ( 'NONE', #2955 ) ;
#995 = DIRECTION ( 'NONE',  ( -1.000000000000000000, 0.000000000000000000, 0.000000000000000000 ) ) ;
#996 = EDGE_CURVE ( 'NONE', #1819, #587, #1461, .T. ) ;
#997 = CONTEXT_DEPENDENT_SHAPE_REPRESENTATION ( #1080, #3559 ) ;
#998 = FILL_AREA_STYLE_COLOUR ( '', #2590 ) ;
#999 = FACE_OUTER_BOUND ( 'NONE', #1384, .T. ) ;
#1000 = CARTESIAN_POINT ( 'NONE',  ( 21.21815260572889628, -11.00000000000000000, 4.000000000000000000 ) ) ;
#1001 = ORIENTED_EDGE ( 'NONE', *, *, #713, .T. ) ;
#1002 = CYLINDRICAL_SURFACE ( 'NONE', #1930, 2.200000000000000178 ) ;
#1003 = ORIENTED_EDGE ( 'NONE', *, *, #313, .T. ) ;
#1004 = ORIENTED_EDGE ( 'NONE', *, *, #3207, .T. ) ;
#1005 = FILL_AREA_STYLE ('',( #1575 ) ) ;
#1006 = CARTESIAN_POINT ( 'NONE',  ( -0.5725525826504821447, -3.710888496608923504, -3.078243469714885716 ) ) ;
#1007 = AXIS2_PLACEMENT_3D ( 'NONE', #1200, #1526, #3768 ) ;
#1008 = LINE ( 'NONE', #78, #1099 ) ;
#1009 = DIRECTION ( 'NONE',  ( 0.000000000000000000, 0.000000000000000000, -1.000000000000000000 ) ) ;
#1010 = AXIS2_PLACEMENT_3D ( 'NONE', #3706, #2473, #1546 ) ;
#1011 = EDGE_LOOP ( 'NONE', ( #2646, #708, #3076, #1991, #1266, #2452 ) ) ;
#1012 = ADVANCED_FACE ( 'NONE', ( #1067 ), #830, .F. ) ;
#1013 = DIRECTION ( 'NONE',  ( 1.000000000000000000, 0.000000000000000000, 0.000000000000000000 ) ) ;
#1014 = ORIENTED_EDGE ( 'NONE', *, *, #204, .T. ) ;
#1015 = CIRCLE ( 'NONE', #358, 19.00000000000000000 ) ;
#1016 = CARTESIAN_POINT ( 'NONE',  ( 2.000000000000000000, 0.8717989064763280727, -1.510000000000003118 ) ) ;
#1017 = APPLICATION_PROTOCOL_DEFINITION ( 'draft international standard', 'automotive_design', 1998, #2038 ) ;
#1018 = AXIS2_PLACEMENT_3D ( 'NONE', #1735, #753, #3273 ) ;
#1019 = ADVANCED_FACE ( 'NONE', ( #2067 ), #3326, .F. ) ;
#1020 = CARTESIAN_POINT ( 'NONE',  ( 49.66880619610530090, 33.36996108281691420, 55.55921123303796350 ) ) ;
#1021 = CARTESIAN_POINT ( 'NONE',  ( 0.000000000000000000, 0.000000000000000000, 12.00000000000000000 ) ) ;
#1022 = CIRCLE ( 'NONE', #3712, 19.00000000000000000 ) ;
#1023 = DIRECTION ( 'NONE',  ( 0.000000000000000000, 0.000000000000000000, 1.000000000000000000 ) ) ;
#1024 = ORIENTED_EDGE ( 'NONE', *, *, #879, .T. ) ;
#1025 = VECTOR ( 'NONE', #3753, 1000.000000000000000 ) ;
#1026 = DIRECTION ( 'NONE',  ( -0.000000000000000000, -0.000000000000000000, -1.000000000000000000 ) ) ;
#1027 = AXIS2_PLACEMENT_3D ( 'NONE', #2442, #949, #2106 ) ;
#1028 = AXIS2_PLACEMENT_3D ( 'NONE', #522, #2427, #2695 ) ;
#1029 = VECTOR ( 'NONE', #2624, 1000.000000000000000 ) ;
#1030 = CARTESIAN_POINT ( 'NONE',  ( 3.500000000000000000, 2.020725942163686728, -3.200000000000000178 ) ) ;
#1031 = CARTESIAN_POINT ( 'NONE',  ( 0.000000000000000000, 0.000000000000000000, -3.200000000000000178 ) ) ;
#1032 = VECTOR ( 'NONE', #3786, 1000.000000000000114 ) ;
#1033 = VERTEX_POINT ( 'NONE', #2723 ) ;
#1034 = DIRECTION ( 'NONE',  ( 0.000000000000000000, 0.000000000000000000, 1.000000000000000000 ) ) ;
#1035 = ORIENTED_EDGE ( 'NONE', *, *, #3856, .T. ) ;
#1036 = DIRECTION ( 'NONE',  ( -0.000000000000000000, -0.000000000000000000, 1.000000000000000000 ) ) ;
#1037 = SHAPE_DEFINITION_REPRESENTATION ( #584, #2455 ) ;
#1038 = EDGE_CURVE ( 'NONE', #3801, #3403, #3428, .T. ) ;
#1039 = VERTEX_POINT ( 'NONE', #3034 ) ;
#1040 = CARTESIAN_POINT ( 'NONE',  ( -1.466422162314116009E-13, -21.00000000000000000, 0.000000000000000000 ) ) ;
#1041 = CARTESIAN_POINT ( 'NONE',  ( 0.000000000000000000, 4.041334437186265017E-16, -3.099999999999999645 ) ) ;
#1042 = EDGE_CURVE ( 'NONE', #498, #3301, #3519, .T. ) ;
#1043 = ORIENTED_EDGE ( 'NONE', *, *, #2966, .T. ) ;
#1044 = CARTESIAN_POINT ( 'NONE',  ( 4.041451884327381450, 20.99999999999999645, 3.000000000000000000 ) ) ;
#1045 = CARTESIAN_POINT ( 'NONE',  ( 2.933510730179768267, -23.71928571428576049, 10.00000000000000000 ) ) ;
#1046 = EDGE_CURVE ( 'NONE', #1978, #1057, #1494, .T. ) ;
#1047 = DIRECTION ( 'NONE',  ( -0.000000000000000000, -0.000000000000000000, 1.000000000000000000 ) ) ;
#1048 = FACE_OUTER_BOUND ( 'NONE', #1825, .T. ) ;
#1049 = EDGE_LOOP ( 'NONE', ( #2046, #191, #3941, #2633 ) ) ;
#1050 = DIRECTION ( 'NONE',  ( 0.000000000000000000, -0.5000000000000009992, -0.8660254037844380415 ) ) ;
#1051 = VERTEX_POINT ( 'NONE', #4051 ) ;
#1052 = CARTESIAN_POINT ( 'NONE',  ( 24.00000000000000000, 2.210487472460969740E-16, -1.610000000000000098 ) ) ;
#1053 = EDGE_CURVE ( 'NONE', #3505, #1566, #2943, .T. ) ;
#1054 = CARTESIAN_POINT ( 'NONE',  ( 0.000000000000000000, 0.000000000000000000, 4.000000000000000000 ) ) ;
#1055 = ORIENTED_EDGE ( 'NONE', *, *, #1757, .T. ) ;
#1056 = CARTESIAN_POINT ( 'NONE',  ( 2.020725942163690725, 17.49999999999999645, 3.000000000000000000 ) ) ;
#1057 = VERTEX_POINT ( 'NONE', #1820 ) ;
#1058 = ORIENTED_EDGE ( 'NONE', *, *, #427, .F. ) ;
#1059 = EDGE_CURVE ( 'NONE', #1521, #2676, #3389, .T. ) ;
#1060 = DIRECTION ( 'NONE',  ( 1.000000000000000000, 4.383936695013188063E-29, -1.255609373087974576E-14 ) ) ;
#1061 = LINE ( 'NONE', #1756, #550 ) ;
#1062 = EDGE_CURVE ( 'NONE', #1939, #193, #3340, .T. ) ;
#1063 = DIRECTION ( 'NONE',  ( 1.000000000000000000, 0.000000000000000000, 0.000000000000000000 ) ) ;
#1064 = DIRECTION ( 'NONE',  ( -0.000000000000000000, -0.000000000000000000, 1.000000000000000000 ) ) ;
#1065 = CARTESIAN_POINT ( 'NONE',  ( -2.343682934607771440, -2.688325911136462132, -0.02993401039714159786 ) ) ;
#1066 = ORIENTED_EDGE ( 'NONE', *, *, #3726, .T. ) ;
#1067 = FACE_OUTER_BOUND ( 'NONE', #2433, .T. ) ;
#1068 = ORIENTED_EDGE ( 'NONE', *, *, #1290, .F. ) ;
#1069 = FACE_OUTER_BOUND ( 'NONE', #1194, .T. ) ;
#1070 = ORIENTED_EDGE ( 'NONE', *, *, #849, .F. ) ;
#1071 = VERTEX_POINT ( 'NONE', #1244 ) ;
#1072 = CIRCLE ( 'NONE', #1721, 3.499999999999999556 ) ;
#1073 = DIRECTION ( 'NONE',  ( 4.383936695013188063E-29, -1.000000000000000000, -5.520779089334829130E-43 ) ) ;
#1074 = EDGE_LOOP ( 'NONE', ( #1131, #2313, #3281, #878 ) ) ;
#1075 = LINE ( 'NONE', #1056, #2717 ) ;
#1076 = CIRCLE ( 'NONE', #3906, 2.100000000000000977 ) ;
#1077 = PRODUCT_RELATED_PRODUCT_CATEGORY ( 'part', '', ( #1471 ) ) ;
#1078 = ORIENTED_EDGE ( 'NONE', *, *, #2838, .F. ) ;
#1079 = VERTEX_POINT ( 'NONE', #2487 ) ;
#1080 =( REPRESENTATION_RELATIONSHIP ('NONE','NONE', #2455, #3292 ) REPRESENTATION_RELATIONSHIP_WITH_TRANSFORMATION ( #1629 )SHAPE_REPRESENTATION_RELATIONSHIP( ) );
#1081 = DIRECTION ( 'NONE',  ( 1.000000000000000000, 0.000000000000000000, 0.000000000000000000 ) ) ;
#1082 = LINE ( 'NONE', #3904, #3376 ) ;
#1083 = EDGE_CURVE ( 'NONE', #1980, #1592, #532, .T. ) ;
#1084 = AXIS2_PLACEMENT_3D ( 'NONE', #1813, #3107, #2095 ) ;
#1085 = PLANE ( 'NONE',  #2469 ) ;
#1086 = AXIS2_PLACEMENT_3D ( 'NONE', #2446, #3161, #3130 ) ;
#1087 = DIRECTION ( 'NONE',  ( -4.383936695013188063E-29, 1.000000000000000000, 5.520779089334829130E-43 ) ) ;
#1088 = DIRECTION ( 'NONE',  ( 0.000000000000000000, 0.000000000000000000, 1.000000000000000000 ) ) ;
#1089 = EDGE_CURVE ( 'NONE', #1216, #1136, #377, .T. ) ;
#1090 = VERTEX_POINT ( 'NONE', #3077 ) ;
#1091 = AXIS2_PLACEMENT_3D ( 'NONE', #1241, #3742, #882 ) ;
#1092 = PLANE ( 'NONE',  #3384 ) ;
#1093 = ORIENTED_EDGE ( 'NONE', *, *, #3048, .T. ) ;
#1094 = DIRECTION ( 'NONE',  ( 0.000000000000000000, -0.8660254037844390407, -0.4999999999999993339 ) ) ;
#1095 = CIRCLE ( 'NONE', #1619, 2.100000000000000533 ) ;
#1096 = PRODUCT_DEFINITION_FORMATION_WITH_SPECIFIED_SOURCE ( 'ANY', '', #2905, .NOT_KNOWN. ) ;
#1097 = UNCERTAINTY_MEASURE_WITH_UNIT (LENGTH_MEASURE( 1.000000000000000082E-05 ), #904, 'distance_accuracy_value', 'NONE');
#1098 = ORIENTED_EDGE ( 'NONE', *, *, #2352, .T. ) ;
#1099 = VECTOR ( 'NONE', #390, 1000.000000000000000 ) ;
#1100 = CARTESIAN_POINT ( 'NONE',  ( -2.020725942163813293, -17.49999999999998579, 3.000000000000000000 ) ) ;
#1101 = PRESENTATION_STYLE_ASSIGNMENT (( #1468 ) ) ;
#1102 = PLANE ( 'NONE',  #3309 ) ;
#1103 = AXIS2_PLACEMENT_3D ( 'NONE', #2949, #1355, #3251 ) ;
#1104 = ORIENTED_EDGE ( 'NONE', *, *, #80, .T. ) ;
#1105 = VERTEX_POINT ( 'NONE', #1500 ) ;
#1106 = FACE_OUTER_BOUND ( 'NONE', #3035, .T. ) ;
#1107 = CARTESIAN_POINT ( 'NONE',  ( 9.605102126383751937, 28.63613099633834480, 51.52992191115713183 ) ) ;
#1108 = EDGE_CURVE ( 'NONE', #3177, #350, #1193, .T. ) ;
#1109 = CARTESIAN_POINT ( 'NONE',  ( 0.6089803659953251236, 18.99023809523809447, 0.000000000000000000 ) ) ;
#1110 = DIRECTION ( 'NONE',  ( 0.5000000000000002220, 0.8660254037844384856, 0.000000000000000000 ) ) ;
#1111 = DIRECTION ( 'NONE',  ( -0.5000000000000061062, -0.8660254037844351549, 0.000000000000000000 ) ) ;
#1112 = ORIENTED_EDGE ( 'NONE', *, *, #2121, .T. ) ;
#1113 = ADVANCED_FACE ( 'NONE', ( #2742 ), #3119, .F. ) ;
#1114 = DIRECTION ( 'NONE',  ( 1.000000000000000000, 0.000000000000000000, 0.000000000000000000 ) ) ;
#1115 = EDGE_LOOP ( 'NONE', ( #1058, #1790, #3642 ) ) ;
#1116 = DIRECTION ( 'NONE',  ( -0.5000000000000061062, -0.8660254037844351549, 0.000000000000000000 ) ) ;
#1117 = EDGE_LOOP ( 'NONE', ( #681, #3830, #2308, #1207, #629, #3156 ) ) ;
#1118 = EDGE_LOOP ( 'NONE', ( #3892, #943, #1601, #3572 ) ) ;
#1119 = DIRECTION ( 'NONE',  ( 0.000000000000000000, 0.000000000000000000, -1.000000000000000000 ) ) ;
#1120 =( NAMED_UNIT ( * ) PLANE_ANGLE_UNIT ( ) SI_UNIT ( $, .RADIAN. ) );
#1121 = DIRECTION ( 'NONE',  ( -1.000000000000000000, 0.000000000000000000, 0.000000000000000000 ) ) ;
#1122 = DIRECTION ( 'NONE',  ( 0.4999999999999936162, -0.8660254037844422603, 0.000000000000000000 ) ) ;
#1123 = ORIENTED_EDGE ( 'NONE', *, *, #464, .T. ) ;
#1124 = CYLINDRICAL_SURFACE ( 'NONE', #2041, 0.3000000000000016542 ) ;
#1125 = DIRECTION ( 'NONE',  ( 0.000000000000000000, -0.5000000000000009992, -0.8660254037844380415 ) ) ;
#1126 = DIRECTION ( 'NONE',  ( 0.000000000000000000, 0.000000000000000000, -1.000000000000000000 ) ) ;
#1127 = DIRECTION ( 'NONE',  ( -0.000000000000000000, -0.000000000000000000, 1.000000000000000000 ) ) ;
#1128 = ORIENTED_EDGE ( 'NONE', *, *, #760, .F. ) ;
#1129 = ADVANCED_FACE ( 'NONE', ( #264 ), #1520, .T. ) ;
#1130 = CARTESIAN_POINT ( 'NONE',  ( 0.6089803659951907866, -18.99023809523809803, 7.000000000000000000 ) ) ;
#1131 = ORIENTED_EDGE ( 'NONE', *, *, #2966, .F. ) ;
#1132 = DIRECTION ( 'NONE',  ( 0.000000000000000000, 0.000000000000000000, 1.000000000000000000 ) ) ;
#1133 = PRODUCT_DEFINITION_CONTEXT ( 'detailed design', #2248, 'design' ) ;
#1134 = ADVANCED_FACE ( 'NONE', ( #1861 ), #311, .F. ) ;
#1135 = ORIENTED_EDGE ( 'NONE', *, *, #2411, .T. ) ;
#1136 = VERTEX_POINT ( 'NONE', #853 ) ;
#1137 = DIRECTION ( 'NONE',  ( 1.000000000000000000, 0.000000000000000000, 0.000000000000000000 ) ) ;
#1138 = EDGE_LOOP ( 'NONE', ( #240, #3038, #2713, #2544 ) ) ;
#1139 = SURFACE_STYLE_FILL_AREA ( #2674 ) ;
#1140 = DIRECTION ( 'NONE',  ( -1.000000000000000000, 0.000000000000000000, 0.000000000000000000 ) ) ;
#1141 = EDGE_CURVE ( 'NONE', #3009, #1730, #2186, .T. ) ;
#1142 = AXIS2_PLACEMENT_3D ( 'NONE', #2957, #1463, #474 ) ;
#1143 = VECTOR ( 'NONE', #408, 1000.000000000000000 ) ;
#1144 = CARTESIAN_POINT ( 'NONE',  ( -1.156317065392239885, 3.373851915354615372, -0.02993401039713661921 ) ) ;
#1145 = EDGE_LOOP ( 'NONE', ( #392, #2623, #3871, #2403 ) ) ;
#1146 = MECHANICAL_DESIGN_GEOMETRIC_PRESENTATION_REPRESENTATION (  '', ( #2903 ), #224 ) ;
#1147 = CARTESIAN_POINT ( 'NONE',  ( 0.000000000000000000, 0.000000000000000000, 0.000000000000000000 ) ) ;
#1148 = LINE ( 'NONE', #2395, #290 ) ;
#1149 = VECTOR ( 'NONE', #2754, 1000.000000000000000 ) ;
#1150 = CARTESIAN_POINT ( 'NONE',  ( 0.000000000000000000, 0.000000000000000000, 0.000000000000000000 ) ) ;
#1151 = AXIS2_PLACEMENT_3D ( 'NONE', #2422, #2366, #3329 ) ;
#1152 = AXIS2_PLACEMENT_3D ( 'NONE', #1452, #1754, #3008 ) ;
#1153 = CARTESIAN_POINT ( 'NONE',  ( 20.48282771154164550, -12.41838507451423723, 9.418385074514226574 ) ) ;
#1154 = ORIENTED_EDGE ( 'NONE', *, *, #3901, .F. ) ;
#1155 = DIRECTION ( 'NONE',  ( -0.000000000000000000, -0.000000000000000000, 1.000000000000000000 ) ) ;
#1156 = SHAPE_REPRESENTATION ( 'LAB-001-020-110_00', ( #3920 ), #176 ) ;
#1157 = CIRCLE ( 'NONE', #3313, 2.200000000000000622 ) ;
#1158 = ORIENTED_EDGE ( 'NONE', *, *, #3039, .T. ) ;
#1159 = VERTEX_POINT ( 'NONE', #720 ) ;
#1160 = CARTESIAN_POINT ( 'NONE',  ( 7.031487870104975002, 33.41010000096350296, 55.55136467924126009 ) ) ;
#1161 = CONICAL_SURFACE ( 'NONE', #2130, 1.510000000000000009, 1.047197551196591636 ) ;
#1162 = CARTESIAN_POINT ( 'NONE',  ( -2.641584726159505513E-13, -21.00000000000000000, 8.000000000000000000 ) ) ;
#1163 = EDGE_LOOP ( 'NONE', ( #3198, #1003, #867, #410, #2159, #604 ) ) ;
#1164 = AXIS2_PLACEMENT_3D ( 'NONE', #3730, #272, #28 ) ;
#1165 = EDGE_CURVE ( 'NONE', #3264, #2643, #2070, .T. ) ;
#1166 = PLANE ( 'NONE',  #2459 ) ;
#1167 = VECTOR ( 'NONE', #3490, 1000.000000000000000 ) ;
#1168 = CLOSED_SHELL ( 'NONE', ( #3115, #3091, #27, #1702, #739, #2638, #551, #3733, #1634, #1019, #2701, #1802, #3603, #2586 ) ) ;
#1169 = ORIENTED_EDGE ( 'NONE', *, *, #689, .T. ) ;
#1170 = ADVANCED_FACE ( 'NONE', ( #2270 ), #1308, .T. ) ;
#1171 = VECTOR ( 'NONE', #2142, 1000.000000000000000 ) ;
#1172 = DIRECTION ( 'NONE',  ( 0.000000000000000000, -1.000000000000000000, 0.000000000000000000 ) ) ;
#1173 = EDGE_CURVE ( 'NONE', #3486, #4030, #2726, .T. ) ;
#1174 = DIRECTION ( 'NONE',  ( 0.000000000000000000, 0.000000000000000000, 1.000000000000000000 ) ) ;
#1175 = DIRECTION ( 'NONE',  ( 1.000000000000000000, 0.000000000000000000, 0.000000000000000000 ) ) ;
#1176 = VERTEX_POINT ( 'NONE', #1597 ) ;
#1177 = CARTESIAN_POINT ( 'NONE',  ( 0.000000000000000000, 0.000000000000000000, 0.000000000000000000 ) ) ;
#1178 = CARTESIAN_POINT ( 'NONE',  ( 7.086023659352080450, 33.46964520904623441, 55.44445979675693081 ) ) ;
#1179 = CARTESIAN_POINT ( 'NONE',  ( 9.605102126383751937, 28.63613099633834480, 51.52992191115713183 ) ) ;
#1180 = ORIENTED_EDGE ( 'NONE', *, *, #1038, .F. ) ;
#1181 =( NAMED_UNIT ( * ) SI_UNIT ( $, .STERADIAN. ) SOLID_ANGLE_UNIT ( ) );
#1182 = CARTESIAN_POINT ( 'NONE',  ( 21.21815260572889628, -11.00000000000000000, 7.999999999999996447 ) ) ;
#1183 = PRODUCT_DEFINITION_SHAPE ( 'NONE', 'NONE',  #349 ) ;
#1184 = ORIENTED_EDGE ( 'NONE', *, *, #2247, .T. ) ;
#1185 = SURFACE_SIDE_STYLE ('',( #2385 ) ) ;
#1186 = DIRECTION ( 'NONE',  ( -0.4999999999999996114, 0.8660254037844388186, 0.000000000000000000 ) ) ;
#1187 = VERTEX_POINT ( 'NONE', #1359 ) ;
#1188 = EDGE_CURVE ( 'NONE', #1939, #2872, #3211, .T. ) ;
#1189 = DIRECTION ( 'NONE',  ( 1.000000000000000000, 0.000000000000000000, 0.000000000000000000 ) ) ;
#1190 = DIRECTION ( 'NONE',  ( 1.000000000000000000, 4.239347605759984279E-29, -1.255609373087974418E-14 ) ) ;
#1191 = CARTESIAN_POINT ( 'NONE',  ( 1.750000000000005329, -3.031088913245532979, 0.000000000000000000 ) ) ;
#1192 = EDGE_CURVE ( 'NONE', #576, #1252, #1008, .T. ) ;
#1193 = LINE ( 'NONE', #928, #2861 ) ;
#1194 = EDGE_LOOP ( 'NONE', ( #3100, #2693, #1666, #3692 ) ) ;
#1195 = FACE_OUTER_BOUND ( 'NONE', #2023, .T. ) ;
#1196 = EDGE_LOOP ( 'NONE', ( #4020, #3299, #2745, #2709 ) ) ;
#1197 = PLANE ( 'NONE',  #954 ) ;
#1198 = CARTESIAN_POINT ( 'NONE',  ( 1.153701847711632533, 3.375361811986502314, 2.182494571828577267E-15 ) ) ;
#1199 = ORIENTED_EDGE ( 'NONE', *, *, #2611, .T. ) ;
#1200 = CARTESIAN_POINT ( 'NONE',  ( 2.000000000000000000, -0.8717989064763382867, 1.509999999999999121 ) ) ;
#1201 = DIRECTION ( 'NONE',  ( 0.000000000000000000, 1.000000000000000000, 3.491481338843133355E-15 ) ) ;
#1202 = CARTESIAN_POINT ( 'NONE',  ( -2.020725942163693389, 17.49999999999999645, 3.000000000000000000 ) ) ;
#1203 = ORIENTED_EDGE ( 'NONE', *, *, #127, .F. ) ;
#1204 = PLANE ( 'NONE',  #241 ) ;
#1205 = DIRECTION ( 'NONE',  ( 1.000000000000000000, 0.000000000000000000, 0.000000000000000000 ) ) ;
#1206 = AXIS2_PLACEMENT_3D ( 'NONE', #3518, #742, #413 ) ;
#1207 = ORIENTED_EDGE ( 'NONE', *, *, #3847, .F. ) ;
#1208 = VECTOR ( 'NONE', #2853, 1000.000000000000114 ) ;
#1209 = CARTESIAN_POINT ( 'NONE',  ( -1.750000000000005329, 3.031088913245532979, -3.200000000000000178 ) ) ;
#1210 = CARTESIAN_POINT ( 'NONE',  ( 1.750000000000005329, -3.031088913245532979, -3.200000000000000178 ) ) ;
#1211 = EDGE_CURVE ( 'NONE', #2443, #1090, #3154, .T. ) ;
#1212 = DIRECTION ( 'NONE',  ( -0.4999999999999937272, 0.8660254037844422603, 0.000000000000000000 ) ) ;
#1213 = DIRECTION ( 'NONE',  ( -1.000000000000000000, 0.000000000000000000, 0.000000000000000000 ) ) ;
#1214 = CIRCLE ( 'NONE', #1729, 2.100000000000000977 ) ;
#1215 = ORIENTED_EDGE ( 'NONE', *, *, #934, .T. ) ;
#1216 = VERTEX_POINT ( 'NONE', #2824 ) ;
#1217 = DIRECTION ( 'NONE',  ( 0.000000000000000000, 0.000000000000000000, 1.000000000000000000 ) ) ;
#1218 = EDGE_CURVE ( 'NONE', #3311, #1592, #2901, .T. ) ;
#1219 = EDGE_LOOP ( 'NONE', ( #3083, #318, #1814, #2137, #1615, #1123 ) ) ;
#1220 = AXIS2_PLACEMENT_3D ( 'NONE', #484, #2697, #3547 ) ;
#1221 = ORIENTED_EDGE ( 'NONE', *, *, #1952, .T. ) ;
#1222 = DIRECTION ( 'NONE',  ( -0.5000000000000061062, -0.8660254037844351549, 0.000000000000000000 ) ) ;
#1223 = CARTESIAN_POINT ( 'NONE',  ( 2.000000000000000000, 0.000000000000000000, 0.000000000000000000 ) ) ;
#1224 = ORIENTED_EDGE ( 'NONE', *, *, #1083, .F. ) ;
#1225 = DIRECTION ( 'NONE',  ( -1.301042606982598221E-14, 0.000000000000000000, -1.000000000000000000 ) ) ;
#1226 = AXIS2_PLACEMENT_3D ( 'NONE', #3284, #1119, #2692 ) ;
#1227 = PRESENTATION_LAYER_ASSIGNMENT (  '', '', ( #3445 ) ) ;
#1228 = DIRECTION ( 'NONE',  ( -3.491481338843133355E-15, -3.491481338843133355E-15, 1.000000000000000000 ) ) ;
#1229 = DIRECTION ( 'NONE',  ( 0.000000000000000000, -1.000000000000000000, 7.461827477171319195E-16 ) ) ;
#1230 = AXIS2_PLACEMENT_3D ( 'NONE', #3998, #572, #222 ) ;
#1231 = COLOUR_RGB ( '',1.000000000000000000, 1.000000000000000000, 1.000000000000000000 ) ;
#1232 = CYLINDRICAL_SURFACE ( 'NONE', #169, 23.89999999999999858 ) ;
#1233 = CARTESIAN_POINT ( 'NONE',  ( 7.072249282779651480, 32.57755235257562987, 55.47134326739445953 ) ) ;
#1234 = AXIS2_PLACEMENT_3D ( 'NONE', #702, #347, #1945 ) ;
#1235 = PRODUCT_DEFINITION_FORMATION_WITH_SPECIFIED_SOURCE ( 'ANY', '', #1479, .NOT_KNOWN. ) ;
#1236 = ORIENTED_EDGE ( 'NONE', *, *, #3489, .T. ) ;
#1237 = ORIENTED_EDGE ( 'NONE', *, *, #3399, .T. ) ;
#1238 = LINE ( 'NONE', #2698, #2003 ) ;
#1239 = FILL_AREA_STYLE_COLOUR ( '', #2649 ) ;
#1240 = DIRECTION ( 'NONE',  ( -0.000000000000000000, -0.000000000000000000, -1.000000000000000000 ) ) ;
#1241 = CARTESIAN_POINT ( 'NONE',  ( 0.000000000000000000, 0.000000000000000000, -3.200000000000000178 ) ) ;
#1242 = EDGE_CURVE ( 'NONE', #1699, #325, #634, .T. ) ;
#1243 = ORIENTED_EDGE ( 'NONE', *, *, #967, .T. ) ;
#1244 = CARTESIAN_POINT ( 'NONE',  ( 0.000000000000000000, 0.000000000000000000, 3.099999999999999645 ) ) ;
#1245 = CARTESIAN_POINT ( 'NONE',  ( -1.750000000000005329, -3.031088913245532979, -3.200000000000000178 ) ) ;
#1246 = VERTEX_POINT ( 'NONE', #989 ) ;
#1247 = ADVANCED_FACE ( 'NONE', ( #1638 ), #2228, .T. ) ;
#1248 = FACE_OUTER_BOUND ( 'NONE', #1317, .T. ) ;
#1249 = ORIENTED_EDGE ( 'NONE', *, *, #2804, .F. ) ;
#1250 =( NAMED_UNIT ( * ) PLANE_ANGLE_UNIT ( ) SI_UNIT ( $, .RADIAN. ) );
#1251 = DIRECTION ( 'NONE',  ( 1.000000000000000000, 4.383936695013188063E-29, -1.255609373087974576E-14 ) ) ;
#1252 = VERTEX_POINT ( 'NONE', #1578 ) ;
#1253 = EDGE_CURVE ( 'NONE', #1274, #2040, #1884, .T. ) ;
#1254 = DIRECTION ( 'NONE',  ( 0.000000000000000000, 0.000000000000000000, 1.000000000000000000 ) ) ;
#1255 = CARTESIAN_POINT ( 'NONE',  ( 0.3999999999999975797, 0.000000000000000000, 0.000000000000000000 ) ) ;
#1256 = EDGE_LOOP ( 'NONE', ( #1224, #125, #2460, #674, #141 ) ) ;
#1257 = DIRECTION ( 'NONE',  ( 0.000000000000000000, 0.7071067811865463515, 0.7071067811865487940 ) ) ;
#1258 = DIRECTION ( 'NONE',  ( -1.000000000000000000, 0.000000000000000000, 0.000000000000000000 ) ) ;
#1259 = DIRECTION ( 'NONE',  ( 0.000000000000000000, -1.000000000000000000, 0.000000000000000000 ) ) ;
#1260 = ORIENTED_EDGE ( 'NONE', *, *, #3280, .F. ) ;
#1261 = DIRECTION ( 'NONE',  ( 0.000000000000000000, 0.000000000000000000, -1.000000000000000000 ) ) ;
#1262 = CARTESIAN_POINT ( 'NONE',  ( 0.3999999999999975797, 0.000000000000000000, 0.000000000000000000 ) ) ;
#1263 = EDGE_CURVE ( 'NONE', #3159, #616, #1960, .T. ) ;
#1264 = VERTEX_POINT ( 'NONE', #1902 ) ;
#1265 = DIRECTION ( 'NONE',  ( 0.000000000000000000, 0.000000000000000000, 1.000000000000000000 ) ) ;
#1266 = ORIENTED_EDGE ( 'NONE', *, *, #2666, .F. ) ;
#1267 = FACE_OUTER_BOUND ( 'NONE', #2761, .T. ) ;
#1268 = DIRECTION ( 'NONE',  ( 1.000000000000000000, -1.776356839400250465E-15, 0.000000000000000000 ) ) ;
#1269 = ADVANCED_FACE ( 'NONE', ( #1622 ), #1919, .F. ) ;
#1270 = CARTESIAN_POINT ( 'NONE',  ( 7.127961695778106233, 33.39988423440588861, 55.36315492369922708 ) ) ;
#1271 = LINE ( 'NONE', #1292, #756 ) ;
#1272 = EDGE_CURVE ( 'NONE', #384, #2055, #49, .T. ) ;
#1273 = ORIENTED_EDGE ( 'NONE', *, *, #844, .T. ) ;
#1274 = VERTEX_POINT ( 'NONE', #372 ) ;
#1275 = DIRECTION ( 'NONE',  ( 0.000000000000000000, 0.000000000000000000, -1.000000000000000000 ) ) ;
#1276 = AXIS2_PLACEMENT_3D ( 'NONE', #3589, #780, #2967 ) ;
#1277 = DIRECTION ( 'NONE',  ( -0.5000000000000002220, -0.8660254037844384856, 0.000000000000000000 ) ) ;
#1278 = CIRCLE ( 'NONE', #2304, 23.90000000000001634 ) ;
#1279 = CARTESIAN_POINT ( 'NONE',  ( 0.000000000000000000, 0.000000000000000000, 12.00000000000000000 ) ) ;
#1280 = DIRECTION ( 'NONE',  ( -1.000000000000000000, 0.000000000000000000, 0.000000000000000000 ) ) ;
#1281 = CIRCLE ( 'NONE', #3103, 1.510000000000000009 ) ;
#1282 = EDGE_LOOP ( 'NONE', ( #3728, #1158, #2263, #35, #1810, #3216, #1443, #1410, #3898, #1719, #2979, #2471, #684, #1563 ) ) ;
#1283 = CIRCLE ( 'NONE', #2525, 2.100000000000000977 ) ;
#1284 = CARTESIAN_POINT ( 'NONE',  ( -0.2855619784720679899, 3.876582599186213507, -2.982579934988242254 ) ) ;
#1285 = ORIENTED_EDGE ( 'NONE', *, *, #1062, .T. ) ;
#1286 = CARTESIAN_POINT ( 'NONE',  ( 3.348158926381130662, 28.84826303069430864, 51.31778987680123549 ) ) ;
#1287 =( NAMED_UNIT ( * ) PLANE_ANGLE_UNIT ( ) SI_UNIT ( $, .RADIAN. ) );
#1288 = CIRCLE ( 'NONE', #426, 24.50000000000000000 ) ;
#1289 = CARTESIAN_POINT ( 'NONE',  ( 49.66197753540505033, 33.42162788143690477, 55.54573962894592398 ) ) ;
#1290 = EDGE_CURVE ( 'NONE', #1656, #1840, #970, .T. ) ;
#1291 = COLOUR_RGB ( '',0.7764705882352941346, 0.7568627450980391913, 0.7372549019607843590 ) ;
#1292 = CARTESIAN_POINT ( 'NONE',  ( -3.500000000000000000, 2.020725942163686728, -3.200000000000000178 ) ) ;
#1293 = LINE ( 'NONE', #1000, #2190 ) ;
#1294 = AXIS2_PLACEMENT_3D ( 'NONE', #915, #2381, #4004 ) ;
#1295 =( NAMED_UNIT ( * ) SI_UNIT ( $, .STERADIAN. ) SOLID_ANGLE_UNIT ( ) );
#1296 = DIRECTION ( 'NONE',  ( 0.000000000000000000, 0.000000000000000000, 1.000000000000000000 ) ) ;
#1297 = VECTOR ( 'NONE', #2499, 1000.000000000000227 ) ;
#1298 = VERTEX_POINT ( 'NONE', #657 ) ;
#1299 = ORIENTED_EDGE ( 'NONE', *, *, #106, .T. ) ;
#1300 =( GEOMETRIC_REPRESENTATION_CONTEXT ( 3 ) GLOBAL_UNCERTAINTY_ASSIGNED_CONTEXT ( ( #2072 ) ) GLOBAL_UNIT_ASSIGNED_CONTEXT ( ( #820, #2989, #2077 ) ) REPRESENTATION_CONTEXT ( 'NONE', 'WORKASPACE' ) );
#1301 = EDGE_CURVE ( 'NONE', #1079, #217, #1322, .T. ) ;
#1302 = AXIS2_PLACEMENT_3D ( 'NONE', #1924, #1034, #2908 ) ;
#1303 = CARTESIAN_POINT ( 'NONE',  ( 21.21815260572889628, -11.00000000000000000, 7.999999999999996447 ) ) ;
#1304 = STYLED_ITEM ( 'NONE', ( #2052 ), #3070 ) ;
#1305 = CARTESIAN_POINT ( 'NONE',  ( -2.020725942163687172, 24.49999999999999645, 6.000000000000000000 ) ) ;
#1306 = VECTOR ( 'NONE', #1482, 1000.000000000000114 ) ;
#1307 = ADVANCED_FACE ( 'NONE', ( #3824 ), #3548, .T. ) ;
#1308 = PLANE ( 'NONE',  #1234 ) ;
#1309 = CARTESIAN_POINT ( 'NONE',  ( 1.482500161549134971E-15, 21.00000000000000000, 0.000000000000000000 ) ) ;
#1310 = VERTEX_POINT ( 'NONE', #782 ) ;
#1311 = LINE ( 'NONE', #2888, #2597 ) ;
#1312 = ORIENTED_EDGE ( 'NONE', *, *, #3440, .T. ) ;
#1313 = DIRECTION ( 'NONE',  ( -1.000000000000000000, 0.000000000000000000, 0.000000000000000000 ) ) ;
#1314 = PRODUCT_CONTEXT ( 'NONE', #2200, 'mechanical' ) ;
#1315 = DIRECTION ( 'NONE',  ( -1.000000000000000000, -0.000000000000000000, -0.000000000000000000 ) ) ;
#1316 = CARTESIAN_POINT ( 'NONE',  ( 1.750000000000005107, 3.031088913245532979, -3.200000000000000178 ) ) ;
#1317 = EDGE_LOOP ( 'NONE', ( #3893, #2913, #1078, #1503 ) ) ;
#1318 = ORIENTED_EDGE ( 'NONE', *, *, #4009, .F. ) ;
#1319 = CARTESIAN_POINT ( 'NONE',  ( 0.000000000000000000, 0.000000000000000000, 0.000000000000000000 ) ) ;
#1320 = CARTESIAN_POINT ( 'NONE',  ( 2.000000000000000000, 1.743597812952664805, -4.011548038196366406E-15 ) ) ;
#1321 = ADVANCED_FACE ( 'NONE', ( #825 ), #450, .F. ) ;
#1322 = LINE ( 'NONE', #2243, #3928 ) ;
#1323 = CYLINDRICAL_SURFACE ( 'NONE', #221, 2.200000000000000178 ) ;
#1324 = EDGE_CURVE ( 'NONE', #2357, #2104, #1430, .T. ) ;
#1325 = ORIENTED_EDGE ( 'NONE', *, *, #1089, .F. ) ;
#1326 = CARTESIAN_POINT ( 'NONE',  ( 32.34815892638110313, 28.74826303069430367, 45.35921123303847224 ) ) ;
#1327 = ORIENTED_EDGE ( 'NONE', *, *, #283, .F. ) ;
#1328 = DIRECTION ( 'NONE',  ( -0.000000000000000000, -0.000000000000000000, 1.000000000000000000 ) ) ;
#1329 = DIRECTION ( 'NONE',  ( -1.000000000000000000, 0.000000000000000000, 0.000000000000000000 ) ) ;
#1330 = CARTESIAN_POINT ( 'NONE',  ( 49.56631153210994256, 33.38023663109050432, 55.35921123303796065 ) ) ;
#1331 = VERTEX_POINT ( 'NONE', #2020 ) ;
#1332 = CARTESIAN_POINT ( 'NONE',  ( 25.25000000000000000, 3.092233167847066830E-15, 12.00000000000000000 ) ) ;
#1333 = VERTEX_POINT ( 'NONE', #1109 ) ;
#1334 =( NAMED_UNIT ( * ) SI_UNIT ( $, .STERADIAN. ) SOLID_ANGLE_UNIT ( ) );
#1335 = LINE ( 'NONE', #1305, #3975 ) ;
#1336 = EDGE_CURVE ( 'NONE', #863, #2068, #3723, .T. ) ;
#1337 = DIRECTION ( 'NONE',  ( 1.000000000000000000, 0.000000000000000000, 0.000000000000000000 ) ) ;
#1338 = CARTESIAN_POINT ( 'NONE',  ( 2.000000000000000000, 0.000000000000000000, 0.000000000000000000 ) ) ;
#1339 = AXIS2_PLACEMENT_3D ( 'NONE', #3084, #3128, #2767 ) ;
#1340 = VERTEX_POINT ( 'NONE', #1376 ) ;
#1341 = EDGE_CURVE ( 'NONE', #3827, #588, #3658, .T. ) ;
#1342 = PLANE ( 'NONE',  #500 ) ;
#1343 = ORIENTED_EDGE ( 'NONE', *, *, #2012, .F. ) ;
#1344 = AXIS2_PLACEMENT_3D ( 'NONE', #2355, #3620, #3004 ) ;
#1345 = CARTESIAN_POINT ( 'NONE',  ( 2.000000000000000000, 0.000000000000000000, -25.03750572909317285 ) ) ;
#1346 = PRODUCT_DEFINITION_CONTEXT ( 'detailed design', #3249, 'design' ) ;
#1347 = CIRCLE ( 'NONE', #2054, 24.50000000000000000 ) ;
#1348 = DIRECTION ( 'NONE',  ( -0.000000000000000000, -0.000000000000000000, -1.000000000000000000 ) ) ;
#1349 = TOROIDAL_SURFACE ( 'NONE', #227, 2.199999999999998845, 0.2000000000000000111 ) ;
#1350 = ORIENTED_EDGE ( 'NONE', *, *, #387, .T. ) ;
#1351 = CARTESIAN_POINT ( 'NONE',  ( 2.000000000000000000, 0.000000000000000000, 0.000000000000000000 ) ) ;
#1352 = ORIENTED_EDGE ( 'NONE', *, *, #131, .F. ) ;
#1353 = CIRCLE ( 'NONE', #1865, 25.25000000000000000 ) ;
#1354 = CIRCLE ( 'NONE', #1866, 1.999999999999998668 ) ;
#1355 = DIRECTION ( 'NONE',  ( 0.000000000000000000, 0.000000000000000000, 1.000000000000000000 ) ) ;
#1356 = DIRECTION ( 'NONE',  ( 0.5000000000000014433, -0.8660254037844379305, 0.000000000000000000 ) ) ;
#1357 = CIRCLE ( 'NONE', #1485, 2.100000000000000533 ) ;
#1358 = AXIS2_PLACEMENT_3D ( 'NONE', #3359, #1857, #3075 ) ;
#1359 = CARTESIAN_POINT ( 'NONE',  ( 2.020725942163690725, 17.49999999999999645, 3.000000000000000000 ) ) ;
#1360 = DIRECTION ( 'NONE',  ( -1.000000000000000000, -0.000000000000000000, -0.000000000000000000 ) ) ;
#1361 = VECTOR ( 'NONE', #3449, 1000.000000000000000 ) ;
#1362 = ORIENTED_EDGE ( 'NONE', *, *, #1411, .F. ) ;
#1363 = EDGE_CURVE ( 'NONE', #578, #3000, #1621, .T. ) ;
#1364 = AXIS2_PLACEMENT_3D ( 'NONE', #3357, #2434, #2393 ) ;
#1365 = CARTESIAN_POINT ( 'NONE',  ( -6.999999999999991118, -5.204170427930421283E-15, 0.000000000000000000 ) ) ;
#1366 = ORIENTED_EDGE ( 'NONE', *, *, #2735, .F. ) ;
#1367 = LINE ( 'NONE', #3554, #2177 ) ;
#1368 = ADVANCED_FACE ( 'NONE', ( #1418 ), #1748, .T. ) ;
#1369 = CYLINDRICAL_SURFACE ( 'NONE', #3848, 3.499999999999999556 ) ;
#1370 = EDGE_LOOP ( 'NONE', ( #3012, #1014, #3775, #1847 ) ) ;
#1371 = CARTESIAN_POINT ( 'NONE',  ( -24.50000000000000000, 0.000000000000000000, 6.000000000000000000 ) ) ;
#1372 = ADVANCED_FACE ( 'NONE', ( #1714, #2996, #1439 ), #1085, .F. ) ;
#1373 = ORIENTED_EDGE ( 'NONE', *, *, #1827, .T. ) ;
#1374 = DIRECTION ( 'NONE',  ( -0.000000000000000000, 0.000000000000000000, -1.000000000000000000 ) ) ;
#1375 = CARTESIAN_POINT ( 'NONE',  ( 3.348158926381182621, 32.57755235257562987, 55.47134326739450927 ) ) ;
#1376 = CARTESIAN_POINT ( 'NONE',  ( -3.999999999999998224, 21.00000000000000000, 12.00000000000000000 ) ) ;
#1377 = DIRECTION ( 'NONE',  ( 1.000000000000000000, 0.000000000000000000, 0.000000000000000000 ) ) ;
#1378 = CARTESIAN_POINT ( 'NONE',  ( -2.641584726159505513E-13, -21.00000000000000000, 8.000000000000000000 ) ) ;
#1379 = ORIENTED_EDGE ( 'NONE', *, *, #2865, .T. ) ;
#1380 = CARTESIAN_POINT ( 'NONE',  ( 0.000000000000000000, 0.000000000000000000, 0.000000000000000000 ) ) ;
#1381 = VERTEX_POINT ( 'NONE', #205 ) ;
#1382 = CARTESIAN_POINT ( 'NONE',  ( 3.500000000000000000, 2.020725942163697830, -0.3126073911696460317 ) ) ;
#1383 = UNCERTAINTY_MEASURE_WITH_UNIT (LENGTH_MEASURE( 1.000000000000000082E-05 ), #321, 'distance_accuracy_value', 'NONE');
#1384 = EDGE_LOOP ( 'NONE', ( #1654, #2986, #1523, #2423 ) ) ;
#1385 = ORIENTED_EDGE ( 'NONE', *, *, #2437, .F. ) ;
#1386 = FACE_OUTER_BOUND ( 'NONE', #643, .T. ) ;
#1387 = EDGE_CURVE ( 'NONE', #3009, #289, #2600, .T. ) ;
#1388 = CARTESIAN_POINT ( 'NONE',  ( 24.00000000000000000, 0.000000000000000000, 1.610000000000000098 ) ) ;
#1389 = ORIENTED_EDGE ( 'NONE', *, *, #3954, .T. ) ;
#1390 = VERTEX_POINT ( 'NONE', #3867 ) ;
#1391 = ADVANCED_FACE ( 'NONE', ( #1694, #2327 ), #2621, .T. ) ;
#1392 = CARTESIAN_POINT ( 'NONE',  ( 1.482500161549134971E-15, 21.00000000000000000, 8.000000000000000000 ) ) ;
#1393 = DIRECTION ( 'NONE',  ( -4.383936695013188063E-29, 1.000000000000000000, 5.520779089334829130E-43 ) ) ;
#1394 = MANIFOLD_SOLID_BREP ( 'Cut-Extrude2', #3982 ) ;
#1395 = DIRECTION ( 'NONE',  ( 0.000000000000000000, 0.000000000000000000, 1.000000000000000000 ) ) ;
#1396 = CARTESIAN_POINT ( 'NONE',  ( 49.66880619610530090, 33.36996108281691420, 55.55921123303796350 ) ) ;
#1397 = DIRECTION ( 'NONE',  ( -0.000000000000000000, -0.000000000000000000, 1.000000000000000000 ) ) ;
#1398 = VERTEX_POINT ( 'NONE', #1815 ) ;
#1399 = CARTESIAN_POINT ( 'NONE',  ( -34.94592146739513083, -11.00000000000000000, 7.000000000000000000 ) ) ;
#1400 = EDGE_LOOP ( 'NONE', ( #1742, #2852, #3141, #3575, #2792, #2101, #2275, #2373, #456, #835 ) ) ;
#1401 = CARTESIAN_POINT ( 'NONE',  ( 28.34815892638131984, 28.74826303069430367, 66.35921123303852198 ) ) ;
#1402 = CYLINDRICAL_SURFACE ( 'NONE', #3237, 1.650000000000000133 ) ;
#1403 = AXIS2_PLACEMENT_3D ( 'NONE', #3872, #1926, #725 ) ;
#1404 = DIRECTION ( 'NONE',  ( 1.000000000000000000, 0.000000000000000000, 0.000000000000000000 ) ) ;
#1405 = DIRECTION ( 'NONE',  ( 0.000000000000000000, 0.5000000000000009992, 0.8660254037844380415 ) ) ;
#1406 = EDGE_LOOP ( 'NONE', ( #1959, #533, #85, #2919, #714, #1647, #3999, #5 ) ) ;
#1407 = FACE_OUTER_BOUND ( 'NONE', #440, .T. ) ;
#1408 = AXIS2_PLACEMENT_3D ( 'NONE', #2528, #2583, #2213 ) ;
#1409 = ORIENTED_EDGE ( 'NONE', *, *, #2569, .T. ) ;
#1410 = ORIENTED_EDGE ( 'NONE', *, *, #274, .F. ) ;
#1411 = EDGE_CURVE ( 'NONE', #1580, #4030, #3612, .T. ) ;
#1412 = CIRCLE ( 'NONE', #4037, 2.199999999999998845 ) ;
#1413 = DIRECTION ( 'NONE',  ( 0.000000000000000000, 0.000000000000000000, -1.000000000000000000 ) ) ;
#1414 = LINE ( 'NONE', #468, #2773 ) ;
#1415 = CIRCLE ( 'NONE', #3777, 2.100000000000000977 ) ;
#1416 = EDGE_CURVE ( 'NONE', #255, #3819, #1238, .T. ) ;
#1417 = AXIS2_PLACEMENT_3D ( 'NONE', #3308, #1073, #3347 ) ;
#1418 = FACE_OUTER_BOUND ( 'NONE', #1723, .T. ) ;
#1419 = CIRCLE ( 'NONE', #1542, 1.510000000000000009 ) ;
#1420 = LINE ( 'NONE', #3275, #4032 ) ;
#1421 = DIRECTION ( 'NONE',  ( -0.000000000000000000, 0.000000000000000000, 1.000000000000000000 ) ) ;
#1422 = ORIENTED_EDGE ( 'NONE', *, *, #3677, .T. ) ;
#1423 = ADVANCED_FACE ( 'NONE', ( #3029 ), #542, .F. ) ;
#1424 = VECTOR ( 'NONE', #1551, 1000.000000000000000 ) ;
#1425 = CARTESIAN_POINT ( 'NONE',  ( 0.000000000000000000, 0.000000000000000000, -0.2695799022107391307 ) ) ;
#1426 = EDGE_LOOP ( 'NONE', ( #48, #2217, #2625, #3863 ) ) ;
#1427 = DIRECTION ( 'NONE',  ( -1.000000000000000000, 0.000000000000000000, 0.000000000000000000 ) ) ;
#1428 = CONICAL_SURFACE ( 'NONE', #1804, 3.500000000000000444, 1.047197551196596521 ) ;
#1429 = PRODUCT_DEFINITION_FORMATION_WITH_SPECIFIED_SOURCE ( 'ANY', '', #425, .NOT_KNOWN. ) ;
#1430 = CIRCLE ( 'NONE', #3993, 1.650000000000000133 ) ;
#1431 = FACE_OUTER_BOUND ( 'NONE', #3206, .T. ) ;
#1432 = CYLINDRICAL_SURFACE ( 'NONE', #3174, 4.000000000000000000 ) ;
#1433 = FILL_AREA_STYLE_COLOUR ( '', #631 ) ;
#1434 = CARTESIAN_POINT ( 'NONE',  ( 0.000000000000000000, 0.000000000000000000, 12.00000000000000000 ) ) ;
#1435 = ORIENTED_EDGE ( 'NONE', *, *, #836, .T. ) ;
#1436 = ORIENTED_EDGE ( 'NONE', *, *, #3291, .T. ) ;
#1437 = LINE ( 'NONE', #404, #743 ) ;
#1438 = DIRECTION ( 'NONE',  ( -1.000000000000000000, 0.000000000000000000, 0.000000000000000000 ) ) ;
#1439 = FACE_OUTER_BOUND ( 'NONE', #1771, .T. ) ;
#1440 = DIRECTION ( 'NONE',  ( 0.000000000000000000, 0.000000000000000000, 1.000000000000000000 ) ) ;
#1441 = EDGE_CURVE ( 'NONE', #475, #2588, #3320, .T. ) ;
#1442 = DIRECTION ( 'NONE',  ( -0.000000000000000000, -0.000000000000000000, -1.000000000000000000 ) ) ;
#1443 = ORIENTED_EDGE ( 'NONE', *, *, #106, .F. ) ;
#1444 = CARTESIAN_POINT ( 'NONE',  ( -34.94592146739513083, 11.00000000000000000, 4.000000000000000000 ) ) ;
#1445 = VERTEX_POINT ( 'NONE', #3053 ) ;
#1446 = CARTESIAN_POINT ( 'NONE',  ( 0.000000000000000000, 0.8717989064763314033, 1.509999999999996234 ) ) ;
#1447 = ADVANCED_FACE ( 'NONE', ( #3381 ), #3392, .T. ) ;
#1448 = ORIENTED_EDGE ( 'NONE', *, *, #2432, .F. ) ;
#1449 = SURFACE_SIDE_STYLE ('',( #812 ) ) ;
#1450 = FACE_OUTER_BOUND ( 'NONE', #695, .T. ) ;
#1451 = VERTEX_POINT ( 'NONE', #1855 ) ;
#1452 = CARTESIAN_POINT ( 'NONE',  ( 0.000000000000000000, 0.000000000000000000, 0.000000000000000000 ) ) ;
#1453 = EDGE_LOOP ( 'NONE', ( #2595, #3790, #3135, #2400 ) ) ;
#1454 =( NAMED_UNIT ( * ) SI_UNIT ( $, .STERADIAN. ) SOLID_ANGLE_UNIT ( ) );
#1455 = CARTESIAN_POINT ( 'NONE',  ( -2.071371021540589386, 24.41228014936585566, 6.000000000000000000 ) ) ;
#1456 = EDGE_LOOP ( 'NONE', ( #3737, #762, #1758, #1764 ) ) ;
#1457 = CARTESIAN_POINT ( 'NONE',  ( 0.000000000000000000, 1.743597812952664805, -4.011548038196366406E-15 ) ) ;
#1458 = DIRECTION ( 'NONE',  ( -1.000000000000000000, -0.000000000000000000, -0.000000000000000000 ) ) ;
#1459 = CARTESIAN_POINT ( 'NONE',  ( 0.000000000000000000, 0.000000000000000000, 0.000000000000000000 ) ) ;
#1460 = EDGE_CURVE ( 'NONE', #453, #932, #507, .T. ) ;
#1461 = LINE ( 'NONE', #2372, #1940 ) ;
#1462 = ORIENTED_EDGE ( 'NONE', *, *, #3291, .F. ) ;
#1463 = DIRECTION ( 'NONE',  ( 0.000000000000000000, 0.000000000000000000, 1.000000000000000000 ) ) ;
#1464 = ORIENTED_EDGE ( 'NONE', *, *, #2261, .F. ) ;
#1465 = EDGE_CURVE ( 'NONE', #447, #3986, #314, .T. ) ;
#1466 = DIRECTION ( 'NONE',  ( 1.000000000000000000, 0.000000000000000000, 0.000000000000000000 ) ) ;
#1467 = EDGE_LOOP ( 'NONE', ( #1907, #1690, #2808, #2738, #2944, #3846 ) ) ;
#1468 = SURFACE_STYLE_USAGE ( .BOTH. , #521 ) ;
#1469 = DIRECTION ( 'NONE',  ( 0.5000000000000062172, 0.8660254037844350439, 0.000000000000000000 ) ) ;
#1470 = VECTOR ( 'NONE', #3303, 1000.000000000000000 ) ;
#1471 = PRODUCT ( 'LAB-001-020-010_00', 'LAB-001-020-010_00', '', ( #3236 ) ) ;
#1472 = EDGE_CURVE ( 'NONE', #3938, #1985, #4054, .T. ) ;
#1473 = VECTOR ( 'NONE', #2870, 1000.000000000000000 ) ;
#1474 = CARTESIAN_POINT ( 'NONE',  ( -2.000000000000000000, 2.449293598294706414E-16, -3.200000000000001510 ) ) ;
#1475 = PRESENTATION_LAYER_ASSIGNMENT (  '', '', ( #948 ) ) ;
#1476 = DIRECTION ( 'NONE',  ( 0.000000000000000000, 1.000000000000000000, -1.741093078006642066E-15 ) ) ;
#1477 = AXIS2_PLACEMENT_3D ( 'NONE', #135, #157, #1438 ) ;
#1478 = FACE_BOUND ( 'NONE', #824, .T. ) ;
#1479 = PRODUCT ( 'LAB-001-020-130_00', 'LAB-001-020-130_00', '', ( #355 ) ) ;
#1480 = STYLED_ITEM ( 'NONE', ( #268 ), #54 ) ;
#1481 = AXIS2_PLACEMENT_3D ( 'NONE', #1150, #2665, #3276 ) ;
#1482 = DIRECTION ( 'NONE',  ( 0.000000000000000000, 0.4999999999999985567, -0.8660254037844394848 ) ) ;
#1483 = ORIENTED_EDGE ( 'NONE', *, *, #3700, .F. ) ;
#1484 = DIRECTION ( 'NONE',  ( 4.383936695013188063E-29, -1.000000000000000000, -5.520779089334829130E-43 ) ) ;
#1485 = AXIS2_PLACEMENT_3D ( 'NONE', #519, #1727, #476 ) ;
#1486 = MECHANICAL_DESIGN_GEOMETRIC_PRESENTATION_REPRESENTATION (  '', ( #3581 ), #764 ) ;
#1487 = CARTESIAN_POINT ( 'NONE',  ( 7.039710707254263511, 33.43582417160043008, 55.53516030269895509 ) ) ;
#1488 = COLOUR_RGB ( '',0.2509803921568627416, 0.2509803921568627416, 0.2509803921568627416 ) ;
#1489 = DIRECTION ( 'NONE',  ( -1.000000000000000000, 0.000000000000000000, 0.000000000000000000 ) ) ;
#1490 = ORIENTED_EDGE ( 'NONE', *, *, #991, .T. ) ;
#1491 =( NAMED_UNIT ( * ) SI_UNIT ( $, .STERADIAN. ) SOLID_ANGLE_UNIT ( ) );
#1492 = DIRECTION ( 'NONE',  ( -0.000000000000000000, -0.000000000000000000, 1.000000000000000000 ) ) ;
#1493 = ADVANCED_FACE ( 'NONE', ( #2740 ), #2416, .F. ) ;
#1494 = CIRCLE ( 'NONE', #771, 19.00000000000000000 ) ;
#1495 = VECTOR ( 'NONE', #1122, 1000.000000000000114 ) ;
#1496 = VECTOR ( 'NONE', #2266, 1000.000000000000000 ) ;
#1497 = CYLINDRICAL_SURFACE ( 'NONE', #1664, 3.999999999999934275 ) ;
#1498 = EDGE_CURVE ( 'NONE', #466, #346, #1998, .T. ) ;
#1499 = DIRECTION ( 'NONE',  ( -0.000000000000000000, -0.000000000000000000, -1.000000000000000000 ) ) ;
#1500 = CARTESIAN_POINT ( 'NONE',  ( 3.999999999999735323, -21.00000000000000000, 8.000000000000000000 ) ) ;
#1501 = ORIENTED_EDGE ( 'NONE', *, *, #791, .F. ) ;
#1502 = CARTESIAN_POINT ( 'NONE',  ( 3.500000000000000000, 1.693985822988434142, -0.2182856432892011367 ) ) ;
#1503 = ORIENTED_EDGE ( 'NONE', *, *, #3977, .F. ) ;
#1504 = CARTESIAN_POINT ( 'NONE',  ( 7.047390553228524368, 33.44931979460884719, 55.52005689733021399 ) ) ;
#1505 = CARTESIAN_POINT ( 'NONE',  ( 2.100000000000002309, 21.00000000000000000, 8.000000000000000000 ) ) ;
#1506 = ORIENTED_EDGE ( 'NONE', *, *, #3360, .F. ) ;
#1507 = PRESENTATION_STYLE_ASSIGNMENT (( #1890 ) ) ;
#1508 = DIRECTION ( 'NONE',  ( -6.982962677686266711E-15, 6.982962677686266711E-15, -1.000000000000000000 ) ) ;
#1509 = LINE ( 'NONE', #1182, #700 ) ;
#1510 = ORIENTED_EDGE ( 'NONE', *, *, #1999, .T. ) ;
#1511 = ADVANCED_FACE ( 'NONE', ( #3425 ), #568, .F. ) ;
#1512 = CARTESIAN_POINT ( 'NONE',  ( 1.482500161549134971E-15, 21.00000000000000000, 8.000000000000000000 ) ) ;
#1513 = CARTESIAN_POINT ( 'NONE',  ( -24.50000000000000000, 0.000000000000000000, 6.000000000000000000 ) ) ;
#1514 = PRODUCT ( 'hex nut style 1 gradeab_din_Hexagon Nut ISO 4032 - M4 - D - N', 'hex nut style 1 gradeab_din_Hexagon Nut ISO 4032 - M4 - D - N', '', ( #2277 ) ) ;
#1515 = EDGE_CURVE ( 'NONE', #443, #3311, #3110, .T. ) ;
#1516 = CARTESIAN_POINT ( 'NONE',  ( -3.500000000000000000, 2.020725942163697830, -2.887392608830354312 ) ) ;
#1517 = DIRECTION ( 'NONE',  ( -0.5000000000000053291, 1.060575238724903094E-16, -0.8660254037844354880 ) ) ;
#1518 = CYLINDRICAL_SURFACE ( 'NONE', #2993, 1.999999999999998668 ) ;
#1519 = ORIENTED_EDGE ( 'NONE', *, *, #2611, .F. ) ;
#1520 = CYLINDRICAL_SURFACE ( 'NONE', #2476, 1.999999999999998668 ) ;
#1521 = VERTEX_POINT ( 'NONE', #864 ) ;
#1522 = CARTESIAN_POINT ( 'NONE',  ( 7.130006320652419127, 28.54826303069430438, 55.35921123303849356 ) ) ;
#1523 = ORIENTED_EDGE ( 'NONE', *, *, #884, .T. ) ;
#1524 = CARTESIAN_POINT ( 'NONE',  ( -3.500000000000000000, -1.692071238847143722, -0.2177329504545068017 ) ) ;
#1525 = ORIENTED_EDGE ( 'NONE', *, *, #910, .F. ) ;
#1526 = DIRECTION ( 'NONE',  ( -0.000000000000000000, 1.741093078006642263E-15, 1.000000000000000000 ) ) ;
#1527 = FACE_OUTER_BOUND ( 'NONE', #818, .T. ) ;
#1528 = CARTESIAN_POINT ( 'NONE',  ( 49.64367242815817605, 33.45717557821212296, 55.50972857064026300 ) ) ;
#1529 = CARTESIAN_POINT ( 'NONE',  ( -2.020725942163687172, 24.49999999999999645, 3.000000000000000000 ) ) ;
#1530 = CARTESIAN_POINT ( 'NONE',  ( 2.000000000000000000, -2.168404344971008868E-15, 3.019999999999996909 ) ) ;
#1531 = AXIS2_PLACEMENT_3D ( 'NONE', #1643, #1908, #995 ) ;
#1532 = EDGE_CURVE ( 'NONE', #2823, #2040, #528, .T. ) ;
#1533 = EDGE_LOOP ( 'NONE', ( #4052, #1710, #2390, #1879, #3793 ) ) ;
#1534 = AXIS2_PLACEMENT_3D ( 'NONE', #1031, #2229, #3491 ) ;
#1535 = DIRECTION ( 'NONE',  ( 1.000000000000000000, 0.000000000000000000, 0.000000000000000000 ) ) ;
#1536 = CARTESIAN_POINT ( 'NONE',  ( 2.000000000000000000, 1.849216666712503192E-16, -1.510000000000000009 ) ) ;
#1537 = CARTESIAN_POINT ( 'NONE',  ( -21.21815260572889628, 11.00000000000000000, 7.999999999999996447 ) ) ;
#1538 = EDGE_CURVE ( 'NONE', #346, #600, #3935, .T. ) ;
#1539 = AXIS2_PLACEMENT_3D ( 'NONE', #3245, #730, #3560 ) ;
#1540 = DIRECTION ( 'NONE',  ( 0.000000000000000000, 0.000000000000000000, 1.000000000000000000 ) ) ;
#1541 = ORIENTED_EDGE ( 'NONE', *, *, #1465, .F. ) ;
#1542 = AXIS2_PLACEMENT_3D ( 'NONE', #1351, #1707, #2596 ) ;
#1543 = SURFACE_STYLE_USAGE ( .BOTH. , #552 ) ;
#1544 = DIRECTION ( 'NONE',  ( 0.000000000000000000, 0.000000000000000000, 1.000000000000000000 ) ) ;
#1545 = EDGE_LOOP ( 'NONE', ( #1574, #2670, #3312, #1199, #3028, #3090 ) ) ;
#1546 = DIRECTION ( 'NONE',  ( 1.000000000000000000, 0.000000000000000000, 0.000000000000000000 ) ) ;
#1547 = VECTOR ( 'NONE', #1213, 1000.000000000000000 ) ;
#1548 = DIRECTION ( 'NONE',  ( -3.491481338843133355E-15, -3.491481338843133355E-15, 1.000000000000000000 ) ) ;
#1549 = DIRECTION ( 'NONE',  ( -0.000000000000000000, -0.000000000000000000, -1.000000000000000000 ) ) ;
#1550 = VECTOR ( 'NONE', #1050, 1000.000000000000000 ) ;
#1551 = DIRECTION ( 'NONE',  ( 0.000000000000000000, -0.5000000000000009992, -0.8660254037844380415 ) ) ;
#1552 = CARTESIAN_POINT ( 'NONE',  ( 2.000000000000000000, -0.8717989064763382867, 1.509999999999999121 ) ) ;
#1553 = VECTOR ( 'NONE', #3470, 1000.000000000000000 ) ;
#1554 = SURFACE_SIDE_STYLE ('',( #607 ) ) ;
#1555 = ORIENTED_EDGE ( 'NONE', *, *, #1708, .T. ) ;
#1556 = EDGE_CURVE ( 'NONE', #181, #3819, #3716, .T. ) ;
#1557 = B_SPLINE_CURVE_WITH_KNOTS ( 'NONE', 3,
 ( #3967, #4022, #1144, #2387, #3027, #216 ),
 .UNSPECIFIED., .F., .F.,
 ( 4, 2, 4 ),
 ( 0.002044882221487524104, 0.003063384235218492846, 0.004081886248949461587 ),
 .UNSPECIFIED. ) ;
#1558 = DIRECTION ( 'NONE',  ( -8.878499022318982440E-15, 0.7071067811865487940, -0.7071067811865463515 ) ) ;
#1559 = LINE ( 'NONE', #2504, #1617 ) ;
#1560 = EDGE_CURVE ( 'NONE', #2371, #3264, #589, .T. ) ;
#1561 = CARTESIAN_POINT ( 'NONE',  ( 2.000000000000000000, -2.168404344971008868E-15, 3.019999999999996909 ) ) ;
#1562 = DIRECTION ( 'NONE',  ( 0.000000000000000000, 0.000000000000000000, -1.000000000000000000 ) ) ;
#1563 = ORIENTED_EDGE ( 'NONE', *, *, #1263, .F. ) ;
#1564 = EDGE_CURVE ( 'NONE', #2707, #3505, #3985, .T. ) ;
#1565 = CARTESIAN_POINT ( 'NONE',  ( -3.500000000000000444, 0.000000000000000000, 0.000000000000000000 ) ) ;
#1566 = VERTEX_POINT ( 'NONE', #1941 ) ;
#1567 = CARTESIAN_POINT ( 'NONE',  ( 0.3999999999999975797, 0.000000000000000000, 0.000000000000000000 ) ) ;
#1568 = SURFACE_STYLE_FILL_AREA ( #2134 ) ;
#1569 =( LENGTH_UNIT ( ) NAMED_UNIT ( * ) SI_UNIT ( .MILLI., .METRE. ) );
#1570 = CARTESIAN_POINT ( 'NONE',  ( 7.119300758670820350, 33.43202743005717537, 55.37988189505325920 ) ) ;
#1571 = CARTESIAN_POINT ( 'NONE',  ( 2.000000000000000000, 1.743597812952664805, -4.011548038196366406E-15 ) ) ;
#1572 = CARTESIAN_POINT ( 'NONE',  ( 3.500000000000000000, -0.3414694520252321563, 2.456395547037470983E-16 ) ) ;
#1573 = ORIENTED_EDGE ( 'NONE', *, *, #3315, .F. ) ;
#1574 = ORIENTED_EDGE ( 'NONE', *, *, #1387, .F. ) ;
#1575 = FILL_AREA_STYLE_COLOUR ( '', #3325 ) ;
#1576 = CARTESIAN_POINT ( 'NONE',  ( 1.482500161549134971E-15, 21.00000000000000000, 8.000000000000000000 ) ) ;
#1577 = FACE_OUTER_BOUND ( 'NONE', #2962, .T. ) ;
#1578 = CARTESIAN_POINT ( 'NONE',  ( 21.21815260572889628, -11.00000000000000000, 4.000000000000000000 ) ) ;
#1579 = FACE_BOUND ( 'NONE', #3126, .T. ) ;
#1580 = VERTEX_POINT ( 'NONE', #1594 ) ;
#1581 = EDGE_CURVE ( 'NONE', #722, #289, #393, .T. ) ;
#1582 = DIRECTION ( 'NONE',  ( -0.000000000000000000, -0.000000000000000000, 1.000000000000000000 ) ) ;
#1583 = ORIENTED_EDGE ( 'NONE', *, *, #1498, .T. ) ;
#1584 = PLANE ( 'NONE',  #1007 ) ;
#1585 = PLANE ( 'NONE',  #3844 ) ;
#1586 = EDGE_CURVE ( 'NONE', #2668, #217, #3192, .T. ) ;
#1587 = CARTESIAN_POINT ( 'NONE',  ( 49.63775868553072712, 33.46207414099630739, 55.49813660410671901 ) ) ;
#1588 = FACE_OUTER_BOUND ( 'NONE', #1954, .T. ) ;
#1589 = CARTESIAN_POINT ( 'NONE',  ( 49.57035286944847741, 33.40998040872628394, 55.36700962225972233 ) ) ;
#1590 = CARTESIAN_POINT ( 'NONE',  ( 0.000000000000000000, 21.00000000000000000, 0.000000000000000000 ) ) ;
#1591 = EDGE_CURVE ( 'NONE', #587, #118, #2843, .T. ) ;
#1592 = VERTEX_POINT ( 'NONE', #630 ) ;
#1593 = ORIENTED_EDGE ( 'NONE', *, *, #1253, .F. ) ;
#1594 = CARTESIAN_POINT ( 'NONE',  ( -2.200000000000000178, 21.00000000000000000, 0.000000000000000000 ) ) ;
#1595 = AXIS2_PLACEMENT_3D ( 'NONE', #482, #3882, #184 ) ;
#1596 = DIRECTION ( 'NONE',  ( -1.000000000000000000, -0.000000000000000000, -0.000000000000000000 ) ) ;
#1597 = CARTESIAN_POINT ( 'NONE',  ( 9.741439709926240198, 28.74826303069430367, 51.35921123303845803 ) ) ;
#1598 = CARTESIAN_POINT ( 'NONE',  ( 0.000000000000000000, 0.000000000000000000, -3.174599999999999866 ) ) ;
#1599 = ADVANCED_BREP_SHAPE_REPRESENTATION ( '', ( #66, #3920 ), #176 ) ;
#1600 = VECTOR ( 'NONE', #1562, 1000.000000000000000 ) ;
#1601 = ORIENTED_EDGE ( 'NONE', *, *, #320, .F. ) ;
#1602 = CIRCLE ( 'NONE', #361, 1.510000000000000009 ) ;
#1603 = CARTESIAN_POINT ( 'NONE',  ( -1.750000000000005329, 3.031088913245532979, -3.200000000000000178 ) ) ;
#1604 = VERTEX_POINT ( 'NONE', #1303 ) ;
#1605 = CARTESIAN_POINT ( 'NONE',  ( 1.650000000000000133, 0.000000000000000000, -2.929527361626600879 ) ) ;
#1606 = EDGE_CURVE ( 'NONE', #576, #1969, #2241, .T. ) ;
#1607 = CARTESIAN_POINT ( 'NONE',  ( -4.041451884327528887, -20.99999999999997158, 6.000000000000000000 ) ) ;
#1608 = AXIS2_PLACEMENT_3D ( 'NONE', #2818, #1955, #1632 ) ;
#1609 = COLOUR_RGB ( '',0.8980392156862745390, 0.9176470588235293713, 0.9294117647058823817 ) ;
#1610 = CARTESIAN_POINT ( 'NONE',  ( 32.34815892638110313, 28.54826303069430438, 45.35921123303847224 ) ) ;
#1611 = VECTOR ( 'NONE', #2317, 1000.000000000000000 ) ;
#1612 = EDGE_CURVE ( 'NONE', #2685, #1445, #2547, .T. ) ;
#1613 = LINE ( 'NONE', #3205, #2118 ) ;
#1614 = AXIS2_PLACEMENT_3D ( 'NONE', #1054, #3558, #3860 ) ;
#1615 = ORIENTED_EDGE ( 'NONE', *, *, #427, .T. ) ;
#1616 = ORIENTED_EDGE ( 'NONE', *, *, #1581, .T. ) ;
#1617 = VECTOR ( 'NONE', #1796, 1000.000000000000000 ) ;
#1618 = EDGE_CURVE ( 'NONE', #3946, #930, #777, .T. ) ;
#1619 = AXIS2_PLACEMENT_3D ( 'NONE', #2042, #3618, #805 ) ;
#1620 = PLANE ( 'NONE',  #846 ) ;
#1621 = CIRCLE ( 'NONE', #2136, 2.100000000000000533 ) ;
#1622 = FACE_OUTER_BOUND ( 'NONE', #894, .T. ) ;
#1623 = DIRECTION ( 'NONE',  ( -0.000000000000000000, -0.000000000000000000, 1.000000000000000000 ) ) ;
#1624 = ORIENTED_EDGE ( 'NONE', *, *, #1411, .T. ) ;
#1625 = DIRECTION ( 'NONE',  ( -1.000000000000000000, 0.000000000000000000, 0.000000000000000000 ) ) ;
#1626 = ORIENTED_EDGE ( 'NONE', *, *, #934, .F. ) ;
#1627 = CARTESIAN_POINT ( 'NONE',  ( -34.94592146739513083, 11.00000000000000000, 4.000000000000000000 ) ) ;
#1628 = PRODUCT_DEFINITION_SHAPE ( 'NONE', 'NONE',  #3764 ) ;
#1629 = ITEM_DEFINED_TRANSFORMATION ( 'NONE', 'NONE', #1164,  #3920 ) ;
#1630 = DIRECTION ( 'NONE',  ( 0.000000000000000000, 0.000000000000000000, 1.000000000000000000 ) ) ;
#1631 = EDGE_LOOP ( 'NONE', ( #3634, #1821, #1448, #421, #3365, #1722, #2205, #1889, #3861, #3327 ) ) ;
#1632 = DIRECTION ( 'NONE',  ( -1.000000000000000000, 0.000000000000000000, 0.000000000000000000 ) ) ;
#1633 = EDGE_LOOP ( 'NONE', ( #1755, #1541 ) ) ;
#1634 = ADVANCED_FACE ( 'NONE', ( #2564 ), #75, .F. ) ;
#1635 = SURFACE_SIDE_STYLE ('',( #388 ) ) ;
#1636 = CARTESIAN_POINT ( 'NONE',  ( -19.60943498125589812, 13.75618328736259066, 10.75618328736257112 ) ) ;
#1637 = EDGE_CURVE ( 'NONE', #1703, #1333, #3169, .T. ) ;
#1638 = FACE_OUTER_BOUND ( 'NONE', #1467, .T. ) ;
#1639 = CARTESIAN_POINT ( 'NONE',  ( 2.071371021540417523, -24.41228014936586987, 6.000000000000000000 ) ) ;
#1640 = ORIENTED_EDGE ( 'NONE', *, *, #1263, .T. ) ;
#1641 = CARTESIAN_POINT ( 'NONE',  ( 4.200000000000001954, 2.449293598294704935E-16, -1.999999999999998668 ) ) ;
#1642 = ORIENTED_EDGE ( 'NONE', *, *, #4027, .T. ) ;
#1643 = CARTESIAN_POINT ( 'NONE',  ( 0.000000000000000000, 0.000000000000000000, 4.000000000000000000 ) ) ;
#1644 = CARTESIAN_POINT ( 'NONE',  ( 0.000000000000000000, 0.000000000000000000, -3.200000000000000178 ) ) ;
#1645 = DIRECTION ( 'NONE',  ( -0.000000000000000000, -0.000000000000000000, 1.000000000000000000 ) ) ;
#1646 = DIRECTION ( 'NONE',  ( 1.000000000000000000, 0.000000000000000000, 0.000000000000000000 ) ) ;
#1647 = ORIENTED_EDGE ( 'NONE', *, *, #1606, .F. ) ;
#1648 = FILL_AREA_STYLE ('',( #3272 ) ) ;
#1649 = DIRECTION ( 'NONE',  ( 1.000000000000000000, 0.000000000000000000, 0.000000000000000000 ) ) ;
#1650 = ADVANCED_FACE ( 'NONE', ( #367, #326 ), #1620, .F. ) ;
#1651 = CARTESIAN_POINT ( 'NONE',  ( -4.041451884327380562, 20.99999999999999289, 6.000000000000000000 ) ) ;
#1652 = CARTESIAN_POINT ( 'NONE',  ( 2.000000000000000000, -0.8717989064763382867, 1.509999999999999121 ) ) ;
#1653 = EDGE_CURVE ( 'NONE', #2380, #913, #2208, .T. ) ;
#1654 = ORIENTED_EDGE ( 'NONE', *, *, #527, .F. ) ;
#1655 = LINE ( 'NONE', #2289, #2325 ) ;
#1656 = VERTEX_POINT ( 'NONE', #3628 ) ;
#1657 = CIRCLE ( 'NONE', #3837, 3.500000000000000444 ) ;
#1658 = CARTESIAN_POINT ( 'NONE',  ( 0.000000000000000000, 0.000000000000000000, -3.174599999999999866 ) ) ;
#1659 = EDGE_CURVE ( 'NONE', #2068, #384, #752, .T. ) ;
#1660 = UNCERTAINTY_MEASURE_WITH_UNIT (LENGTH_MEASURE( 1.000000000000000082E-05 ), #1569, 'distance_accuracy_value', 'NONE');
#1661 = ORIENTED_EDGE ( 'NONE', *, *, #2900, .T. ) ;
#1662 = CARTESIAN_POINT ( 'NONE',  ( -1.466422162314116009E-13, -21.00000000000000000, 3.000000000000000000 ) ) ;
#1663 = PRODUCT_DEFINITION_SHAPE ( 'NONE', 'NONE',  #3333 ) ;
#1664 = AXIS2_PLACEMENT_3D ( 'NONE', #861, #2715, #277 ) ;
#1665 = DIRECTION ( 'NONE',  ( 1.000000000000000000, 0.000000000000000000, 0.000000000000000000 ) ) ;
#1666 = ORIENTED_EDGE ( 'NONE', *, *, #3522, .T. ) ;
#1667 = AXIS2_PLACEMENT_3D ( 'NONE', #461, #2049, #1404 ) ;
#1668 = VECTOR ( 'NONE', #1549, 1000.000000000000000 ) ;
#1669 = CARTESIAN_POINT ( 'NONE',  ( 24.00000000000000000, 1.610000000000000098, 0.000000000000000000 ) ) ;
#1670 = DIRECTION ( 'NONE',  ( -1.000000000000000000, -0.000000000000000000, -0.000000000000000000 ) ) ;
#1671 = CIRCLE ( 'NONE', #2661, 19.00000000000000000 ) ;
#1672 = CARTESIAN_POINT ( 'NONE',  ( -31.74999999999995737, 4.286263797015736102E-16, -3.499999999999999556 ) ) ;
#1673 = CARTESIAN_POINT ( 'NONE',  ( 0.000000000000000000, 0.000000000000000000, -0.2450726383733985714 ) ) ;
#1674 = CARTESIAN_POINT ( 'NONE',  ( 0.5735064479039745367, -3.710337782248047223, -3.061158938895380377 ) ) ;
#1675 = CARTESIAN_POINT ( 'NONE',  ( 3.348158926381128442, 28.54826303069430438, 51.44205394551316601 ) ) ;
#1676 = AXIS2_PLACEMENT_3D ( 'NONE', #1279, #678, #3139 ) ;
#1677 = STYLED_ITEM ( 'NONE', ( #1934 ), #66 ) ;
#1678 = ORIENTED_EDGE ( 'NONE', *, *, #916, .F. ) ;
#1679 = EDGE_CURVE ( 'NONE', #1136, #1216, #2866, .T. ) ;
#1680 = STYLED_ITEM ( 'NONE', ( #676 ), #1634 ) ;
#1681 = DIRECTION ( 'NONE',  ( -0.000000000000000000, -0.000000000000000000, 1.000000000000000000 ) ) ;
#1682 = EDGE_LOOP ( 'NONE', ( #3362, #3451, #336, #2226 ) ) ;
#1683 = LINE ( 'NONE', #3217, #2705 ) ;
#1684 = ORIENTED_EDGE ( 'NONE', *, *, #1762, .F. ) ;
#1685 = EDGE_CURVE ( 'NONE', #329, #2668, #2601, .T. ) ;
#1686 = FACE_OUTER_BOUND ( 'NONE', #2940, .T. ) ;
#1687 = PRODUCT_DEFINITION_SHAPE ( 'NONE', 'NONE',  #4066 ) ;
#1688 = VERTEX_POINT ( 'NONE', #733 ) ;
#1689 = CARTESIAN_POINT ( 'NONE',  ( 0.000000000000000000, 0.000000000000000000, 0.000000000000000000 ) ) ;
#1690 = ORIENTED_EDGE ( 'NONE', *, *, #3472, .T. ) ;
#1691 = ORIENTED_EDGE ( 'NONE', *, *, #136, .F. ) ;
#1692 = DIRECTION ( 'NONE',  ( 0.000000000000000000, 0.000000000000000000, -1.000000000000000000 ) ) ;
#1693 = DIRECTION ( 'NONE',  ( 0.000000000000000000, 0.000000000000000000, 1.000000000000000000 ) ) ;
#1694 = FACE_BOUND ( 'NONE', #129, .T. ) ;
#1695 = LINE ( 'NONE', #3568, #692 ) ;
#1696 = CARTESIAN_POINT ( 'NONE',  ( 1.482500161549134971E-15, 21.00000000000000000, 8.000000000000000000 ) ) ;
#1697 = EDGE_LOOP ( 'NONE', ( #437, #1135, #3964, #1373 ) ) ;
#1698 = DIRECTION ( 'NONE',  ( -0.000000000000000000, -0.000000000000000000, 1.000000000000000000 ) ) ;
#1699 = VERTEX_POINT ( 'NONE', #2365 ) ;
#1700 = CARTESIAN_POINT ( 'NONE',  ( -2.020725942163813293, -17.49999999999998579, 3.000000000000000000 ) ) ;
#1701 = UNCERTAINTY_MEASURE_WITH_UNIT (LENGTH_MEASURE( 1.000000000000000082E-05 ), #3152, 'distance_accuracy_value', 'NONE');
#1702 = ADVANCED_FACE ( 'NONE', ( #1106 ), #448, .T. ) ;
#1703 = VERTEX_POINT ( 'NONE', #3865 ) ;
#1704 = DIRECTION ( 'NONE',  ( 1.000000000000000000, 0.000000000000000000, 0.000000000000000000 ) ) ;
#1705 = ORIENTED_EDGE ( 'NONE', *, *, #2733, .F. ) ;
#1706 = SHAPE_REPRESENTATION_RELATIONSHIP ( 'NONE' , 'NONE' ,  #2030, #81 ) ;
#1707 = DIRECTION ( 'NONE',  ( -1.000000000000000000, -0.000000000000000000, -0.000000000000000000 ) ) ;
#1708 = EDGE_CURVE ( 'NONE', #2486, #493, #3564, .T. ) ;
#1709 = ORIENTED_EDGE ( 'NONE', *, *, #2759, .F. ) ;
#1710 = ORIENTED_EDGE ( 'NONE', *, *, #2660, .F. ) ;
#1711 = DIRECTION ( 'NONE',  ( -0.000000000000000000, -0.000000000000000000, 1.000000000000000000 ) ) ;
#1712 = CARTESIAN_POINT ( 'NONE',  ( 3.500000000000000444, 0.000000000000000000, -3.200000000000000178 ) ) ;
#1713 = ADVANCED_FACE ( 'NONE', ( #134 ), #2284, .T. ) ;
#1714 = FACE_BOUND ( 'NONE', #854, .T. ) ;
#1715 = CARTESIAN_POINT ( 'NONE',  ( 0.000000000000000000, 0.000000000000000000, -3.200000000000000178 ) ) ;
#1716 = LINE ( 'NONE', #2396, #758 ) ;
#1717 = ORIENTED_EDGE ( 'NONE', *, *, #2960, .T. ) ;
#1718 = CARTESIAN_POINT ( 'NONE',  ( 18.60671921645509030, -15.00000000000002309, 12.00000000000000000 ) ) ;
#1719 = ORIENTED_EDGE ( 'NONE', *, *, #2809, .T. ) ;
#1720 = DIRECTION ( 'NONE',  ( 1.000000000000000000, 0.000000000000000000, 0.000000000000000000 ) ) ;
#1721 = AXIS2_PLACEMENT_3D ( 'NONE', #1567, #9, #617 ) ;
#1722 = ORIENTED_EDGE ( 'NONE', *, *, #732, .T. ) ;
#1723 = EDGE_LOOP ( 'NONE', ( #1506, #2354, #2543, #3953 ) ) ;
#1724 =( NAMED_UNIT ( * ) PLANE_ANGLE_UNIT ( ) SI_UNIT ( $, .RADIAN. ) );
#1725 = CONICAL_SURFACE ( 'NONE', #3507, 3.500000000000000444, 1.047197551196596521 ) ;
#1726 = ADVANCED_FACE ( 'NONE', ( #119 ), #423, .F. ) ;
#1727 = DIRECTION ( 'NONE',  ( 0.000000000000000000, 0.000000000000000000, 1.000000000000000000 ) ) ;
#1728 = DIRECTION ( 'NONE',  ( -0.8191520442889915765, 1.003171929053524500E-16, 0.5735764363510464925 ) ) ;
#1729 = AXIS2_PLACEMENT_3D ( 'NONE', #759, #1126, #3256 ) ;
#1730 = VERTEX_POINT ( 'NONE', #3546 ) ;
#1731 = ADVANCED_FACE ( 'NONE', ( #1971 ), #3221, .F. ) ;
#1732 =( NAMED_UNIT ( * ) PLANE_ANGLE_UNIT ( ) SI_UNIT ( $, .RADIAN. ) );
#1733 = AXIS2_PLACEMENT_3D ( 'NONE', #2302, #3932, #121 ) ;
#1734 = DIRECTION ( 'NONE',  ( 1.000000000000000000, 0.000000000000000000, 0.000000000000000000 ) ) ;
#1735 = CARTESIAN_POINT ( 'NONE',  ( 1.482500161549134971E-15, 21.00000000000000000, 8.000000000000000000 ) ) ;
#1736 = AXIS2_PLACEMENT_3D ( 'NONE', #2540, #3164, #794 ) ;
#1737 = EDGE_CURVE ( 'NONE', #3819, #576, #2207, .T. ) ;
#1738 = AXIS2_PLACEMENT_3D ( 'NONE', #814, #2314, #1405 ) ;
#1739 = CIRCLE ( 'NONE', #2258, 3.500000000000000444 ) ;
#1740 = DIRECTION ( 'NONE',  ( -1.000000000000000000, 0.000000000000000000, 0.000000000000000000 ) ) ;
#1741 = DIRECTION ( 'NONE',  ( 1.000000000000000000, 0.000000000000000000, 0.000000000000000000 ) ) ;
#1742 = ORIENTED_EDGE ( 'NONE', *, *, #2154, .F. ) ;
#1743 = AXIS2_PLACEMENT_3D ( 'NONE', #3750, #663, #2607 ) ;
#1744 = AXIS2_PLACEMENT_3D ( 'NONE', #1696, #1088, #531 ) ;
#1745 = LINE ( 'NONE', #2935, #1029 ) ;
#1746 = ORIENTED_EDGE ( 'NONE', *, *, #3020, .T. ) ;
#1747 = FACE_BOUND ( 'NONE', #2728, .T. ) ;
#1748 = TOROIDAL_SURFACE ( 'NONE', #178, 3.099999999999999645, 0.4000000000000000222 ) ;
#1749 = PRODUCT_DEFINITION_FORMATION_WITH_SPECIFIED_SOURCE ( 'ANY', '', #717, .NOT_KNOWN. ) ;
#1750 = ORIENTED_EDGE ( 'NONE', *, *, #1973, .F. ) ;
#1751 = VECTOR ( 'NONE', #467, 1000.000000000000000 ) ;
#1752 = CYLINDRICAL_SURFACE ( 'NONE', #1931, 19.00000000000000000 ) ;
#1753 =( LENGTH_UNIT ( ) NAMED_UNIT ( * ) SI_UNIT ( .MILLI., .METRE. ) );
#1754 = DIRECTION ( 'NONE',  ( 0.000000000000000000, 0.000000000000000000, 1.000000000000000000 ) ) ;
#1755 = ORIENTED_EDGE ( 'NONE', *, *, #1777, .F. ) ;
#1756 = CARTESIAN_POINT ( 'NONE',  ( 32.34815892638110313, 28.54826303069430438, 45.35921123303847224 ) ) ;
#1757 = EDGE_CURVE ( 'NONE', #4030, #3486, #639, .T. ) ;
#1758 = ORIENTED_EDGE ( 'NONE', *, *, #2933, .T. ) ;
#1759 = DIRECTION ( 'NONE',  ( 1.000000000000000000, 0.000000000000000000, 0.000000000000000000 ) ) ;
#1760 = FACE_OUTER_BOUND ( 'NONE', #140, .T. ) ;
#1761 = CARTESIAN_POINT ( 'NONE',  ( 1.482500161549134971E-15, 21.00000000000000000, 0.000000000000000000 ) ) ;
#1762 = EDGE_CURVE ( 'NONE', #1656, #1898, #3097, .T. ) ;
#1763 = SURFACE_SIDE_STYLE ('',( #787 ) ) ;
#1764 = ORIENTED_EDGE ( 'NONE', *, *, #754, .T. ) ;
#1765 = CARTESIAN_POINT ( 'NONE',  ( 1.482500161549134971E-15, 21.00000000000000000, 8.000000000000000000 ) ) ;
#1766 = EDGE_CURVE ( 'NONE', #2588, #886, #1437, .T. ) ;
#1767 =( NAMED_UNIT ( * ) SI_UNIT ( $, .STERADIAN. ) SOLID_ANGLE_UNIT ( ) );
#1768 = CARTESIAN_POINT ( 'NONE',  ( -3.500000000000000000, 0.000000000000000000, -3.200000000000000178 ) ) ;
#1769 = VERTEX_POINT ( 'NONE', #1995 ) ;
#1770 = CARTESIAN_POINT ( 'NONE',  ( 4.041451884327381450, 20.99999999999999645, 6.000000000000000000 ) ) ;
#1771 = EDGE_LOOP ( 'NONE', ( #333, #3118 ) ) ;
#1772 = CARTESIAN_POINT ( 'NONE',  ( 0.000000000000000000, 0.000000000000000000, 0.000000000000000000 ) ) ;
#1773 = CARTESIAN_POINT ( 'NONE',  ( 1.750000000000005329, -3.031088913245532979, 0.000000000000000000 ) ) ;
#1774 = CARTESIAN_POINT ( 'NONE',  ( 2.000000000000000000, -0.8717989064763382867, 1.509999999999999121 ) ) ;
#1775 = SURFACE_STYLE_USAGE ( .BOTH. , #1554 ) ;
#1776 = DIRECTION ( 'NONE',  ( 0.000000000000000000, 0.000000000000000000, -1.000000000000000000 ) ) ;
#1777 = EDGE_CURVE ( 'NONE', #3986, #447, #3899, .T. ) ;
#1778 = DIRECTION ( 'NONE',  ( -0.000000000000000000, -0.000000000000000000, 1.000000000000000000 ) ) ;
#1779 = ORIENTED_EDGE ( 'NONE', *, *, #2247, .F. ) ;
#1780 = LINE ( 'NONE', #3036, #1470 ) ;
#1781 = CARTESIAN_POINT ( 'NONE',  ( 7.036706524189653145, 33.42738717220391464, 55.54107846859532316 ) ) ;
#1782 = ADVANCED_FACE ( 'NONE', ( #2321 ), #3947, .T. ) ;
#1783 = DIRECTION ( 'NONE',  ( -0.000000000000000000, -0.000000000000000000, -1.000000000000000000 ) ) ;
#1784 = ORIENTED_EDGE ( 'NONE', *, *, #884, .F. ) ;
#1785 = STYLED_ITEM ( 'NONE', ( #1507 ), #1802 ) ;
#1786 = FACE_OUTER_BOUND ( 'NONE', #1400, .T. ) ;
#1787 = AXIS2_PLACEMENT_3D ( 'NONE', #3457, #1826, #2193 ) ;
#1788 = ORIENTED_EDGE ( 'NONE', *, *, #3617, .T. ) ;
#1789 = FACE_OUTER_BOUND ( 'NONE', #3541, .T. ) ;
#1790 = ORIENTED_EDGE ( 'NONE', *, *, #710, .F. ) ;
#1791 = AXIS2_PLACEMENT_3D ( 'NONE', #18, #76, #3136 ) ;
#1792 = B_SPLINE_CURVE_WITH_KNOTS ( 'NONE', 3,
 ( #3503, #982, #324, #1935, #1572, #3188 ),
 .UNSPECIFIED., .F., .F.,
 ( 4, 2, 4 ),
 ( 0.003605240635278488676, 0.004627368318297471472, 0.005649496001316455136 ),
 .UNSPECIFIED. ) ;
#1793 = CARTESIAN_POINT ( 'NONE',  ( -2.927447417349533954, 2.351289329882150003, -3.078243469714890157 ) ) ;
#1794 =( NAMED_UNIT ( * ) SI_UNIT ( $, .STERADIAN. ) SOLID_ANGLE_UNIT ( ) );
#1795 = CIRCLE ( 'NONE', #755, 4.000000000000000000 ) ;
#1796 = DIRECTION ( 'NONE',  ( -1.000000000000000000, -0.000000000000000000, -0.000000000000000000 ) ) ;
#1797 = CLOSED_SHELL ( 'NONE', ( #633, #1368, #3142, #1835, #4023, #3001, #3876, #409, #1391, #1129, #1833, #1713, #2706, #2279, #2210, #1808, #2388, #987, #3597, #477, #3625, #1113, #3108, #505, #1134, #1731, #735 ) ) ;
#1798 = DIRECTION ( 'NONE',  ( 0.000000000000000000, 0.000000000000000000, 1.000000000000000000 ) ) ;
#1799 = ORIENTED_EDGE ( 'NONE', *, *, #1653, .F. ) ;
#1800 = DIRECTION ( 'NONE',  ( 1.000000000000000000, 0.000000000000000000, 0.000000000000000000 ) ) ;
#1801 = VECTOR ( 'NONE', #745, 1000.000000000000000 ) ;
#1802 = ADVANCED_FACE ( 'NONE', ( #2018 ), #1124, .T. ) ;
#1803 = CARTESIAN_POINT ( 'NONE',  ( 7.028346432164575219, 33.39071397507181871, 55.55756287259573156 ) ) ;
#1804 = AXIS2_PLACEMENT_3D ( 'NONE', #2554, #3474, #1625 ) ;
#1805 = DIRECTION ( 'NONE',  ( -1.000000000000000000, -0.000000000000000000, -0.000000000000000000 ) ) ;
#1806 = ORIENTED_EDGE ( 'NONE', *, *, #2946, .F. ) ;
#1807 = CARTESIAN_POINT ( 'NONE',  ( 2.199999999999854072, -21.00000000000000000, 0.000000000000000000 ) ) ;
#1808 = ADVANCED_FACE ( 'NONE', ( #337 ), #1584, .F. ) ;
#1809 = AXIS2_PLACEMENT_3D ( 'NONE', #486, #3295, #1063 ) ;
#1810 = ORIENTED_EDGE ( 'NONE', *, *, #3856, .F. ) ;
#1811 = DIRECTION ( 'NONE',  ( 1.000000000000000000, 0.000000000000000000, 0.000000000000000000 ) ) ;
#1812 = AXIS2_PLACEMENT_3D ( 'NONE', #305, #1558, #1257 ) ;
#1813 = CARTESIAN_POINT ( 'NONE',  ( 1.482500161549134971E-15, 21.00000000000000000, 12.00000000000000000 ) ) ;
#1814 = ORIENTED_EDGE ( 'NONE', *, *, #2204, .T. ) ;
#1815 = CARTESIAN_POINT ( 'NONE',  ( 24.34815892638123813, 28.74826303069430367, 45.35921123303847224 ) ) ;
#1816 = DIRECTION ( 'NONE',  ( -1.301042606982598221E-14, 0.000000000000000000, -1.000000000000000000 ) ) ;
#1817 = DIRECTION ( 'NONE',  ( -1.000000000000000000, 0.000000000000000000, 0.000000000000000000 ) ) ;
#1818 = VERTEX_POINT ( 'NONE', #2444 ) ;
#1819 = VERTEX_POINT ( 'NONE', #933 ) ;
#1820 = CARTESIAN_POINT ( 'NONE',  ( -0.6089803659953225701, 18.99023809523809447, 0.000000000000000000 ) ) ;
#1821 = ORIENTED_EDGE ( 'NONE', *, *, #159, .T. ) ;
#1822 = CARTESIAN_POINT ( 'NONE',  ( 3.500000000000000444, -1.355464348821704856, -3.061841578728555557 ) ) ;
#1823 = ORIENTED_EDGE ( 'NONE', *, *, #1441, .T. ) ;
#1824 = CARTESIAN_POINT ( 'NONE',  ( -3.500000000000000000, -0.3414694520252319898, 2.464865876510013987E-16 ) ) ;
#1825 = EDGE_LOOP ( 'NONE', ( #1362, #1525, #788, #2246 ) ) ;
#1826 = DIRECTION ( 'NONE',  ( -1.000000000000000000, -0.000000000000000000, -0.000000000000000000 ) ) ;
#1827 = EDGE_CURVE ( 'NONE', #796, #1445, #1072, .T. ) ;
#1828 = DIRECTION ( 'NONE',  ( 0.000000000000000000, 1.000000000000000000, 1.047444401652940007E-14 ) ) ;
#1829 = DIRECTION ( 'NONE',  ( 1.000000000000000000, 0.000000000000000000, -0.000000000000000000 ) ) ;
#1830 = ORIENTED_EDGE ( 'NONE', *, *, #2787, .T. ) ;
#1831 = CARTESIAN_POINT ( 'NONE',  ( 49.66875667786177928, 33.37506352942023113, 55.55911347573876213 ) ) ;
#1832 = CARTESIAN_POINT ( 'NONE',  ( 2.100000000000002309, 21.00000000000000000, 0.000000000000000000 ) ) ;
#1833 = ADVANCED_FACE ( 'NONE', ( #293 ), #480, .T. ) ;
#1834 = CYLINDRICAL_SURFACE ( 'NONE', #891, 3.999999999999934275 ) ;
#1835 = ADVANCED_FACE ( 'NONE', ( #1267 ), #3222, .T. ) ;
#1836 = DIRECTION ( 'NONE',  ( -0.000000000000000000, -0.000000000000000000, -1.000000000000000000 ) ) ;
#1837 =( NAMED_UNIT ( * ) SI_UNIT ( $, .STERADIAN. ) SOLID_ANGLE_UNIT ( ) );
#1838 = CARTESIAN_POINT ( 'NONE',  ( 0.000000000000000000, 0.000000000000000000, 4.000000000000000000 ) ) ;
#1839 = FACE_OUTER_BOUND ( 'NONE', #2356, .T. ) ;
#1840 = VERTEX_POINT ( 'NONE', #556 ) ;
#1841 = SURFACE_SIDE_STYLE ('',( #594 ) ) ;
#1842 = FACE_OUTER_BOUND ( 'NONE', #2165, .T. ) ;
#1843 = ORIENTED_EDGE ( 'NONE', *, *, #1936, .F. ) ;
#1844 = DIRECTION ( 'NONE',  ( 0.000000000000000000, 0.000000000000000000, 1.000000000000000000 ) ) ;
#1845 = DIRECTION ( 'NONE',  ( 0.000000000000000000, -1.000000000000000000, -3.491481338843133355E-15 ) ) ;
#1846 = PRESENTATION_STYLE_ASSIGNMENT (( #2796 ) ) ;
#1847 = ORIENTED_EDGE ( 'NONE', *, *, #1859, .F. ) ;
#1848 = EDGE_CURVE ( 'NONE', #3403, #3354, #2766, .T. ) ;
#1849 = LINE ( 'NONE', #1529, #1297 ) ;
#1850 = LINE ( 'NONE', #1552, #1149 ) ;
#1851 = VECTOR ( 'NONE', #319, 1000.000000000000000 ) ;
#1852 = ORIENTED_EDGE ( 'NONE', *, *, #862, .F. ) ;
#1853 = ADVANCED_FACE ( 'NONE', ( #1869 ), #2897, .T. ) ;
#1854 = CIRCLE ( 'NONE', #3366, 23.90000000000001634 ) ;
#1855 = CARTESIAN_POINT ( 'NONE',  ( -2.020725942163813293, -17.49999999999998579, 6.000000000000000000 ) ) ;
#1856 = PRESENTATION_STYLE_ASSIGNMENT (( #3740 ) ) ;
#1857 = DIRECTION ( 'NONE',  ( -0.8660254037844388186, -0.4999999999999997224, 0.000000000000000000 ) ) ;
#1858 = CIRCLE ( 'NONE', #614, 1.510000000000000009 ) ;
#1859 = EDGE_CURVE ( 'NONE', #2800, #3801, #609, .T. ) ;
#1860 = ORIENTED_EDGE ( 'NONE', *, *, #3807, .F. ) ;
#1861 = FACE_OUTER_BOUND ( 'NONE', #2295, .T. ) ;
#1862 = VECTOR ( 'NONE', #1023, 1000.000000000000000 ) ;
#1863 = DIRECTION ( 'NONE',  ( -0.4999999999999937272, 0.8660254037844422603, 0.000000000000000000 ) ) ;
#1864 = EDGE_LOOP ( 'NONE', ( #3627, #210, #613 ) ) ;
#1865 = AXIS2_PLACEMENT_3D ( 'NONE', #919, #256, #1811 ) ;
#1866 = AXIS2_PLACEMENT_3D ( 'NONE', #431, #3479, #122 ) ;
#1867 = DIRECTION ( 'NONE',  ( -0.000000000000000000, -0.000000000000000000, -1.000000000000000000 ) ) ;
#1868 = ORIENTED_EDGE ( 'NONE', *, *, #1188, .T. ) ;
#1869 = FACE_OUTER_BOUND ( 'NONE', #352, .T. ) ;
#1870 = VECTOR ( 'NONE', #912, 1000.000000000000000 ) ;
#1871 = VECTOR ( 'NONE', #1111, 999.9999999999998863 ) ;
#1872 = DIRECTION ( 'NONE',  ( 1.000000000000000000, 0.000000000000000000, 0.000000000000000000 ) ) ;
#1873 = LINE ( 'NONE', #2831, #3314 ) ;
#1874 =( GEOMETRIC_REPRESENTATION_CONTEXT ( 3 ) GLOBAL_UNCERTAINTY_ASSIGNED_CONTEXT ( ( #517 ) ) GLOBAL_UNIT_ASSIGNED_CONTEXT ( ( #214, #840, #1181 ) ) REPRESENTATION_CONTEXT ( 'NONE', 'WORKASPACE' ) );
#1875 = CARTESIAN_POINT ( 'NONE',  ( 2.020725942163571265, -17.50000000000001066, 6.000000000000000000 ) ) ;
#1876 = DIRECTION ( 'NONE',  ( -0.000000000000000000, -0.000000000000000000, -1.000000000000000000 ) ) ;
#1877 = STYLED_ITEM ( 'NONE', ( #3884 ), #1394 ) ;
#1878 = COLOUR_RGB ( '',1.000000000000000000, 1.000000000000000000, 1.000000000000000000 ) ;
#1879 = ORIENTED_EDGE ( 'NONE', *, *, #996, .T. ) ;
#1880 = AXIS2_PLACEMENT_3D ( 'NONE', #1669, #1734, #1692 ) ;
#1881 = CARTESIAN_POINT ( 'NONE',  ( 15.49193338482966809, -11.00000000000000000, 7.000000000000000000 ) ) ;
#1882 = PLANE ( 'NONE',  #1791 ) ;
#1883 = EDGE_CURVE ( 'NONE', #3144, #3452, #2112, .T. ) ;
#1884 = LINE ( 'NONE', #407, #1032 ) ;
#1885 = CARTESIAN_POINT ( 'NONE',  ( -2.933510730180075132, 23.71928571428571431, 12.00000000000000000 ) ) ;
#1886 = EDGE_CURVE ( 'NONE', #493, #1033, #3065, .T. ) ;
#1887 = ORIENTED_EDGE ( 'NONE', *, *, #3287, .T. ) ;
#1888 = DIRECTION ( 'NONE',  ( 0.000000000000000000, 0.000000000000000000, -1.000000000000000000 ) ) ;
#1889 = ORIENTED_EDGE ( 'NONE', *, *, #87, .T. ) ;
#1890 = SURFACE_STYLE_USAGE ( .BOTH. , #597 ) ;
#1891 = EDGE_CURVE ( 'NONE', #1699, #1398, #3145, .T. ) ;
#1892 = CARTESIAN_POINT ( 'NONE',  ( 28.34815892638131984, 40.74826303069425393, 66.35921123303852198 ) ) ;
#1893 = CYLINDRICAL_SURFACE ( 'NONE', #101, 4.000000000000000000 ) ;
#1894 = CARTESIAN_POINT ( 'NONE',  ( 7.129428276819034238, 33.38864377232303582, 55.36032626622021979 ) ) ;
#1895 = LINE ( 'NONE', #1571, #1424 ) ;
#1896 = CARTESIAN_POINT ( 'NONE',  ( 18.60671921645509030, 15.00000000000002309, 12.00000000000000000 ) ) ;
#1897 = ORIENTED_EDGE ( 'NONE', *, *, #1973, .T. ) ;
#1898 = VERTEX_POINT ( 'NONE', #251 ) ;
#1899 = CARTESIAN_POINT ( 'NONE',  ( 9.653006452439486296, 28.57558369128958731, 51.46937460610836723 ) ) ;
#1900 = CARTESIAN_POINT ( 'NONE',  ( -2.020725942163813293, -17.49999999999998579, 3.000000000000000000 ) ) ;
#1901 = ORIENTED_EDGE ( 'NONE', *, *, #406, .T. ) ;
#1902 = CARTESIAN_POINT ( 'NONE',  ( 24.00000000000000000, 0.000000000000000000, 1.610000000000000098 ) ) ;
#1903 = DIRECTION ( 'NONE',  ( -1.000000000000000000, -0.000000000000000000, -0.000000000000000000 ) ) ;
#1904 = ORIENTED_EDGE ( 'NONE', *, *, #2184, .T. ) ;
#1905 = ADVANCED_FACE ( 'NONE', ( #2793, #895 ), #2812, .T. ) ;
#1906 = DIRECTION ( 'NONE',  ( 1.000000000000000000, 0.000000000000000000, -0.000000000000000000 ) ) ;
#1907 = ORIENTED_EDGE ( 'NONE', *, *, #3020, .F. ) ;
#1908 = DIRECTION ( 'NONE',  ( 0.000000000000000000, 0.000000000000000000, -1.000000000000000000 ) ) ;
#1909 = SHAPE_DEFINITION_REPRESENTATION ( #1628, #1156 ) ;
#1910 = LINE ( 'NONE', #322, #3113 ) ;
#1911 = EDGE_CURVE ( 'NONE', #3301, #2627, #2172, .T. ) ;
#1912 = CARTESIAN_POINT ( 'NONE',  ( 2.000000000000000000, 1.743597812952664805, -4.011548038196366406E-15 ) ) ;
#1913 = CARTESIAN_POINT ( 'NONE',  ( 49.58238971852520649, 33.44308158603958958, 55.39027687647848097 ) ) ;
#1914 = CARTESIAN_POINT ( 'NONE',  ( 7.130006320652419127, 32.74826303069429656, 55.35921123303849356 ) ) ;
#1915 = ORIENTED_EDGE ( 'NONE', *, *, #2759, .T. ) ;
#1916 = ORIENTED_EDGE ( 'NONE', *, *, #2681, .F. ) ;
#1917 = CARTESIAN_POINT ( 'NONE',  ( 2.933510730179778037, -23.71928571428575339, 12.00000000000000000 ) ) ;
#1918 = AXIS2_PLACEMENT_3D ( 'NONE', #2495, #2133, #3101 ) ;
#1919 = PLANE ( 'NONE',  #2925 ) ;
#1920 = CARTESIAN_POINT ( 'NONE',  ( -2.100000000000000089, 21.00000000000000000, 0.000000000000000000 ) ) ;
#1921 = VECTOR ( 'NONE', #1961, 1000.000000000000000 ) ;
#1922 = ORIENTED_EDGE ( 'NONE', *, *, #1046, .T. ) ;
#1923 = COLOUR_RGB ( '',0.2509803921568627416, 0.2509803921568627416, 0.2509803921568627416 ) ;
#1924 = CARTESIAN_POINT ( 'NONE',  ( 0.000000000000000000, 0.000000000000000000, 6.000000000000000000 ) ) ;
#1925 = ORIENTED_EDGE ( 'NONE', *, *, #63, .F. ) ;
#1926 = DIRECTION ( 'NONE',  ( 0.000000000000000000, 0.000000000000000000, 1.000000000000000000 ) ) ;
#1927 =( NAMED_UNIT ( * ) SI_UNIT ( $, .STERADIAN. ) SOLID_ANGLE_UNIT ( ) );
#1928 = DIRECTION ( 'NONE',  ( -0.000000000000000000, -0.000000000000000000, -1.000000000000000000 ) ) ;
#1929 = EDGE_CURVE ( 'NONE', #118, #2005, #70, .T. ) ;
#1930 = AXIS2_PLACEMENT_3D ( 'NONE', #1590, #715, #673 ) ;
#1931 = AXIS2_PLACEMENT_3D ( 'NONE', #793, #1783, #2029 ) ;
#1932 = CARTESIAN_POINT ( 'NONE',  ( 2.199999999999854072, -21.00000000000000000, 3.000000000000000000 ) ) ;
#1933 = VECTOR ( 'NONE', #2814, 1000.000000000000000 ) ;
#1934 = PRESENTATION_STYLE_ASSIGNMENT (( #3540 ) ) ;
#1935 = CARTESIAN_POINT ( 'NONE',  ( 3.499999999999999556, -0.6807265984995646280, -0.02935130719646764433 ) ) ;
#1936 = EDGE_CURVE ( 'NONE', #3452, #384, #2252, .T. ) ;
#1937 = CIRCLE ( 'NONE', #2721, 3.099999999999999645 ) ;
#1938 = EDGE_LOOP ( 'NONE', ( #172, #3528, #3705, #3743 ) ) ;
#1939 = VERTEX_POINT ( 'NONE', #380 ) ;
#1940 = VECTOR ( 'NONE', #192, 1000.000000000000000 ) ;
#1941 = CARTESIAN_POINT ( 'NONE',  ( -1.750000000000005329, 3.031088913245532979, 0.000000000000000000 ) ) ;
#1942 = AXIS2_PLACEMENT_3D ( 'NONE', #1892, #4018, #3146 ) ;
#1943 = CARTESIAN_POINT ( 'NONE',  ( 47.09121572637851472, 28.63613099633834125, 51.52992191115665577 ) ) ;
#1944 = AXIS2_PLACEMENT_3D ( 'NONE', #1838, #866, #3721 ) ;
#1945 = DIRECTION ( 'NONE',  ( -0.8660254037844379305, -0.5000000000000014433, 0.000000000000000000 ) ) ;
#1946 = FACE_OUTER_BOUND ( 'NONE', #636, .T. ) ;
#1947 = VERTEX_POINT ( 'NONE', #1016 ) ;
#1948 = DIRECTION ( 'NONE',  ( -4.383936695013188063E-29, 1.000000000000000000, 5.520779089334829130E-43 ) ) ;
#1949 = VERTEX_POINT ( 'NONE', #686 ) ;
#1950 = DIRECTION ( 'NONE',  ( 0.000000000000000000, 0.000000000000000000, -1.000000000000000000 ) ) ;
#1951 = APPLICATION_PROTOCOL_DEFINITION ( 'draft international standard', 'automotive_design', 1998, #3249 ) ;
#1952 = EDGE_CURVE ( 'NONE', #3452, #3144, #3701, .T. ) ;
#1953 = DIRECTION ( 'NONE',  ( 1.000000000000000000, 4.383936695013188063E-29, -1.255609373087974576E-14 ) ) ;
#1954 = EDGE_LOOP ( 'NONE', ( #2282, #2337, #1001, #3669 ) ) ;
#1955 = DIRECTION ( 'NONE',  ( -4.383936695013188063E-29, 1.000000000000000000, 5.520779089334829130E-43 ) ) ;
#1956 = ORIENTED_EDGE ( 'NONE', *, *, #1192, .T. ) ;
#1957 = ADVANCED_FACE ( 'NONE', ( #2609 ), #353, .F. ) ;
#1958 = DIRECTION ( 'NONE',  ( -0.000000000000000000, -0.000000000000000000, 1.000000000000000000 ) ) ;
#1959 = ORIENTED_EDGE ( 'NONE', *, *, #3015, .F. ) ;
#1960 = LINE ( 'NONE', #1651, #3124 ) ;
#1961 = DIRECTION ( 'NONE',  ( 0.000000000000000000, -1.000000000000000000, 7.461827477171319195E-16 ) ) ;
#1962 = ORIENTED_EDGE ( 'NONE', *, *, #732, .F. ) ;
#1963 = CARTESIAN_POINT ( 'NONE',  ( -1.156317065392240107, 3.373851915354615372, -3.170065989602864232 ) ) ;
#1964 = ORIENTED_EDGE ( 'NONE', *, *, #601, .F. ) ;
#1965 = CARTESIAN_POINT ( 'NONE',  ( 0.000000000000000000, -1.743597812952675019, 0.000000000000000000 ) ) ;
#1966 = CARTESIAN_POINT ( 'NONE',  ( 0.000000000000000000, 0.000000000000000000, 0.000000000000000000 ) ) ;
#1967 = ORIENTED_EDGE ( 'NONE', *, *, #3235, .F. ) ;
#1968 = DIRECTION ( 'NONE',  ( -1.000000000000000000, 6.867723879941292569E-15, 0.000000000000000000 ) ) ;
#1969 = VERTEX_POINT ( 'NONE', #396 ) ;
#1970 = ORIENTED_EDGE ( 'NONE', *, *, #1564, .T. ) ;
#1971 = FACE_OUTER_BOUND ( 'NONE', #2634, .T. ) ;
#1972 = CARTESIAN_POINT ( 'NONE',  ( 0.000000000000000000, 0.000000000000000000, 0.000000000000000000 ) ) ;
#1973 = EDGE_CURVE ( 'NONE', #2076, #123, #3294, .T. ) ;
#1974 = DIRECTION ( 'NONE',  ( 0.000000000000000000, 0.000000000000000000, 1.000000000000000000 ) ) ;
#1975 = CARTESIAN_POINT ( 'NONE',  ( 46.95487814283602290, 28.74826303069430367, 51.35921123303799618 ) ) ;
#1976 = EDGE_CURVE ( 'NONE', #3177, #1252, #25, .T. ) ;
#1977 = VECTOR ( 'NONE', #1328, 1000.000000000000000 ) ;
#1978 = VERTEX_POINT ( 'NONE', #109 ) ;
#1979 = CARTESIAN_POINT ( 'NONE',  ( 2.000000000000000000, -1.743597812952675019, 0.000000000000000000 ) ) ;
#1980 = VERTEX_POINT ( 'NONE', #1965 ) ;
#1981 = FACE_OUTER_BOUND ( 'NONE', #3710, .T. ) ;
#1982 = PRODUCT_CONTEXT ( 'NONE', #3046, 'mechanical' ) ;
#1983 = APPLICATION_CONTEXT ( 'automotive_design' ) ;
#1984 = VECTOR ( 'NONE', #3406, 1000.000000000000000 ) ;
#1985 = VERTEX_POINT ( 'NONE', #3234 ) ;
#1986 = LINE ( 'NONE', #1912, #433 ) ;
#1987 = AXIS2_PLACEMENT_3D ( 'NONE', #3590, #1670, #2618 ) ;
#1988 = ORIENTED_EDGE ( 'NONE', *, *, #2437, .T. ) ;
#1989 = DIRECTION ( 'NONE',  ( 0.000000000000000000, 0.000000000000000000, 1.000000000000000000 ) ) ;
#1990 = CARTESIAN_POINT ( 'NONE',  ( 3.348158926381126665, 28.54826303069430438, 51.31778987680123549 ) ) ;
#1991 = ORIENTED_EDGE ( 'NONE', *, *, #2994, .F. ) ;
#1992 =( GEOMETRIC_REPRESENTATION_CONTEXT ( 3 ) GLOBAL_UNCERTAINTY_ASSIGNED_CONTEXT ( ( #769 ) ) GLOBAL_UNIT_ASSIGNED_CONTEXT ( ( #3772, #2918, #1295 ) ) REPRESENTATION_CONTEXT ( 'NONE', 'WORKASPACE' ) );
#1993 = CIRCLE ( 'NONE', #3577, 19.00000000000000000 ) ;
#1994 = PRODUCT_RELATED_PRODUCT_CATEGORY ( 'part', '', ( #425 ) ) ;
#1995 = CARTESIAN_POINT ( 'NONE',  ( -2.071371021540582280, 24.41228014936585211, 3.000000000000000000 ) ) ;
#1996 = DIRECTION ( 'NONE',  ( -1.000000000000000000, -4.148287109094516249E-29, 1.255609373087974576E-14 ) ) ;
#1997 = AXIS2_PLACEMENT_3D ( 'NONE', #359, #3814, #1630 ) ;
#1998 = B_SPLINE_CURVE_WITH_KNOTS ( 'NONE', 3,
 ( #261, #880, #2482, #2117, #4046, #1516 ),
 .UNSPECIFIED., .F., .F.,
 ( 4, 2, 4 ),
 ( 0.005649496001316454269, 0.006672230966438307334, 0.007694965931560159532 ),
 .UNSPECIFIED. ) ;
#1999 = EDGE_CURVE ( 'NONE', #600, #465, #3833, .T. ) ;
#2000 = DIRECTION ( 'NONE',  ( 0.8660254037844378194, -0.5000000000000013323, 0.000000000000000000 ) ) ;
#2001 = CARTESIAN_POINT ( 'NONE',  ( -21.21815260572889628, 11.00000000000000000, 4.000000000000000000 ) ) ;
#2002 = CARTESIAN_POINT ( 'NONE',  ( -2.933510730180067139, 23.71928571428572496, 10.00000000000000000 ) ) ;
#2003 = VECTOR ( 'NONE', #1836, 1000.000000000000000 ) ;
#2004 = AXIS2_PLACEMENT_3D ( 'NONE', #3813, #2644, #804 ) ;
#2005 = VERTEX_POINT ( 'NONE', #709 ) ;
#2006 = ADVANCED_FACE ( 'NONE', ( #1981 ), #3476, .F. ) ;
#2007 = AXIS2_PLACEMENT_3D ( 'NONE', #1319, #697, #3529 ) ;
#2008 = FILL_AREA_STYLE_COLOUR ( '', #1488 ) ;
#2009 = VERTEX_POINT ( 'NONE', #1052 ) ;
#2010 = CARTESIAN_POINT ( 'NONE',  ( 0.000000000000000000, 0.000000000000000000, 7.000000000000000000 ) ) ;
#2011 = EDGE_LOOP ( 'NONE', ( #1691, #2532, #2508, #1616 ) ) ;
#2012 = EDGE_CURVE ( 'NONE', #2676, #2502, #1683, .T. ) ;
#2013 = DIRECTION ( 'NONE',  ( 0.000000000000000000, 0.7071067811865456854, 0.7071067811865493491 ) ) ;
#2014 = ORIENTED_EDGE ( 'NONE', *, *, #2907, .F. ) ;
#2015 =( LENGTH_UNIT ( ) NAMED_UNIT ( * ) SI_UNIT ( .MILLI., .METRE. ) );
#2016 = FACE_OUTER_BOUND ( 'NONE', #365, .T. ) ;
#2017 = EDGE_LOOP ( 'NONE', ( #2490, #3191, #785, #1285 ) ) ;
#2018 = FACE_OUTER_BOUND ( 'NONE', #2011, .T. ) ;
#2019 = CARTESIAN_POINT ( 'NONE',  ( 3.500000000000000000, 1.362959798491818697, -3.060265505016215748 ) ) ;
#2020 = CARTESIAN_POINT ( 'NONE',  ( 2.168404344971008868E-16, 4.041451884327385002, -2.887392608830354312 ) ) ;
#2021 = CARTESIAN_POINT ( 'NONE',  ( 3.348158926381183953, 32.74826303069429656, 55.35921123303854330 ) ) ;
#2022 = EDGE_LOOP ( 'NONE', ( #3413, #2498, #3949, #1784 ) ) ;
#2023 = EDGE_LOOP ( 'NONE', ( #651, #2563, #1024, #2874 ) ) ;
#2024 = PRESENTATION_STYLE_ASSIGNMENT (( #3260 ) ) ;
#2025 = EDGE_LOOP ( 'NONE', ( #2948, #2223, #2879, #927 ) ) ;
#2026 = DIRECTION ( 'NONE',  ( -1.000000000000000000, 0.000000000000000000, -0.000000000000000000 ) ) ;
#2027 = UNCERTAINTY_MEASURE_WITH_UNIT (LENGTH_MEASURE( 1.000000000000000082E-05 ), #2768, 'distance_accuracy_value', 'NONE');
#2028 = EDGE_CURVE ( 'NONE', #498, #1978, #1367, .T. ) ;
#2029 = DIRECTION ( 'NONE',  ( -1.000000000000000000, 0.000000000000000000, 0.000000000000000000 ) ) ;
#2030 = SHAPE_REPRESENTATION ( 'socket head cap screw_din_DIN 912 M4 x 20 --- 20N', ( #3920 ), #1300 ) ;
#2031 = FILL_AREA_STYLE ('',( #1433 ) ) ;
#2032 = DIRECTION ( 'NONE',  ( -0.000000000000000000, -0.000000000000000000, -1.000000000000000000 ) ) ;
#2033 = ORIENTED_EDGE ( 'NONE', *, *, #1891, .F. ) ;
#2034 = DIRECTION ( 'NONE',  ( 1.000000000000000000, 0.000000000000000000, 0.000000000000000000 ) ) ;
#2035 = CARTESIAN_POINT ( 'NONE',  ( 1.750000000000005107, 3.031088913245532979, 0.000000000000000000 ) ) ;
#2036 = SURFACE_SIDE_STYLE ('',( #3225 ) ) ;
#2037 = DIRECTION ( 'NONE',  ( -1.000000000000000000, 0.000000000000000000, 0.000000000000000000 ) ) ;
#2038 = APPLICATION_CONTEXT ( 'automotive_design' ) ;
#2039 = FACE_OUTER_BOUND ( 'NONE', #3543, .T. ) ;
#2040 = VERTEX_POINT ( 'NONE', #2890 ) ;
#2041 = AXIS2_PLACEMENT_3D ( 'NONE', #1286, #3414, #1225 ) ;
#2042 = CARTESIAN_POINT ( 'NONE',  ( -1.481247163929606854E-13, -21.00000000000000000, 0.000000000000000000 ) ) ;
#2043 = ORIENTED_EDGE ( 'NONE', *, *, #1762, .T. ) ;
#2044 = CARTESIAN_POINT ( 'NONE',  ( 1.482500161549134971E-15, 21.00000000000000000, 8.000000000000000000 ) ) ;
#2045 = AXIS2_PLACEMENT_3D ( 'NONE', #438, #52, #2875 ) ;
#2046 = ORIENTED_EDGE ( 'NONE', *, *, #545, .T. ) ;
#2047 = B_SPLINE_CURVE_WITH_KNOTS ( 'NONE', 3,
 ( #3638, #3279, #2069, #832 ),
 .UNSPECIFIED., .F., .F.,
 ( 4, 4 ),
 ( 0.000000000000000000, 0.0002397515885419011024 ),
 .UNSPECIFIED. ) ;
#2048 = VECTOR ( 'NONE', #1116, 999.9999999999998863 ) ;
#2049 = DIRECTION ( 'NONE',  ( -0.000000000000000000, -0.000000000000000000, 1.000000000000000000 ) ) ;
#2050 = LINE ( 'NONE', #1100, #833 ) ;
#2051 = EDGE_CURVE ( 'NONE', #2947, #1090, #2934, .T. ) ;
#2052 = PRESENTATION_STYLE_ASSIGNMENT (( #3583 ) ) ;
#2053 = CARTESIAN_POINT ( 'NONE',  ( 0.000000000000000000, 0.000000000000000000, -3.200000000000000178 ) ) ;
#2054 = AXIS2_PLACEMENT_3D ( 'NONE', #2971, #1440, #2084 ) ;
#2055 = VERTEX_POINT ( 'NONE', #2626 ) ;
#2056 =( LENGTH_UNIT ( ) NAMED_UNIT ( * ) SI_UNIT ( .MILLI., .METRE. ) );
#2057 = CIRCLE ( 'NONE', #827, 4.000000000000000000 ) ;
#2058 = ADVANCED_FACE ( 'NONE', ( #3160 ), #284, .T. ) ;
#2059 = CARTESIAN_POINT ( 'NONE',  ( 0.000000000000000000, -4.041451884327395661, -3.200000000000000178 ) ) ;
#2060 = ORIENTED_EDGE ( 'NONE', *, *, #2028, .T. ) ;
#2061 = VECTOR ( 'NONE', #2294, 1000.000000000000000 ) ;
#2062 = AXIS2_PLACEMENT_3D ( 'NONE', #775, #2013, #3267 ) ;
#2063 = AXIS2_PLACEMENT_3D ( 'NONE', #828, #2085, #2065 ) ;
#2064 = DIRECTION ( 'NONE',  ( 0.8660254037844385966, -0.5000000000000003331, 0.000000000000000000 ) ) ;
#2065 = DIRECTION ( 'NONE',  ( 1.000000000000000000, 0.000000000000000000, 0.000000000000000000 ) ) ;
#2066 = CIRCLE ( 'NONE', #2788, 0.4000000000000001887 ) ;
#2067 = FACE_OUTER_BOUND ( 'NONE', #2331, .T. ) ;
#2068 = VERTEX_POINT ( 'NONE', #1605 ) ;
#2069 = CARTESIAN_POINT ( 'NONE',  ( 49.66880619610530800, 32.70857916204082727, 55.55921123303797771 ) ) ;
#2070 = CIRCLE ( 'NONE', #2995, 23.89999999999999858 ) ;
#2071 = PRODUCT_DEFINITION_FORMATION_WITH_SPECIFIED_SOURCE ( 'ANY', '', #1471, .NOT_KNOWN. ) ;
#2072 = UNCERTAINTY_MEASURE_WITH_UNIT (LENGTH_MEASURE( 1.000000000000000082E-05 ), #820, 'distance_accuracy_value', 'NONE');
#2073 = AXIS2_PLACEMENT_3D ( 'NONE', #798, #2034, #1413 ) ;
#2074 = SURFACE_STYLE_USAGE ( .BOTH. , #1449 ) ;
#2075 = CARTESIAN_POINT ( 'NONE',  ( 2.000000000000000000, -2.168404344971008868E-15, 3.019999999999996909 ) ) ;
#2076 = VERTEX_POINT ( 'NONE', #2573 ) ;
#2077 =( NAMED_UNIT ( * ) SI_UNIT ( $, .STERADIAN. ) SOLID_ANGLE_UNIT ( ) );
#2078 = CARTESIAN_POINT ( 'NONE',  ( -3.500000000000000444, -1.355464348821705078, -3.061841578728554669 ) ) ;
#2079 = EDGE_CURVE ( 'NONE', #1187, #2486, #2218, .T. ) ;
#2080 = DIRECTION ( 'NONE',  ( 0.8660254037844388186, 0.4999999999999996114, 0.000000000000000000 ) ) ;
#2081 = EDGE_LOOP ( 'NONE', ( #3748, #473, #1318 ) ) ;
#2082 = EDGE_CURVE ( 'NONE', #3673, #2922, #3811, .T. ) ;
#2083 = CARTESIAN_POINT ( 'NONE',  ( 0.000000000000000000, 0.000000000000000000, 7.000000000000000000 ) ) ;
#2084 = DIRECTION ( 'NONE',  ( 1.000000000000000000, 0.000000000000000000, 0.000000000000000000 ) ) ;
#2085 = DIRECTION ( 'NONE',  ( -0.000000000000000000, -0.000000000000000000, 1.000000000000000000 ) ) ;
#2086 = EDGE_CURVE ( 'NONE', #3619, #3561, #1780, .T. ) ;
#2087 = CARTESIAN_POINT ( 'NONE',  ( 2.000000000000000000, -2.168404344971008868E-15, 3.019999999999996909 ) ) ;
#2088 = VERTEX_POINT ( 'NONE', #225 ) ;
#2089 = CARTESIAN_POINT ( 'NONE',  ( -2.641584726159505513E-13, -21.00000000000000000, 8.000000000000000000 ) ) ;
#2090 = CARTESIAN_POINT ( 'NONE',  ( 31.28166965656115650, 28.74826303069430367, 42.63992551875276860 ) ) ;
#2091 = CARTESIAN_POINT ( 'NONE',  ( 7.098460556942801425, 33.46206967966882218, 55.42027530636436694 ) ) ;
#2092 = PLANE ( 'NONE',  #1417 ) ;
#2093 = ORIENTED_EDGE ( 'NONE', *, *, #1999, .F. ) ;
#2094 = CARTESIAN_POINT ( 'NONE',  ( 2.000000000000000000, -2.168404344971008868E-15, 3.019999999999996909 ) ) ;
#2095 = DIRECTION ( 'NONE',  ( 1.000000000000000000, 0.000000000000000000, 0.000000000000000000 ) ) ;
#2096 = EDGE_LOOP ( 'NONE', ( #1988, #2529, #3924, #21, #3196 ) ) ;
#2097 = ORIENTED_EDGE ( 'NONE', *, *, #1556, .T. ) ;
#2098 = CARTESIAN_POINT ( 'NONE',  ( -3.500000000000000000, 2.020725942163697830, -2.887392608830354312 ) ) ;
#2099 = EDGE_CURVE ( 'NONE', #3605, #217, #2047, .T. ) ;
#2100 = CARTESIAN_POINT ( 'NONE',  ( 2.020725942163571265, -17.50000000000001066, 3.000000000000000000 ) ) ;
#2101 = ORIENTED_EDGE ( 'NONE', *, *, #1586, .T. ) ;
#2102 = CARTESIAN_POINT ( 'NONE',  ( 3.500000000000000000, 2.020725942163686728, -3.200000000000000178 ) ) ;
#2103 = EDGE_CURVE ( 'NONE', #1949, #1105, #89, .T. ) ;
#2104 = VERTEX_POINT ( 'NONE', #807 ) ;
#2105 = DIRECTION ( 'NONE',  ( -4.383936695013188063E-29, 1.000000000000000000, 5.520779089334829130E-43 ) ) ;
#2106 = DIRECTION ( 'NONE',  ( 1.000000000000000000, 0.000000000000000000, 0.000000000000000000 ) ) ;
#2107 = ORIENTED_EDGE ( 'NONE', *, *, #3965, .F. ) ;
#2108 = MECHANICAL_DESIGN_GEOMETRIC_PRESENTATION_REPRESENTATION (  '', ( #1785 ), #3697 ) ;
#2109 = DIRECTION ( 'NONE',  ( 0.000000000000000000, 0.000000000000000000, 1.000000000000000000 ) ) ;
#2110 = DIRECTION ( 'NONE',  ( 1.000000000000000000, 0.000000000000000000, 0.000000000000000000 ) ) ;
#2111 = FACE_OUTER_BOUND ( 'NONE', #922, .T. ) ;
#2112 = CIRCLE ( 'NONE', #1339, 2.000000000000000000 ) ;
#2113 = DIRECTION ( 'NONE',  ( -0.000000000000000000, -0.000000000000000000, 1.000000000000000000 ) ) ;
#2114 = AXIS2_PLACEMENT_3D ( 'NONE', #1262, #2463, #1217 ) ;
#2115 = DIRECTION ( 'NONE',  ( 0.000000000000000000, 0.000000000000000000, 1.000000000000000000 ) ) ;
#2116 = VECTOR ( 'NONE', #1125, 1000.000000000000000 ) ;
#2117 = CARTESIAN_POINT ( 'NONE',  ( -3.500000000000000000, 1.362959798491818697, -3.060265505016215748 ) ) ;
#2118 = VECTOR ( 'NONE', #402, 1000.000000000000000 ) ;
#2119 = FACE_OUTER_BOUND ( 'NONE', #3080, .T. ) ;
#2121 = EDGE_CURVE ( 'NONE', #2588, #2502, #3037, .T. ) ;
#2120 = PRODUCT_DEFINITION_SHAPE ( 'NONE', 'NONE',  #3820 ) ;
#2122 = CIRCLE ( 'NONE', #3647, 23.89999999999999858 ) ;
#2123 = CARTESIAN_POINT ( 'NONE',  ( -31.74999999999995737, 0.000000000000000000, 1.999999999999998668 ) ) ;
#2124 = ORIENTED_EDGE ( 'NONE', *, *, #1218, .F. ) ;
#2125 = LINE ( 'NONE', #2188, #3633 ) ;
#2126 = VECTOR ( 'NONE', #2708, 1000.000000000000000 ) ;
#2127 = CIRCLE ( 'NONE', #3854, 1.650000000000000133 ) ;
#2128 = ORIENTED_EDGE ( 'NONE', *, *, #1929, .F. ) ;
#2129 = EDGE_CURVE ( 'NONE', #1390, #2230, #2518, .T. ) ;
#2130 = AXIS2_PLACEMENT_3D ( 'NONE', #3099, #291, #1544 ) ;
#2131 = CARTESIAN_POINT ( 'NONE',  ( 1.482500161549134971E-15, 21.00000000000000000, 12.00000000000000000 ) ) ;
#2132 = ORIENTED_EDGE ( 'NONE', *, *, #2907, .T. ) ;
#2133 = DIRECTION ( 'NONE',  ( 0.000000000000000000, 1.000000000000000000, -1.224646799147353207E-16 ) ) ;
#2134 = FILL_AREA_STYLE ('',( #3129 ) ) ;
#2135 = CARTESIAN_POINT ( 'NONE',  ( 0.000000000000000000, 0.000000000000000000, 4.000000000000000000 ) ) ;
#2136 = AXIS2_PLACEMENT_3D ( 'NONE', #2301, #757, #1759 ) ;
#2137 = ORIENTED_EDGE ( 'NONE', *, *, #3645, .T. ) ;
#2138 = EDGE_CURVE ( 'NONE', #51, #2441, #1278, .T. ) ;
#2139 = FACE_OUTER_BOUND ( 'NONE', #2904, .T. ) ;
#2140 = ORIENTED_EDGE ( 'NONE', *, *, #1083, .T. ) ;
#2141 = ORIENTED_EDGE ( 'NONE', *, *, #1046, .F. ) ;
#2142 = DIRECTION ( 'NONE',  ( -1.000000000000000000, -0.000000000000000000, -0.000000000000000000 ) ) ;
#2143 = CARTESIAN_POINT ( 'NONE',  ( -2.000000000000000000, 2.449293598294706414E-16, -25.03750572909317285 ) ) ;
#2144 = CARTESIAN_POINT ( 'NONE',  ( -2.100000000000000089, 21.00000000000000000, 0.000000000000000000 ) ) ;
#2145 = DIRECTION ( 'NONE',  ( 1.000000000000000000, 0.000000000000000000, 0.000000000000000000 ) ) ;
#2146 = DIRECTION ( 'NONE',  ( -0.000000000000000000, -0.000000000000000000, 1.000000000000000000 ) ) ;
#2147 = ADVANCED_FACE ( 'NONE', ( #1069 ), #2969, .F. ) ;
#2148 = ORIENTED_EDGE ( 'NONE', *, *, #3424, .T. ) ;
#2149 = FILL_AREA_STYLE_COLOUR ( '', #1878 ) ;
#2150 = LINE ( 'NONE', #554, #1870 ) ;
#2151 = VERTEX_POINT ( 'NONE', #3019 ) ;
#2152 = DIRECTION ( 'NONE',  ( 1.000000000000000000, 0.000000000000000000, -0.000000000000000000 ) ) ;
#2153 = DIRECTION ( 'NONE',  ( -0.4999999999999937272, 0.8660254037844422603, 0.000000000000000000 ) ) ;
#2154 = EDGE_CURVE ( 'NONE', #51, #2447, #3939, .T. ) ;
#2155 = ORIENTED_EDGE ( 'NONE', *, *, #77, .F. ) ;
#2156 = DIRECTION ( 'NONE',  ( 0.000000000000000000, 0.000000000000000000, 1.000000000000000000 ) ) ;
#2157 = DIRECTION ( 'NONE',  ( 0.000000000000000000, 0.000000000000000000, -1.000000000000000000 ) ) ;
#2158 = EDGE_CURVE ( 'NONE', #2872, #1818, #144, .T. ) ;
#2159 = ORIENTED_EDGE ( 'NONE', *, *, #2329, .F. ) ;
#2160 = DIRECTION ( 'NONE',  ( 0.000000000000000000, 0.000000000000000000, 1.000000000000000000 ) ) ;
#2161 =( BOUNDED_CURVE ( )  B_SPLINE_CURVE ( 3, ( #1896, #13, #2837, #3816 ),
 .UNSPECIFIED., .F., .T. ) 
 B_SPLINE_CURVE_WITH_KNOTS ( ( 4, 4 ),
 ( 0.8923103215956066370, 1.092518372257495374 ),
 .UNSPECIFIED. ) 
 CURVE ( )  GEOMETRIC_REPRESENTATION_ITEM ( )  RATIONAL_B_SPLINE_CURVE ( ( 1.000000000000000000, 0.9966625164601562448, 0.9966625164601562448, 1.000000000000000000 ) ) 
 REPRESENTATION_ITEM ( '' )  );
#2162 =( NAMED_UNIT ( * ) PLANE_ANGLE_UNIT ( ) SI_UNIT ( $, .RADIAN. ) );
#2163 = CARTESIAN_POINT ( 'NONE',  ( 3.348158926381183953, 33.36996108281691420, 55.35921123303854330 ) ) ;
#2164 = CARTESIAN_POINT ( 'NONE',  ( -2.100000000000148859, -21.00000000000000000, 0.000000000000000000 ) ) ;
#2165 = EDGE_LOOP ( 'NONE', ( #724, #3889, #2724, #3587, #2794 ) ) ;
#2166 = DIRECTION ( 'NONE',  ( -1.000000000000000000, -0.000000000000000000, -0.000000000000000000 ) ) ;
#2167 = CARTESIAN_POINT ( 'NONE',  ( 21.21815260572889628, 11.00000000000000000, 4.000000000000000000 ) ) ;
#2168 = ORIENTED_EDGE ( 'NONE', *, *, #1363, .F. ) ;
#2169 = PRODUCT_RELATED_PRODUCT_CATEGORY ( 'part', '', ( #1514 ) ) ;
#2170 = PLANE ( 'NONE',  #301 ) ;
#2171 = ORIENTED_EDGE ( 'NONE', *, *, #3526, .T. ) ;
#2172 = LINE ( 'NONE', #1627, #685 ) ;
#2173 = DIRECTION ( 'NONE',  ( 1.000000000000000000, 0.000000000000000000, 0.000000000000000000 ) ) ;
#2174 = EDGE_CURVE ( 'NONE', #992, #200, #1015, .T. ) ;
#2175 = CARTESIAN_POINT ( 'NONE',  ( -0.6089803659954564630, -18.99023809523809092, 0.000000000000000000 ) ) ;
#2176 = LINE ( 'NONE', #362, #696 ) ;
#2177 = VECTOR ( 'NONE', #3852, 1000.000000000000000 ) ;
#2178 = ORIENTED_EDGE ( 'NONE', *, *, #148, .F. ) ;
#2179 = EDGE_CURVE ( 'NONE', #3857, #475, #483, .T. ) ;
#2180 = AXIS2_PLACEMENT_3D ( 'NONE', #3363, #1540, #574 ) ;
#2181 = CARTESIAN_POINT ( 'NONE',  ( 0.6089803659953239023, 18.99023809523809447, 6.000000000000000000 ) ) ;
#2182 = CARTESIAN_POINT ( 'NONE',  ( -18.60671921645509030, 15.00000000000002309, 12.00000000000000000 ) ) ;
#2183 = AXIS2_PLACEMENT_3D ( 'NONE', #2369, #2997, #1740 ) ;
#2184 = EDGE_CURVE ( 'NONE', #1176, #1730, #1854, .T. ) ;
#2185 = B_SPLINE_CURVE_WITH_KNOTS ( 'NONE', 3,
 ( #1316, #2222, #2260, #3525, #2267, #938 ),
 .UNSPECIFIED., .F., .F.,
 ( 4, 2, 4 ),
 ( 0.002044882221487536681, 0.003063384235218496315, 0.004081886248949455516 ),
 .UNSPECIFIED. ) ;
#2186 = LINE ( 'NONE', #19, #3588 ) ;
#2187 = VECTOR ( 'NONE', #3401, 1000.000000000000000 ) ;
#2188 = CARTESIAN_POINT ( 'NONE',  ( 2.000000000000000000, 0.8717989064763280727, -1.510000000000003118 ) ) ;
#2189 = ORIENTED_EDGE ( 'NONE', *, *, #1341, .F. ) ;
#2190 = VECTOR ( 'NONE', #2772, 1000.000000000000000 ) ;
#2191 = DIRECTION ( 'NONE',  ( 0.000000000000000000, 0.000000000000000000, 1.000000000000000000 ) ) ;
#2192 = ORIENTED_EDGE ( 'NONE', *, *, #967, .F. ) ;
#2193 = DIRECTION ( 'NONE',  ( 0.000000000000000000, 0.000000000000000000, 1.000000000000000000 ) ) ;
#2194 = CIRCLE ( 'NONE', #370, 2.199999999999998845 ) ;
#2195 = CIRCLE ( 'NONE', #2854, 3.999999999999934275 ) ;
#2196 = CARTESIAN_POINT ( 'NONE',  ( 0.000000000000000000, 1.743597812952664805, -4.011548038196366406E-15 ) ) ;
#2197 = CIRCLE ( 'NONE', #2921, 24.50000000000000000 ) ;
#2198 = CARTESIAN_POINT ( 'NONE',  ( 7.130006320652422680, 33.36996108281691420, 55.35921123303848645 ) ) ;
#2199 = CARTESIAN_POINT ( 'NONE',  ( 24.00000000000000000, 0.000000000000000000, 0.000000000000000000 ) ) ;
#2200 = APPLICATION_CONTEXT ( 'automotive_design' ) ;
#2201 = LINE ( 'NONE', #72, #2386 ) ;
#2202 = AXIS2_PLACEMENT_3D ( 'NONE', #3907, #2348, #3950 ) ;
#2203 = MECHANICAL_DESIGN_GEOMETRIC_PRESENTATION_REPRESENTATION (  '', ( #1677 ), #1992 ) ;
#2204 = EDGE_CURVE ( 'NONE', #2947, #1566, #1657, .T. ) ;
#2205 = ORIENTED_EDGE ( 'NONE', *, *, #1976, .T. ) ;
#2206 = VERTEX_POINT ( 'NONE', #494 ) ;
#2207 = CIRCLE ( 'NONE', #117, 19.00000000000000000 ) ;
#2208 = LINE ( 'NONE', #3465, #1751 ) ;
#2209 = CARTESIAN_POINT ( 'NONE',  ( -2.103352214621878602E-14, -4.041451884327384114, -2.887392608830354312 ) ) ;
#2210 = ADVANCED_FACE ( 'NONE', ( #2310 ), #3576, .T. ) ;
#2211 = VERTEX_POINT ( 'NONE', #1446 ) ;
#2212 = CARTESIAN_POINT ( 'NONE',  ( 0.000000000000000000, 0.000000000000000000, -3.174599999999999866 ) ) ;
#2213 = DIRECTION ( 'NONE',  ( 1.000000000000000000, 0.000000000000000000, -0.000000000000000000 ) ) ;
#2214 = ADVANCED_FACE ( 'NONE', ( #1747, #766 ), #2335, .F. ) ;
#2215 = ORIENTED_EDGE ( 'NONE', *, *, #3319, .F. ) ;
#2216 = DIRECTION ( 'NONE',  ( -1.000000000000000000, 0.000000000000000000, 0.000000000000000000 ) ) ;
#2217 = ORIENTED_EDGE ( 'NONE', *, *, #3315, .T. ) ;
#2218 = LINE ( 'NONE', #2556, #1208 ) ;
#2219 = CONTEXT_DEPENDENT_SHAPE_REPRESENTATION ( #295, #680 ) ;
#2220 = FACE_OUTER_BOUND ( 'NONE', #1545, .T. ) ;
#2221 = DIRECTION ( 'NONE',  ( 0.000000000000000000, 0.000000000000000000, -1.000000000000000000 ) ) ;
#2222 = CARTESIAN_POINT ( 'NONE',  ( 2.047034997319574945, 2.859595677584338969, -3.200000000000003286 ) ) ;
#2223 = ORIENTED_EDGE ( 'NONE', *, *, #3933, .T. ) ;
#2224 = VERTEX_POINT ( 'NONE', #2671 ) ;
#2225 = DIRECTION ( 'NONE',  ( -1.000000000000000000, -0.000000000000000000, -0.000000000000000000 ) ) ;
#2226 = ORIENTED_EDGE ( 'NONE', *, *, #3905, .F. ) ;
#2227 = EDGE_CURVE ( 'NONE', #3609, #1159, #419, .T. ) ;
#2228 = PLANE ( 'NONE',  #1676 ) ;
#2229 = DIRECTION ( 'NONE',  ( -0.000000000000000000, -0.000000000000000000, 1.000000000000000000 ) ) ;
#2230 = VERTEX_POINT ( 'NONE', #194 ) ;
#2231 = EDGE_CURVE ( 'NONE', #2305, #1340, #2770, .T. ) ;
#2232 = DIRECTION ( 'NONE',  ( 0.000000000000000000, 0.000000000000000000, -1.000000000000000000 ) ) ;
#2233 = VERTEX_POINT ( 'NONE', #3388 ) ;
#2234 = DIRECTION ( 'NONE',  ( 1.000000000000000000, 0.000000000000000000, 0.000000000000000000 ) ) ;
#2235 = ITEM_DEFINED_TRANSFORMATION ( 'NONE', 'NONE', #2722,  #3920 ) ;
#2236 =( NAMED_UNIT ( * ) SI_UNIT ( $, .STERADIAN. ) SOLID_ANGLE_UNIT ( ) );
#2237 = DIRECTION ( 'NONE',  ( 1.000000000000000000, 0.000000000000000000, 0.000000000000000000 ) ) ;
#2238 = CARTESIAN_POINT ( 'NONE',  ( 4.000000000000001776, 2.694222958124175527E-16, 2.199999999999998845 ) ) ;
#2239 = EDGE_LOOP ( 'NONE', ( #547, #1830, #2251, #1962, #1788, #446, #343, #664 ) ) ;
#2240 = ORIENTED_EDGE ( 'NONE', *, *, #1886, .T. ) ;
#2241 = LINE ( 'NONE', #1881, #1496 ) ;
#2242 = CARTESIAN_POINT ( 'NONE',  ( -1.153701847711643858, -3.375361811986506755, -3.199999999999996625 ) ) ;
#2243 = CARTESIAN_POINT ( 'NONE',  ( 3.348158926381183953, 32.78968438693159726, 55.55921123303854614 ) ) ;
#2244 = DIRECTION ( 'NONE',  ( 0.000000000000000000, 0.000000000000000000, -1.000000000000000000 ) ) ;
#2245 = AXIS2_PLACEMENT_3D ( 'NONE', #3631, #2064, #1110 ) ;
#2246 = ORIENTED_EDGE ( 'NONE', *, *, #1757, .F. ) ;
#2247 = EDGE_CURVE ( 'NONE', #3673, #1939, #611, .T. ) ;
#2248 = APPLICATION_CONTEXT ( 'automotive_design' ) ;
#2249 = AXIS2_PLACEMENT_3D ( 'NONE', #2640, #1087, #2328 ) ;
#2250 = CARTESIAN_POINT ( 'NONE',  ( -1.650000000000000133, 2.020667218593133001E-16, -2.929527361626600879 ) ) ;
#2251 = ORIENTED_EDGE ( 'NONE', *, *, #1108, .F. ) ;
#2252 = LINE ( 'NONE', #1345, #1977 ) ;
#2253 = SHAPE_DEFINITION_REPRESENTATION ( #98, #3292 ) ;
#2254 = CIRCLE ( 'NONE', #1608, 3.999999999999934275 ) ;
#2255 = EDGE_CURVE ( 'NONE', #588, #1090, #3826, .T. ) ;
#2256 = CIRCLE ( 'NONE', #1027, 23.89999999999999858 ) ;
#2257 = CARTESIAN_POINT ( 'NONE',  ( 25.25000000000000000, 3.092233167847066830E-15, 0.000000000000000000 ) ) ;
#2258 = AXIS2_PLACEMENT_3D ( 'NONE', #356, #1928, #1268 ) ;
#2259 = ORIENTED_EDGE ( 'NONE', *, *, #2815, .F. ) ;
#2260 = CARTESIAN_POINT ( 'NONE',  ( 2.343682934607765667, 2.688325911136453694, -3.170065989602863787 ) ) ;
#2261 = EDGE_CURVE ( 'NONE', #588, #2947, #94, .T. ) ;
#2262 = CIRCLE ( 'NONE', #3246, 24.50000000000000000 ) ;
#2263 = ORIENTED_EDGE ( 'NONE', *, *, #760, .T. ) ;
#2264 = AXIS2_PLACEMENT_3D ( 'NONE', #2782, #3696, #4049 ) ;
#2265 = AXIS2_PLACEMENT_3D ( 'NONE', #3274, #3931, #2604 ) ;
#2266 = DIRECTION ( 'NONE',  ( 0.000000000000000000, 0.000000000000000000, 1.000000000000000000 ) ) ;
#2267 = CARTESIAN_POINT ( 'NONE',  ( 3.214438021527928679, 2.185595227304859556, -2.982579934988247139 ) ) ;
#2268 = CARTESIAN_POINT ( 'NONE',  ( 2.099999999999852207, -21.00000000000000000, 0.000000000000000000 ) ) ;
#2269 = PRESENTATION_LAYER_ASSIGNMENT (  '', '', ( #1680 ) ) ;
#2270 = FACE_OUTER_BOUND ( 'NONE', #1117, .T. ) ;
#2271 = FACE_OUTER_BOUND ( 'NONE', #1533, .T. ) ;
#2272 = ORIENTED_EDGE ( 'NONE', *, *, #1581, .F. ) ;
#2273 = B_SPLINE_CURVE_WITH_KNOTS ( 'NONE', 3,
 ( #2786, #549, #1822, #2507, #4031, #929 ),
 .UNSPECIFIED., .F., .F.,
 ( 4, 2, 4 ),
 ( 0.003605240635278488676, 0.004627368318297471472, 0.005649496001316454269 ),
 .UNSPECIFIED. ) ;
#2274 = FACE_OUTER_BOUND ( 'NONE', #2555, .T. ) ;
#2275 = ORIENTED_EDGE ( 'NONE', *, *, #2099, .F. ) ;
#2276 = DIRECTION ( 'NONE',  ( -1.000000000000000000, -0.000000000000000000, -0.000000000000000000 ) ) ;
#2277 = PRODUCT_CONTEXT ( 'NONE', #1983, 'mechanical' ) ;
#2278 = DIRECTION ( 'NONE',  ( 0.000000000000000000, 0.000000000000000000, 1.000000000000000000 ) ) ;
#2279 = ADVANCED_FACE ( 'NONE', ( #1195 ), #2378, .T. ) ;
#2280 = ORIENTED_EDGE ( 'NONE', *, *, #2082, .T. ) ;
#2281 = LINE ( 'NONE', #1388, #2061 ) ;
#2282 = ORIENTED_EDGE ( 'NONE', *, *, #1441, .F. ) ;
#2283 = EDGE_CURVE ( 'NONE', #1381, #3345, #3722, .T. ) ;
#2284 = PLANE ( 'NONE',  #1880 ) ;
#2285 = FACE_OUTER_BOUND ( 'NONE', #2343, .T. ) ;
#2286 = CARTESIAN_POINT ( 'NONE',  ( 0.000000000000000000, 0.000000000000000000, 0.000000000000000000 ) ) ;
#2287 = CARTESIAN_POINT ( 'NONE',  ( 0.000000000000000000, 21.00000000000000000, 0.000000000000000000 ) ) ;
#2288 = ORIENTED_EDGE ( 'NONE', *, *, #3033, .T. ) ;
#2289 = CARTESIAN_POINT ( 'NONE',  ( 24.50000000000000000, 3.000384657911015469E-15, 6.000000000000000000 ) ) ;
#2290 = ORIENTED_EDGE ( 'NONE', *, *, #3227, .F. ) ;
#2291 = CARTESIAN_POINT ( 'NONE',  ( 2.047034997319574057, 2.859595677584338969, 2.309858847162476236E-15 ) ) ;
#2292 = APPLICATION_PROTOCOL_DEFINITION ( 'draft international standard', 'automotive_design', 1998, #1983 ) ;
#2293 = FACE_OUTER_BOUND ( 'NONE', #3961, .T. ) ;
#2294 = DIRECTION ( 'NONE',  ( -0.7071067811865527908, 0.000000000000000000, 0.7071067811865422437 ) ) ;
#2295 = EDGE_LOOP ( 'NONE', ( #1799, #2132, #504 ) ) ;
#2296 = ORIENTED_EDGE ( 'NONE', *, *, #601, .T. ) ;
#2297 = EDGE_CURVE ( 'NONE', #1310, #181, #868, .T. ) ;
#2298 = DIRECTION ( 'NONE',  ( -0.4999999999999996114, 0.8660254037844388186, 0.000000000000000000 ) ) ;
#2299 = CARTESIAN_POINT ( 'NONE',  ( 7.072249282779651480, 32.57755235257562987, 55.47134326739445953 ) ) ;
#2300 = EDGE_CURVE ( 'NONE', #1246, #2775, #74, .T. ) ;
#2301 = CARTESIAN_POINT ( 'NONE',  ( -1.481247163929606854E-13, -21.00000000000000000, 0.000000000000000000 ) ) ;
#2302 = CARTESIAN_POINT ( 'NONE',  ( 28.34815892638117063, 28.54826303069430438, 45.35921123303847224 ) ) ;
#2303 = CARTESIAN_POINT ( 'NONE',  ( 4.041451884327381450, 20.99999999999999645, 3.000000000000000000 ) ) ;
#2304 = AXIS2_PLACEMENT_3D ( 'NONE', #1401, #211, #2704 ) ;
#2305 = VERTEX_POINT ( 'NONE', #1885 ) ;
#2306 = EDGE_CURVE ( 'NONE', #2627, #395, #2744, .T. ) ;
#2307 = CARTESIAN_POINT ( 'NONE',  ( 1.750000000000005107, 3.031088913245532979, -3.200000000000000178 ) ) ;
#2308 = ORIENTED_EDGE ( 'NONE', *, *, #3210, .T. ) ;
#2309 = AXIS2_PLACEMENT_3D ( 'NONE', #3916, #1094, #3328 ) ;
#2310 = FACE_OUTER_BOUND ( 'NONE', #858, .T. ) ;
#2311 = ORIENTED_EDGE ( 'NONE', *, *, #339, .T. ) ;
#2312 = CIRCLE ( 'NONE', #3437, 2.100000000000000533 ) ;
#2313 = ORIENTED_EDGE ( 'NONE', *, *, #2099, .T. ) ;
#2314 = DIRECTION ( 'NONE',  ( 0.000000000000000000, 0.8660254037844380415, -0.5000000000000009992 ) ) ;
#2315 = VECTOR ( 'NONE', #1876, 1000.000000000000000 ) ;
#2316 = ORIENTED_EDGE ( 'NONE', *, *, #2574, .F. ) ;
#2317 = DIRECTION ( 'NONE',  ( 0.8191520442889915765, 0.000000000000000000, 0.5735764363510464925 ) ) ;
#2318 = ORIENTED_EDGE ( 'NONE', *, *, #3319, .T. ) ;
#2319 = ORIENTED_EDGE ( 'NONE', *, *, #3522, .F. ) ;
#2320 = MECHANICAL_DESIGN_GEOMETRIC_PRESENTATION_REPRESENTATION (  '', ( #1480 ), #3781 ) ;
#2321 = FACE_OUTER_BOUND ( 'NONE', #4055, .T. ) ;
#2322 = DIRECTION ( 'NONE',  ( 0.000000000000000000, 0.000000000000000000, 1.000000000000000000 ) ) ;
#2323 = ADVANCED_FACE ( 'NONE', ( #1839 ), #4053, .T. ) ;
#2324 = AXIS2_PLACEMENT_3D ( 'NONE', #1459, #489, #1421 ) ;
#2325 = VECTOR ( 'NONE', #3552, 1000.000000000000000 ) ;
#2326 = AXIS2_PLACEMENT_3D ( 'NONE', #3372, #1508, #3085 ) ;
#2327 = FACE_OUTER_BOUND ( 'NONE', #103, .T. ) ;
#2328 = DIRECTION ( 'NONE',  ( -1.000000000000000000, 0.000000000000000000, 0.000000000000000000 ) ) ;
#2329 = EDGE_CURVE ( 'NONE', #1298, #2579, #666, .T. ) ;
#2330 = LINE ( 'NONE', #2002, #3785 ) ;
#2331 = EDGE_LOOP ( 'NONE', ( #3622, #499, #8, #2958 ) ) ;
#2332 = VECTOR ( 'NONE', #1275, 1000.000000000000000 ) ;
#2333 = DIRECTION ( 'NONE',  ( 0.000000000000000000, 0.000000000000000000, 1.000000000000000000 ) ) ;
#2334 = ORIENTED_EDGE ( 'NONE', *, *, #754, .F. ) ;
#2335 = PLANE ( 'NONE',  #2842 ) ;
#2336 = EDGE_CURVE ( 'NONE', #1947, #3311, #2125, .T. ) ;
#2337 = ORIENTED_EDGE ( 'NONE', *, *, #2832, .T. ) ;
#2338 = ORIENTED_EDGE ( 'NONE', *, *, #2051, .F. ) ;
#2339 = DIRECTION ( 'NONE',  ( 1.000000000000000000, 0.000000000000000000, 0.000000000000000000 ) ) ;
#2340 = CARTESIAN_POINT ( 'NONE',  ( 0.3999999999999975797, 3.796405077356794425E-16, -3.099999999999999645 ) ) ;
#2341 = B_SPLINE_CURVE_WITH_KNOTS ( 'NONE', 3,
 ( #316, #1524, #4035, #4002, #1824, #1565 ),
 .UNSPECIFIED., .F., .F.,
 ( 4, 2, 4 ),
 ( 0.003605240635278489543, 0.004627368318297472340, 0.005649496001316455136 ),
 .UNSPECIFIED. ) ;
#2342 = ORIENTED_EDGE ( 'NONE', *, *, #1272, .T. ) ;
#2343 = EDGE_LOOP ( 'NONE', ( #1464, #729, #2338 ) ) ;
#2344 = DIRECTION ( 'NONE',  ( 0.000000000000000000, 0.000000000000000000, 1.000000000000000000 ) ) ;
#2345 = CARTESIAN_POINT ( 'NONE',  ( 49.61299579914859947, 33.47019407085861076, 55.44972521430619139 ) ) ;
#2346 = DIRECTION ( 'NONE',  ( 0.000000000000000000, 0.000000000000000000, -1.000000000000000000 ) ) ;
#2347 = CARTESIAN_POINT ( 'NONE',  ( 3.500000000000000888, 0.6879904500768341258, -3.169836757075879863 ) ) ;
#2348 = DIRECTION ( 'NONE',  ( -4.383936695013188063E-29, 1.000000000000000000, 5.520779089334829130E-43 ) ) ;
#2349 = DIRECTION ( 'NONE',  ( -0.000000000000000000, -0.000000000000000000, 1.000000000000000000 ) ) ;
#2350 = CARTESIAN_POINT ( 'NONE',  ( -2.933510730180075132, 23.71928571428571431, 8.000000000000000000 ) ) ;
#2351 = EDGE_LOOP ( 'NONE', ( #2819, #749, #3370, #2956, #246 ) ) ;
#2352 = EDGE_CURVE ( 'NONE', #930, #3946, #3224, .T. ) ;
#2353 = CARTESIAN_POINT ( 'NONE',  ( 19.60943498125589812, -13.75618328736259066, 10.75618328736257112 ) ) ;
#2354 = ORIENTED_EDGE ( 'NONE', *, *, #3420, .T. ) ;
#2355 = CARTESIAN_POINT ( 'NONE',  ( -1.466422162314116009E-13, -21.00000000000000000, 0.000000000000000000 ) ) ;
#2356 = EDGE_LOOP ( 'NONE', ( #3244, #1169, #3698, #3626, #2826, #1626 ) ) ;
#2357 = VERTEX_POINT ( 'NONE', #3745 ) ;
#2358 = EDGE_CURVE ( 'NONE', #3619, #803, #2273, .T. ) ;
#2359 = CARTESIAN_POINT ( 'NONE',  ( 0.000000000000000000, 21.00000000000000000, 0.000000000000000000 ) ) ;
#2360 = SHAPE_REPRESENTATION_RELATIONSHIP ( 'NONE' , 'NONE' ,  #3292, #3070 ) ;
#2361 = FACE_OUTER_BOUND ( 'NONE', #1426, .T. ) ;
#2362 = ORIENTED_EDGE ( 'NONE', *, *, #1173, .F. ) ;
#2363 = ORIENTED_EDGE ( 'NONE', *, *, #2358, .F. ) ;
#2364 = SURFACE_STYLE_FILL_AREA ( #3271 ) ;
#2365 = CARTESIAN_POINT ( 'NONE',  ( 24.34815892638123813, 28.54826303069430438, 45.35921123303847224 ) ) ;
#2366 = DIRECTION ( 'NONE',  ( -0.000000000000000000, -0.000000000000000000, -1.000000000000000000 ) ) ;
#2367 = CARTESIAN_POINT ( 'NONE',  ( 3.500000000000000000, 0.3416723310689521731, -3.200000000000001510 ) ) ;
#2368 = DIRECTION ( 'NONE',  ( -0.000000000000000000, -0.000000000000000000, 1.000000000000000000 ) ) ;
#2369 = CARTESIAN_POINT ( 'NONE',  ( 28.34815892638117063, 28.54826303069430438, 45.35921123303847224 ) ) ;
#2370 = CARTESIAN_POINT ( 'NONE',  ( 3.999999999999735323, -21.00000000000000000, 12.00000000000000000 ) ) ;
#2371 = VERTEX_POINT ( 'NONE', #3 ) ;
#2372 = CARTESIAN_POINT ( 'NONE',  ( 2.000000000000000000, -0.8717989064763382867, 1.509999999999999121 ) ) ;
#2373 = ORIENTED_EDGE ( 'NONE', *, *, #279, .T. ) ;
#2374 = DIRECTION ( 'NONE',  ( 0.000000000000000000, 0.000000000000000000, -1.000000000000000000 ) ) ;
#2375 = AXIS2_PLACEMENT_3D ( 'NONE', #976, #354, #2234 ) ;
#2376 = ADVANCED_FACE ( 'NONE', ( #3762 ), #3140, .F. ) ;
#2377 = ORIENTED_EDGE ( 'NONE', *, *, #204, .F. ) ;
#2378 = TOROIDAL_SURFACE ( 'NONE', #2114, 3.099999999999999645, 0.4000000000000000222 ) ;
#2379 = CARTESIAN_POINT ( 'NONE',  ( 2.071371021540589386, 24.41228014936584856, 3.000000000000000000 ) ) ;
#2380 = VERTEX_POINT ( 'NONE', #2725 ) ;
#2381 = DIRECTION ( 'NONE',  ( -4.383936695013188063E-29, 1.000000000000000000, 5.520779089334829130E-43 ) ) ;
#2382 = ADVANCED_FACE ( 'NONE', ( #1048 ), #1323, .F. ) ;
#2383 = AXIS2_PLACEMENT_3D ( 'NONE', #4047, #3358, #3426 ) ;
#2384 = ORIENTED_EDGE ( 'NONE', *, *, #3592, .T. ) ;
#2385 = SURFACE_STYLE_FILL_AREA ( #182 ) ;
#2386 = VECTOR ( 'NONE', #649, 1000.000000000000000 ) ;
#2387 = CARTESIAN_POINT ( 'NONE',  ( -0.5735064479039793106, 3.710337782248034788, -0.1388410611046106136 ) ) ;
#2388 = ADVANCED_FACE ( 'NONE', ( #2271 ), #3868, .T. ) ;
#2389 = AXIS2_PLACEMENT_3D ( 'NONE', #1512, #2113, #3088 ) ;
#2390 = ORIENTED_EDGE ( 'NONE', *, *, #3227, .T. ) ;
#2391 = VECTOR ( 'NONE', #2558, 1000.000000000000114 ) ;
#2392 = VECTOR ( 'NONE', #1888, 1000.000000000000000 ) ;
#2393 = DIRECTION ( 'NONE',  ( 1.000000000000000000, 0.000000000000000000, 0.000000000000000000 ) ) ;
#2394 = AXIS2_PLACEMENT_3D ( 'NONE', #3407, #1259, #590 ) ;
#2395 = CARTESIAN_POINT ( 'NONE',  ( -31.74999999999995737, 2.449293598294704935E-16, -1.999999999999998668 ) ) ;
#2396 = CARTESIAN_POINT ( 'NONE',  ( -4.681546503267857045E-16, 4.041451884327384114, -3.200000000000000178 ) ) ;
#2397 = STYLED_ITEM ( 'NONE', ( #2024 ), #1019 ) ;
#2398 = CARTESIAN_POINT ( 'NONE',  ( 49.66880619610530090, 32.78968438693159726, 55.55921123303796350 ) ) ;
#2399 = CARTESIAN_POINT ( 'NONE',  ( 4.000000000000001776, 21.00000000000000000, 12.00000000000000000 ) ) ;
#2400 = ORIENTED_EDGE ( 'NONE', *, *, #2752, .F. ) ;
#2401 = DIRECTION ( 'NONE',  ( 0.000000000000000000, 0.000000000000000000, 1.000000000000000000 ) ) ;
#2402 = AXIS2_PLACEMENT_3D ( 'NONE', #2551, #2884, #44 ) ;
#2403 = ORIENTED_EDGE ( 'NONE', *, *, #3771, .T. ) ;
#2404 = AXIS2_PLACEMENT_3D ( 'NONE', #2636, #1374, #2617 ) ;
#2405 = SURFACE_STYLE_FILL_AREA ( #536 ) ;
#2406 = CARTESIAN_POINT ( 'NONE',  ( 7.061949407324858541, 33.46460696031621040, 55.49149370308631291 ) ) ;
#2407 = LINE ( 'NONE', #3980, #3180 ) ;
#2408 = ORIENTED_EDGE ( 'NONE', *, *, #3339, .T. ) ;
#2409 = DIRECTION ( 'NONE',  ( 0.8660254037844422603, 0.4999999999999937272, 0.000000000000000000 ) ) ;
#2410 = ORIENTED_EDGE ( 'NONE', *, *, #1653, .T. ) ;
#2411 = EDGE_CURVE ( 'NONE', #2685, #1051, #945, .T. ) ;
#2412 = FILL_AREA_STYLE_COLOUR ( '', #628 ) ;
#2413 = FACE_OUTER_BOUND ( 'NONE', #1196, .T. ) ;
#2414 = ORIENTED_EDGE ( 'NONE', *, *, #1062, .F. ) ;
#2415 = EDGE_CURVE ( 'NONE', #1947, #515, #721, .T. ) ;
#2416 = PLANE ( 'NONE',  #244 ) ;
#2417 =( NAMED_UNIT ( * ) PLANE_ANGLE_UNIT ( ) SI_UNIT ( $, .RADIAN. ) );
#2418 =( LENGTH_UNIT ( ) NAMED_UNIT ( * ) SI_UNIT ( .MILLI., .METRE. ) );
#2419 =( NAMED_UNIT ( * ) PLANE_ANGLE_UNIT ( ) SI_UNIT ( $, .RADIAN. ) );
#2420 = ORIENTED_EDGE ( 'NONE', *, *, #481, .F. ) ;
#2421 = CARTESIAN_POINT ( 'NONE',  ( 4.041451884327233124, -21.00000000000002132, 3.000000000000000000 ) ) ;
#2422 = CARTESIAN_POINT ( 'NONE',  ( 0.000000000000000000, 0.000000000000000000, 8.000000000000000000 ) ) ;
#2423 = ORIENTED_EDGE ( 'NONE', *, *, #387, .F. ) ;
#2424 = CARTESIAN_POINT ( 'NONE',  ( -21.21815260572889628, -11.00000000000000000, 4.000000000000000000 ) ) ;
#2425 = ORIENTED_EDGE ( 'NONE', *, *, #2752, .T. ) ;
#2426 = DIRECTION ( 'NONE',  ( 1.000000000000000000, 0.000000000000000000, 0.000000000000000000 ) ) ;
#2427 = DIRECTION ( 'NONE',  ( -0.000000000000000000, -0.000000000000000000, 1.000000000000000000 ) ) ;
#2428 = ADVANCED_BREP_SHAPE_REPRESENTATION ( '', ( #1394, #3920 ), #3054 ) ;
#2429 = PRESENTATION_STYLE_ASSIGNMENT (( #506 ) ) ;
#2430 = FACE_OUTER_BOUND ( 'NONE', #1118, .T. ) ;
#2431 =( BOUNDED_CURVE ( )  B_SPLINE_CURVE ( 3, ( #2835, #4021, #3711, #297 ),
 .UNSPECIFIED., .F., .T. ) 
 B_SPLINE_CURVE_WITH_KNOTS ( ( 4, 4 ),
 ( 2.043796754630496704, 2.240141206793127004 ),
 .UNSPECIFIED. ) 
 CURVE ( )  GEOMETRIC_REPRESENTATION_ITEM ( )  RATIONAL_B_SPLINE_CURVE ( ( 1.000000000000000000, 0.9967899840388243504, 0.9967899840388243504, 1.000000000000000000 ) ) 
 REPRESENTATION_ITEM ( '' )  );
#2432 = EDGE_CURVE ( 'NONE', #2643, #2230, #3471, .T. ) ;
#2433 = EDGE_LOOP ( 'NONE', ( #376, #3044, #2553, #3896, #2488, #143, #2466, #3390 ) ) ;
#2434 = DIRECTION ( 'NONE',  ( 0.000000000000000000, 0.000000000000000000, 1.000000000000000000 ) ) ;
#2435 = CARTESIAN_POINT ( 'NONE',  ( 2.346298152288376571, -2.686816014504574301, -3.199999999999997069 ) ) ;
#2436 = FACE_OUTER_BOUND ( 'NONE', #3688, .T. ) ;
#2437 = EDGE_CURVE ( 'NONE', #994, #2211, #348, .T. ) ;
#2438 = DIRECTION ( 'NONE',  ( 0.000000000000000000, 0.000000000000000000, -1.000000000000000000 ) ) ;
#2439 = ORIENTED_EDGE ( 'NONE', *, *, #1089, .T. ) ;
#2440 = DIRECTION ( 'NONE',  ( -0.000000000000000000, -0.000000000000000000, 1.000000000000000000 ) ) ;
#2441 = VERTEX_POINT ( 'NONE', #1975 ) ;
#2442 = CARTESIAN_POINT ( 'NONE',  ( 0.000000000000000000, 0.000000000000000000, 12.00000000000000000 ) ) ;
#2443 = VERTEX_POINT ( 'NONE', #2605 ) ;
#2444 = CARTESIAN_POINT ( 'NONE',  ( -4.041451884327528887, -20.99999999999997158, 3.000000000000000000 ) ) ;
#2445 =( NAMED_UNIT ( * ) SI_UNIT ( $, .STERADIAN. ) SOLID_ANGLE_UNIT ( ) );
#2446 = CARTESIAN_POINT ( 'NONE',  ( 4.200000000000001954, 0.000000000000000000, 0.000000000000000000 ) ) ;
#2447 = VERTEX_POINT ( 'NONE', #3212 ) ;
#2448 = CARTESIAN_POINT ( 'NONE',  ( 49.66880619610529379, 33.37251113997237439, 55.55921123303796350 ) ) ;
#2449 = DIRECTION ( 'NONE',  ( 0.000000000000000000, -0.000000000000000000, 1.000000000000000000 ) ) ;
#2450 = VECTOR ( 'NONE', #592, 1000.000000000000000 ) ;
#2451 = CARTESIAN_POINT ( 'NONE',  ( 28.34815892638117063, 28.54826303069430438, 45.35921123303847224 ) ) ;
#2452 = ORIENTED_EDGE ( 'NONE', *, *, #2691, .F. ) ;
#2453 = ORIENTED_EDGE ( 'NONE', *, *, #3726, .F. ) ;
#2454 = CARTESIAN_POINT ( 'NONE',  ( 1.482500161549134971E-15, 21.00000000000000000, 8.000000000000000000 ) ) ;
#2455 = SHAPE_REPRESENTATION ( 'LAB-001-020-010_00', ( #180, #1942, #2722, #3122, #2472, #1164, #3586, #3925, #2326 ), #565 ) ;
#2456 = LINE ( 'NONE', #2143, #3637 ) ;
#2457 = CIRCLE ( 'NONE', #2847, 23.89999999999999858 ) ;
#2458 = DIRECTION ( 'NONE',  ( 0.000000000000000000, 0.000000000000000000, 1.000000000000000000 ) ) ;
#2459 = AXIS2_PLACEMENT_3D ( 'NONE', #3708, #2409, #2153 ) ;
#2460 = ORIENTED_EDGE ( 'NONE', *, *, #1591, .T. ) ;
#2461 = ADVANCED_FACE ( 'NONE', ( #3195 ), #2521, .T. ) ;
#2462 = DIRECTION ( 'NONE',  ( 0.000000000000000000, 0.000000000000000000, 1.000000000000000000 ) ) ;
#2463 = DIRECTION ( 'NONE',  ( -1.000000000000000000, -0.000000000000000000, -0.000000000000000000 ) ) ;
#2464 = LINE ( 'NONE', #659, #969 ) ;
#2465 =( GEOMETRIC_REPRESENTATION_CONTEXT ( 3 ) GLOBAL_UNCERTAINTY_ASSIGNED_CONTEXT ( ( #3263 ) ) GLOBAL_UNIT_ASSIGNED_CONTEXT ( ( #2669, #2419, #2 ) ) REPRESENTATION_CONTEXT ( 'NONE', 'WORKASPACE' ) );
#2466 = ORIENTED_EDGE ( 'NONE', *, *, #1911, .F. ) ;
#2467 = CARTESIAN_POINT ( 'NONE',  ( 46.95487814283602290, 28.74826303069430367, 51.35921123303799618 ) ) ;
#2468 = EDGE_CURVE ( 'NONE', #4033, #285, #737, .T. ) ;
#2469 = AXIS2_PLACEMENT_3D ( 'NONE', #2286, #1395, #2682 ) ;
#2470 = CARTESIAN_POINT ( 'NONE',  ( -34.94592146739513083, -11.00000000000000000, 4.000000000000000000 ) ) ;
#2471 = ORIENTED_EDGE ( 'NONE', *, *, #545, .F. ) ;
#2472 = AXIS2_PLACEMENT_3D ( 'NONE', #3397, #1548, #1201 ) ;
#2473 = DIRECTION ( 'NONE',  ( -0.000000000000000000, -0.000000000000000000, 1.000000000000000000 ) ) ;
#2474 = DIRECTION ( 'NONE',  ( 0.000000000000000000, 0.000000000000000000, 1.000000000000000000 ) ) ;
#2475 = CARTESIAN_POINT ( 'NONE',  ( -2.200000000000147171, -21.00000000000000000, 3.000000000000000000 ) ) ;
#2476 = AXIS2_PLACEMENT_3D ( 'NONE', #3408, #2166, #610 ) ;
#2477 = EDGE_LOOP ( 'NONE', ( #2033, #1852, #3190, #3123 ) ) ;
#2478 = CARTESIAN_POINT ( 'NONE',  ( -1.153701847711643858, -3.375361811986507643, -3.315173930682529427E-15 ) ) ;
#2479 = CARTESIAN_POINT ( 'NONE',  ( -21.21815260572889628, -11.00000000000000000, 4.000000000000000000 ) ) ;
#2480 = VERTEX_POINT ( 'NONE', #3226 ) ;
#2481 = B_SPLINE_CURVE_WITH_KNOTS ( 'NONE', 3,
 ( #1712, #2367, #2347, #2019, #3611, #2950 ),
 .UNSPECIFIED., .F., .F.,
 ( 4, 2, 4 ),
 ( 0.005649496001316454269, 0.006672230966438307334, 0.007694965931560159532 ),
 .UNSPECIFIED. ) ;
#2482 = CARTESIAN_POINT ( 'NONE',  ( -3.500000000000000888, 0.6879904500768341258, -3.169836757075879863 ) ) ;
#2483 = CARTESIAN_POINT ( 'NONE',  ( 3.499999999999999556, -2.020725942163698718, -2.887392608830354312 ) ) ;
#2484 = CARTESIAN_POINT ( 'NONE',  ( -2.103352214621878602E-14, -4.041451884327384114, -0.3126073911696460317 ) ) ;
#2485 = PRODUCT_DEFINITION ( 'UNKNOWN', '', #3523, #808 ) ;
#2486 = VERTEX_POINT ( 'NONE', #658 ) ;
#2487 = CARTESIAN_POINT ( 'NONE',  ( 7.027511656657068784, 32.78968438693159726, 55.55921123303850351 ) ) ;
#2488 = ORIENTED_EDGE ( 'NONE', *, *, #3977, .T. ) ;
#2489 = DIRECTION ( 'NONE',  ( 0.5000000000000014433, 0.8660254037844379305, -0.000000000000000000 ) ) ;
#2490 = ORIENTED_EDGE ( 'NONE', *, *, #3157, .T. ) ;
#2491 = ADVANCED_FACE ( 'NONE', ( #3787 ), #747, .F. ) ;
#2492 = CARTESIAN_POINT ( 'NONE',  ( 47.95759390763686270, 29.99207974333172189, 52.60302794567539308 ) ) ;
#2493 = FACE_OUTER_BOUND ( 'NONE', #3006, .T. ) ;
#2494 = ORIENTED_EDGE ( 'NONE', *, *, #3695, .T. ) ;
#2495 = CARTESIAN_POINT ( 'NONE',  ( 4.200000000000001954, 2.694222958124175527E-16, 2.199999999999998845 ) ) ;
#2496 = DIRECTION ( 'NONE',  ( -1.000000000000000000, -0.000000000000000000, -0.000000000000000000 ) ) ;
#2497 = EDGE_CURVE ( 'NONE', #1333, #265, #1076, .T. ) ;
#2498 = ORIENTED_EDGE ( 'NONE', *, *, #527, .T. ) ;
#2499 = DIRECTION ( 'NONE',  ( -0.5000000000000002220, -0.8660254037844384856, 0.000000000000000000 ) ) ;
#2500 = DIRECTION ( 'NONE',  ( 0.000000000000000000, -0.5000000000000009992, -0.8660254037844380415 ) ) ;
#2501 = ADVANCED_FACE ( 'NONE', ( #1579, #2552 ), #20, .F. ) ;
#2502 = VERTEX_POINT ( 'NONE', #703 ) ;
#2503 = CARTESIAN_POINT ( 'NONE',  ( 2.000000000000000000, -1.743597812952675019, 0.000000000000000000 ) ) ;
#2504 = CARTESIAN_POINT ( 'NONE',  ( 2.000000000000000000, -0.8717989064763423945, -1.510000000000001785 ) ) ;
#2505 = ORIENTED_EDGE ( 'NONE', *, *, #1952, .F. ) ;
#2506 = DIRECTION ( 'NONE',  ( 0.000000000000000000, 0.000000000000000000, -1.000000000000000000 ) ) ;
#2507 = CARTESIAN_POINT ( 'NONE',  ( 3.499999999999999556, -0.6807265984995646280, -3.170648692803532676 ) ) ;
#2508 = ORIENTED_EDGE ( 'NONE', *, *, #186, .F. ) ;
#2509 = CARTESIAN_POINT ( 'NONE',  ( -0.6089803659954564630, -18.99023809523809092, 6.000000000000000000 ) ) ;
#2510 = EDGE_LOOP ( 'NONE', ( #3098, #1897, #2954, #3900 ) ) ;
#2511 = CARTESIAN_POINT ( 'NONE',  ( 2.071371021540591162, 24.41228014936584856, 6.000000000000000000 ) ) ;
#2512 = ADVANCED_FACE ( 'NONE', ( #1946 ), #679, .T. ) ;
#2513 = CARTESIAN_POINT ( 'NONE',  ( 7.129958408832411720, 33.37492230934280713, 55.35930364978538876 ) ) ;
#2514 = CARTESIAN_POINT ( 'NONE',  ( 49.65830016184015960, 33.43208285607798302, 55.53849169869506852 ) ) ;
#2515 = CARTESIAN_POINT ( 'NONE',  ( -1.466422162314116009E-13, -21.00000000000000000, 0.000000000000000000 ) ) ;
#2516 = EDGE_CURVE ( 'NONE', #432, #1898, #102, .T. ) ;
#2517 = CARTESIAN_POINT ( 'NONE',  ( -18.60671921645509030, -15.00000000000002309, 12.00000000000000000 ) ) ;
#2518 = CIRCLE ( 'NONE', #3364, 4.000000000000000000 ) ;
#2519 = ORIENTED_EDGE ( 'NONE', *, *, #2809, .F. ) ;
#2520 = VERTEX_POINT ( 'NONE', #79 ) ;
#2521 = CONICAL_SURFACE ( 'NONE', #288, 3.500000000000000444, 1.047197551196596521 ) ;
#2522 = EDGE_CURVE ( 'NONE', #2040, #913, #1281, .T. ) ;
#2523 = CARTESIAN_POINT ( 'NONE',  ( -3.500000000000000000, 1.693985822988424150, -0.2182856432891984999 ) ) ;
#2524 = LINE ( 'NONE', #2602, #2711 ) ;
#2525 = AXIS2_PLACEMENT_3D ( 'NONE', #1576, #653, #719 ) ;
#2526 = DIRECTION ( 'NONE',  ( 1.000000000000000000, 0.000000000000000000, 0.000000000000000000 ) ) ;
#2527 = VECTOR ( 'NONE', #734, 1000.000000000000000 ) ;
#2528 = CARTESIAN_POINT ( 'NONE',  ( -6.999999999999991118, -5.204170427930421283E-15, -3.200000000000000178 ) ) ;
#2529 = ORIENTED_EDGE ( 'NONE', *, *, #3746, .F. ) ;
#2530 = LINE ( 'NONE', #2899, #3794 ) ;
#2531 = CARTESIAN_POINT ( 'NONE',  ( 0.000000000000000000, 0.000000000000000000, -2.929527361626600879 ) ) ;
#2532 = ORIENTED_EDGE ( 'NONE', *, *, #2300, .T. ) ;
#2533 = CARTESIAN_POINT ( 'NONE',  ( 24.00000000000000000, 0.000000000000000000, 0.000000000000000000 ) ) ;
#2534 = CIRCLE ( 'NONE', #3918, 2.000000000000000000 ) ;
#2535 = CONTEXT_DEPENDENT_SHAPE_REPRESENTATION ( #4024, #3895 ) ;
#2536 = CARTESIAN_POINT ( 'NONE',  ( -2.926493552096025574, -2.351840044243044492, -0.1388410611046134169 ) ) ;
#2537 = AXIS2_PLACEMENT_3D ( 'NONE', #2131, #1265, #3394 ) ;
#2538 = CARTESIAN_POINT ( 'NONE',  ( 2.071371021540415747, -24.41228014936586632, 6.000000000000000000 ) ) ;
#2539 = CARTESIAN_POINT ( 'NONE',  ( 49.57563977209299821, 33.42721485029453987, 55.37722339180757558 ) ) ;
#2540 = CARTESIAN_POINT ( 'NONE',  ( 2.000000000000000000, 0.000000000000000000, 0.000000000000000000 ) ) ;
#2541 = AXIS2_PLACEMENT_3D ( 'NONE', #2663, #2368, #736 ) ;
#2542 = AXIS2_PLACEMENT_3D ( 'NONE', #4048, #1240, #654 ) ;
#2543 = ORIENTED_EDGE ( 'NONE', *, *, #3823, .F. ) ;
#2544 = ORIENTED_EDGE ( 'NONE', *, *, #3804, .F. ) ;
#2545 = ADVANCED_FACE ( 'NONE', ( #2848 ), #30, .T. ) ;
#2546 = VECTOR ( 'NONE', #1476, 1000.000000000000000 ) ;
#2547 = LINE ( 'NONE', #1672, #3061 ) ;
#2548 = DIRECTION ( 'NONE',  ( -1.000000000000000000, -0.000000000000000000, -0.000000000000000000 ) ) ;
#2549 = ADVANCED_FACE ( 'NONE', ( #826 ), #1725, .T. ) ;
#2550 = PRODUCT_DEFINITION_SHAPE ( 'NONE', 'NONE',  #4061 ) ;
#2551 = CARTESIAN_POINT ( 'NONE',  ( 0.000000000000000000, 21.00000000000000000, 3.000000000000000000 ) ) ;
#2552 = FACE_OUTER_BOUND ( 'NONE', #3109, .T. ) ;
#2553 = ORIENTED_EDGE ( 'NONE', *, *, #1556, .F. ) ;
#2554 = CARTESIAN_POINT ( 'NONE',  ( 0.000000000000000000, 0.000000000000000000, 0.000000000000000000 ) ) ;
#2555 = EDGE_LOOP ( 'NONE', ( #3945, #3318, #1583 ) ) ;
#2556 = CARTESIAN_POINT ( 'NONE',  ( 2.020725942163690725, 17.49999999999999645, 3.000000000000000000 ) ) ;
#2557 = APPLICATION_PROTOCOL_DEFINITION ( 'draft international standard', 'automotive_design', 1998, #3602 ) ;
#2558 = DIRECTION ( 'NONE',  ( 0.4999999999999936162, -0.8660254037844422603, 0.000000000000000000 ) ) ;
#2559 = CARTESIAN_POINT ( 'NONE',  ( 0.000000000000000000, 0.000000000000000000, 0.000000000000000000 ) ) ;
#2560 = CARTESIAN_POINT ( 'NONE',  ( 49.59596649606480412, 33.46105450614390264, 55.41659717754836123 ) ) ;
#2561 = LINE ( 'NONE', #3484, #2983 ) ;
#2562 = ORIENTED_EDGE ( 'NONE', *, *, #464, .F. ) ;
#2563 = ORIENTED_EDGE ( 'NONE', *, *, #1827, .F. ) ;
#2564 = FACE_OUTER_BOUND ( 'NONE', #3585, .T. ) ;
#2565 = PLANE ( 'NONE',  #2845 ) ;
#2566 = EDGE_CURVE ( 'NONE', #1703, #1039, #1214, .T. ) ;
#2567 = DIRECTION ( 'NONE',  ( 1.000000000000000000, 4.239347605759984279E-29, -1.255609373087974576E-14 ) ) ;
#2568 = CARTESIAN_POINT ( 'NONE',  ( 0.000000000000000000, -0.8717989064763382867, 1.509999999999999121 ) ) ;
#2569 = EDGE_CURVE ( 'NONE', #1057, #1039, #2664, .T. ) ;
#2570 = ORIENTED_EDGE ( 'NONE', *, *, #3087, .T. ) ;
#2571 = CARTESIAN_POINT ( 'NONE',  ( -0.5735064479039793106, 3.710337782248034788, -3.061158938895389703 ) ) ;
#2572 = ORIENTED_EDGE ( 'NONE', *, *, #510, .T. ) ;
#2573 = CARTESIAN_POINT ( 'NONE',  ( 25.25000000000000000, 3.092233167847066830E-15, 4.000000000000000000 ) ) ;
#2574 = EDGE_CURVE ( 'NONE', #1105, #3938, #1420, .T. ) ;
#2575 = DIRECTION ( 'NONE',  ( 0.000000000000000000, 0.000000000000000000, 1.000000000000000000 ) ) ;
#2576 = CARTESIAN_POINT ( 'NONE',  ( -21.21815260572889628, 11.00000000000000000, 7.999999999999996447 ) ) ;
#2577 = ORIENTED_EDGE ( 'NONE', *, *, #2179, .T. ) ;
#2578 = DIRECTION ( 'NONE',  ( -0.000000000000000000, -0.000000000000000000, 1.000000000000000000 ) ) ;
#2579 = VERTEX_POINT ( 'NONE', #3613 ) ;
#2580 = DIRECTION ( 'NONE',  ( -1.000000000000000000, -0.000000000000000000, -0.000000000000000000 ) ) ;
#2581 = FACE_OUTER_BOUND ( 'NONE', #1456, .T. ) ;
#2582 = CARTESIAN_POINT ( 'NONE',  ( 0.000000000000000000, 0.000000000000000000, 12.00000000000000000 ) ) ;
#2583 = DIRECTION ( 'NONE',  ( 0.000000000000000000, 0.000000000000000000, 1.000000000000000000 ) ) ;
#2584 = CIRCLE ( 'NONE', #162, 23.90000000000001279 ) ;
#2585 = ORIENTED_EDGE ( 'NONE', *, *, #4009, .T. ) ;
#2586 = ADVANCED_FACE ( 'NONE', ( #851 ), #3951, .F. ) ;
#2587 = DIRECTION ( 'NONE',  ( 0.000000000000000000, 0.000000000000000000, 1.000000000000000000 ) ) ;
#2588 = VERTEX_POINT ( 'NONE', #801 ) ;
#2589 = DIRECTION ( 'NONE',  ( 1.000000000000000000, 0.000000000000000000, 0.000000000000000000 ) ) ;
#2590 = COLOUR_RGB ( '',0.2509803921568627416, 0.2509803921568627416, 0.2509803921568627416 ) ;
#2591 = EDGE_CURVE ( 'NONE', #1819, #2040, #1858, .T. ) ;
#2592 = CONICAL_SURFACE ( 'NONE', #3380, 3.500000000000000444, 1.047197551196596521 ) ;
#2593 = CARTESIAN_POINT ( 'NONE',  ( -2.000000000000000000, 2.449293598294706907E-16, 0.000000000000000000 ) ) ;
#2594 = STYLED_ITEM ( 'NONE', ( #2429 ), #2428 ) ;
#2595 = ORIENTED_EDGE ( 'NONE', *, *, #1848, .F. ) ;
#2596 = DIRECTION ( 'NONE',  ( 0.000000000000000000, 0.000000000000000000, 1.000000000000000000 ) ) ;
#2597 = VECTOR ( 'NONE', #3516, 1000.000000000000114 ) ;
#2598 = ORIENTED_EDGE ( 'NONE', *, *, #2154, .T. ) ;
#2599 =( GEOMETRIC_REPRESENTATION_CONTEXT ( 3 ) GLOBAL_UNCERTAINTY_ASSIGNED_CONTEXT ( ( #3304 ) ) GLOBAL_UNIT_ASSIGNED_CONTEXT ( ( #1753, #2694, #2445 ) ) REPRESENTATION_CONTEXT ( 'NONE', 'WORKASPACE' ) );
#2600 = CIRCLE ( 'NONE', #2202, 23.90000000000001279 ) ;
#2601 = LINE ( 'NONE', #872, #3664 ) ;
#2602 = CARTESIAN_POINT ( 'NONE',  ( -15.49193338482966809, -11.00000000000000000, 7.000000000000000000 ) ) ;
#2603 = VECTOR ( 'NONE', #61, 1000.000000000000000 ) ;
#2604 = DIRECTION ( 'NONE',  ( 0.000000000000000000, 0.000000000000000000, -1.000000000000000000 ) ) ;
#2605 = CARTESIAN_POINT ( 'NONE',  ( 3.500000000000000000, 2.020725942163697830, -2.887392608830354312 ) ) ;
#2606 = EDGE_LOOP ( 'NONE', ( #108, #417, #2363 ) ) ;
#2607 = DIRECTION ( 'NONE',  ( 1.000000000000000000, 0.000000000000000000, -1.255609373087974576E-14 ) ) ;
#2608 = ORIENTED_EDGE ( 'NONE', *, *, #2082, .F. ) ;
#2609 = FACE_OUTER_BOUND ( 'NONE', #196, .T. ) ;
#2610 = UNCERTAINTY_MEASURE_WITH_UNIT (LENGTH_MEASURE( 1.000000000000000082E-05 ), #2056, 'distance_accuracy_value', 'NONE');
#2611 = EDGE_CURVE ( 'NONE', #325, #2447, #3510, .T. ) ;
#2612 = DIRECTION ( 'NONE',  ( 1.000000000000000000, 0.000000000000000000, 0.000000000000000000 ) ) ;
#2613 = ORIENTED_EDGE ( 'NONE', *, *, #2103, .F. ) ;
#2614 = DIRECTION ( 'NONE',  ( -0.000000000000000000, -0.000000000000000000, 1.000000000000000000 ) ) ;
#2615 = EDGE_CURVE ( 'NONE', #432, #2480, #1347, .T. ) ;
#2616 = ORIENTED_EDGE ( 'NONE', *, *, #328, .F. ) ;
#2617 = DIRECTION ( 'NONE',  ( 1.000000000000000000, 0.000000000000000000, 0.000000000000000000 ) ) ;
#2618 = DIRECTION ( 'NONE',  ( 0.000000000000000000, 0.000000000000000000, 1.000000000000000000 ) ) ;
#2619 = EDGE_CURVE ( 'NONE', #2800, #848, #1148, .T. ) ;
#2620 = B_SPLINE_CURVE_WITH_KNOTS ( 'NONE', 3,
 ( #3690, #583, #2478, #3755 ),
 .UNSPECIFIED., .F., .F.,
 ( 4, 4 ),
 ( 2.380739282414051792E-07, 0.002044882221487543186 ),
 .UNSPECIFIED. ) ;
#2621 = PLANE ( 'NONE',  #2265 ) ;
#2622 = CARTESIAN_POINT ( 'NONE',  ( 0.2855619784720614951, -3.876582599186227718, -2.982579934988232928 ) ) ;
#2623 = ORIENTED_EDGE ( 'NONE', *, *, #1859, .T. ) ;
#2624 = DIRECTION ( 'NONE',  ( -0.000000000000000000, -0.000000000000000000, 1.000000000000000000 ) ) ;
#2625 = ORIENTED_EDGE ( 'NONE', *, *, #1324, .F. ) ;
#2626 = CARTESIAN_POINT ( 'NONE',  ( -2.000000000000000000, 0.000000000000000000, -3.174599999999999866 ) ) ;
#2627 = VERTEX_POINT ( 'NONE', #2001 ) ;
#2628 = VERTEX_POINT ( 'NONE', #3323 ) ;
#2629 = ADVANCED_FACE ( 'NONE', ( #2952 ), #206, .F. ) ;
#2630 = PLANE ( 'NONE',  #2062 ) ;
#2631 = ORIENTED_EDGE ( 'NONE', *, *, #2914, .T. ) ;
#2632 = DIRECTION ( 'NONE',  ( -1.000000000000000000, 0.000000000000000000, 0.000000000000000000 ) ) ;
#2633 = ORIENTED_EDGE ( 'NONE', *, *, #3493, .T. ) ;
#2634 = EDGE_LOOP ( 'NONE', ( #2751, #917, #3173 ) ) ;
#2635 = EDGE_CURVE ( 'NONE', #1246, #2447, #2584, .T. ) ;
#2636 = CARTESIAN_POINT ( 'NONE',  ( 0.000000000000000000, 21.00000000000000000, 3.000000000000000000 ) ) ;
#2637 = DIRECTION ( 'NONE',  ( 0.000000000000000000, 0.000000000000000000, 1.000000000000000000 ) ) ;
#2638 = ADVANCED_FACE ( 'NONE', ( #1760 ), #3296, .F. ) ;
#2639 = CARTESIAN_POINT ( 'NONE',  ( -3.500000000000000000, -2.020725942163697830, -3.200000000000000178 ) ) ;
#2640 = CARTESIAN_POINT ( 'NONE',  ( 28.34815892638117063, 28.74826303069430367, 45.35921123303847224 ) ) ;
#2641 = CARTESIAN_POINT ( 'NONE',  ( 2.020725942163690725, 17.49999999999999645, 6.000000000000000000 ) ) ;
#2642 = VECTOR ( 'NONE', #3496, 1000.000000000000114 ) ;
#2643 = VERTEX_POINT ( 'NONE', #487 ) ;
#2644 = DIRECTION ( 'NONE',  ( -0.000000000000000000, -0.000000000000000000, -1.000000000000000000 ) ) ;
#2645 = LINE ( 'NONE', #1399, #564 ) ;
#2646 = ORIENTED_EDGE ( 'NONE', *, *, #2086, .T. ) ;
#2647 = VECTOR ( 'NONE', #2440, 1000.000000000000000 ) ;
#2648 = DIRECTION ( 'NONE',  ( 4.383936695013188063E-29, -1.000000000000000000, -5.520779089334829130E-43 ) ) ;
#2649 = COLOUR_RGB ( '',0.7764705882352941346, 0.7568627450980391913, 0.7372549019607843590 ) ;
#2650 = PRESENTATION_STYLE_ASSIGNMENT (( #2074 ) ) ;
#2651 = FACE_OUTER_BOUND ( 'NONE', #3636, .T. ) ;
#2652 = FACE_OUTER_BOUND ( 'NONE', #593, .T. ) ;
#2653 = DIRECTION ( 'NONE',  ( 1.000000000000000000, 0.000000000000000000, 0.000000000000000000 ) ) ;
#2654 = ORIENTED_EDGE ( 'NONE', *, *, #3984, .F. ) ;
#2655 = AXIS2_PLACEMENT_3D ( 'NONE', #3346, #3042, #229 ) ;
#2656 = CIRCLE ( 'NONE', #897, 19.00000000000000000 ) ;
#2657 = DIRECTION ( 'NONE',  ( 1.000000000000000000, 4.383936695013188063E-29, -1.255609373087974576E-14 ) ) ;
#2658 = LINE ( 'NONE', #1375, #3441 ) ;
#2659 = VECTOR ( 'NONE', #3604, 1000.000000000000114 ) ;
#2660 = EDGE_CURVE ( 'NONE', #2823, #994, #1695, .T. ) ;
#2661 = AXIS2_PLACEMENT_3D ( 'NONE', #351, #2873, #68 ) ;
#2662 = PRESENTATION_LAYER_ASSIGNMENT (  '', '', ( #1304 ) ) ;
#2663 = CARTESIAN_POINT ( 'NONE',  ( 0.000000000000000000, 0.000000000000000000, -2.929527361626600879 ) ) ;
#2664 = LINE ( 'NONE', #2930, #3504 ) ;
#2665 = DIRECTION ( 'NONE',  ( -1.000000000000000000, -0.000000000000000000, -0.000000000000000000 ) ) ;
#2666 = EDGE_CURVE ( 'NONE', #2732, #2628, #3405, .T. ) ;
#2667 = VECTOR ( 'NONE', #100, 1000.000000000000000 ) ;
#2668 = VERTEX_POINT ( 'NONE', #1396 ) ;
#2669 =( LENGTH_UNIT ( ) NAMED_UNIT ( * ) SI_UNIT ( .MILLI., .METRE. ) );
#2670 = ORIENTED_EDGE ( 'NONE', *, *, #862, .T. ) ;
#2671 = CARTESIAN_POINT ( 'NONE',  ( 0.6089803659951883441, -18.99023809523809803, 0.000000000000000000 ) ) ;
#2672 = B_SPLINE_CURVE_WITH_KNOTS ( 'NONE', 3,
 ( #2209, #1006, #2242, #2867 ),
 .UNSPECIFIED., .F., .F.,
 ( 4, 4 ),
 ( 2.380739282414169582E-07, 0.002044882221487543186 ),
 .UNSPECIFIED. ) ;
#2673 = FACE_OUTER_BOUND ( 'NONE', #2829, .T. ) ;
#2674 = FILL_AREA_STYLE ('',( #3962 ) ) ;
#2675 = CARTESIAN_POINT ( 'NONE',  ( -4.041451884327528887, -20.99999999999997158, 3.000000000000000000 ) ) ;
#2676 = VERTEX_POINT ( 'NONE', #451 ) ;
#2677 = EDGE_LOOP ( 'NONE', ( #292, #939, #3167, #2319 ) ) ;
#2678 =( NAMED_UNIT ( * ) PLANE_ANGLE_UNIT ( ) SI_UNIT ( $, .RADIAN. ) );
#2679 = DIRECTION ( 'NONE',  ( -0.000000000000000000, -0.000000000000000000, 1.000000000000000000 ) ) ;
#2680 = DIRECTION ( 'NONE',  ( -0.000000000000000000, -0.000000000000000000, -1.000000000000000000 ) ) ;
#2681 = EDGE_CURVE ( 'NONE', #839, #51, #548, .T. ) ;
#2682 = DIRECTION ( 'NONE',  ( 1.000000000000000000, 0.000000000000000000, -0.000000000000000000 ) ) ;
#2683 = DIRECTION ( 'NONE',  ( 0.000000000000000000, 0.000000000000000000, 1.000000000000000000 ) ) ;
#2684 = DIRECTION ( 'NONE',  ( 1.000000000000000000, 0.000000000000000000, 0.000000000000000000 ) ) ;
#2685 = VERTEX_POINT ( 'NONE', #3594 ) ;
#2686 = EDGE_CURVE ( 'NONE', #992, #984, #2312, .T. ) ;
#2687 = DIRECTION ( 'NONE',  ( 0.000000000000000000, -0.000000000000000000, 1.000000000000000000 ) ) ;
#2688 = ORIENTED_EDGE ( 'NONE', *, *, #786, .F. ) ;
#2689 = CARTESIAN_POINT ( 'NONE',  ( 1.482500161549134971E-15, 21.00000000000000000, 12.00000000000000000 ) ) ;
#2690 = FILL_AREA_STYLE ('',( #147 ) ) ;
#2691 = EDGE_CURVE ( 'NONE', #3619, #2732, #2863, .T. ) ;
#2692 = DIRECTION ( 'NONE',  ( -1.000000000000000000, 0.000000000000000000, 0.000000000000000000 ) ) ;
#2693 = ORIENTED_EDGE ( 'NONE', *, *, #3901, .T. ) ;
#2694 =( NAMED_UNIT ( * ) PLANE_ANGLE_UNIT ( ) SI_UNIT ( $, .RADIAN. ) );
#2695 = DIRECTION ( 'NONE',  ( 1.000000000000000000, 0.000000000000000000, 0.000000000000000000 ) ) ;
#2696 = ORIENTED_EDGE ( 'NONE', *, *, #605, .F. ) ;
#2697 = DIRECTION ( 'NONE',  ( 0.000000000000000000, 0.000000000000000000, 1.000000000000000000 ) ) ;
#2698 = CARTESIAN_POINT ( 'NONE',  ( 15.49193338482966809, 11.00000000000000000, 7.000000000000000000 ) ) ;
#2699 = DIRECTION ( 'NONE',  ( -0.000000000000000000, -0.000000000000000000, 1.000000000000000000 ) ) ;
#2700 = DIRECTION ( 'NONE',  ( -0.000000000000000000, -0.000000000000000000, 1.000000000000000000 ) ) ;
#2701 = ADVANCED_FACE ( 'NONE', ( #881 ), #262, .T. ) ;
#2702 = CARTESIAN_POINT ( 'NONE',  ( 0.5725525826504662685, 3.710888496608920839, -3.078243469714888381 ) ) ;
#2703 = ORIENTED_EDGE ( 'NONE', *, *, #3391, .T. ) ;
#2704 = DIRECTION ( 'NONE',  ( 1.000000000000000000, 0.000000000000000000, 0.000000000000000000 ) ) ;
#2705 = VECTOR ( 'NONE', #1950, 1000.000000000000000 ) ;
#2706 = ADVANCED_FACE ( 'NONE', ( #3074 ), #3106, .F. ) ;
#2707 = VERTEX_POINT ( 'NONE', #281 ) ;
#2708 = DIRECTION ( 'NONE',  ( -0.000000000000000000, -0.000000000000000000, 1.000000000000000000 ) ) ;
#2709 = ORIENTED_EDGE ( 'NONE', *, *, #3965, .T. ) ;
#2710 = DIRECTION ( 'NONE',  ( 0.000000000000000000, -7.461827477171319195E-16, -1.000000000000000000 ) ) ;
#2711 = VECTOR ( 'NONE', #1026, 1000.000000000000000 ) ;
#2712 = EDGE_CURVE ( 'NONE', #1274, #515, #2802, .T. ) ;
#2713 = ORIENTED_EDGE ( 'NONE', *, *, #1460, .T. ) ;
#2714 = VECTOR ( 'NONE', #2578, 1000.000000000000000 ) ;
#2715 = DIRECTION ( 'NONE',  ( -4.383936695013188063E-29, 1.000000000000000000, 5.520779089334829130E-43 ) ) ;
#2716 = CIRCLE ( 'NONE', #1151, 23.89999999999999858 ) ;
#2717 = VECTOR ( 'NONE', #463, 1000.000000000000000 ) ;
#2718 = CARTESIAN_POINT ( 'NONE',  ( -21.21815260572889628, -15.00000000000002309, 12.00000000000000000 ) ) ;
#2719 =( LENGTH_UNIT ( ) NAMED_UNIT ( * ) SI_UNIT ( .MILLI., .METRE. ) );
#2720 = DIRECTION ( 'NONE',  ( 1.000000000000000000, 0.000000000000000000, 0.000000000000000000 ) ) ;
#2721 = AXIS2_PLACEMENT_3D ( 'NONE', #1380, #3232, #2333 ) ;
#2722 = AXIS2_PLACEMENT_3D ( 'NONE', #618, #1828, #1872 ) ;
#2723 = CARTESIAN_POINT ( 'NONE',  ( 2.071371021540593826, 24.41228014936584856, 6.000000000000000000 ) ) ;
#2724 = ORIENTED_EDGE ( 'NONE', *, *, #2522, .T. ) ;
#2725 = CARTESIAN_POINT ( 'NONE',  ( 2.000000000000000000, 1.743597812952664805, -4.011548038196366406E-15 ) ) ;
#2726 = CIRCLE ( 'NONE', #2402, 2.200000000000000178 ) ;
#2727 = CIRCLE ( 'NONE', #2004, 2.200000000000000622 ) ;
#2728 = EDGE_LOOP ( 'NONE', ( #2097, #403, #1956, #278, #4056, #2384, #3763, #3766, #2696 ) ) ;
#2729 = VECTOR ( 'NONE', #3759, 1000.000000000000000 ) ;
#2730 = CARTESIAN_POINT ( 'NONE',  ( 7.056798340324336394, 33.46116566261632386, 55.50158291373405461 ) ) ;
#2731 = LINE ( 'NONE', #2424, #2992 ) ;
#2732 = VERTEX_POINT ( 'NONE', #1210 ) ;
#2733 = EDGE_CURVE ( 'NONE', #3144, #2055, #2456, .T. ) ;
#2734 = LINE ( 'NONE', #3689, #3917 ) ;
#2735 = EDGE_CURVE ( 'NONE', #3151, #3166, #3760, .T. ) ;
#2736 = MANIFOLD_SOLID_BREP ( 'EndChamfer', #428 ) ;
#2737 = DIRECTION ( 'NONE',  ( 0.000000000000000000, 0.000000000000000000, -1.000000000000000000 ) ) ;
#2738 = ORIENTED_EDGE ( 'NONE', *, *, #1165, .T. ) ;
#2739 = ADVANCED_FACE ( 'NONE', ( #2581 ), #3337, .T. ) ;
#2740 = FACE_OUTER_BOUND ( 'NONE', #3430, .T. ) ;
#2741 = SURFACE_SIDE_STYLE ('',( #2779 ) ) ;
#2742 = FACE_OUTER_BOUND ( 'NONE', #2889, .T. ) ;
#2743 = ORIENTED_EDGE ( 'NONE', *, *, #313, .F. ) ;
#2744 = LINE ( 'NONE', #247, #2647 ) ;
#2745 = ORIENTED_EDGE ( 'NONE', *, *, #1891, .T. ) ;
#2746 = CARTESIAN_POINT ( 'NONE',  ( 7.051823734290603163, 33.45599939323240335, 55.51134494803648778 ) ) ;
#2747 = CYLINDRICAL_SURFACE ( 'NONE', #3720, 24.50000000000000000 ) ;
#2748 = ORIENTED_EDGE ( 'NONE', *, *, #2939, .F. ) ;
#2749 = DIRECTION ( 'NONE',  ( 1.000000000000000000, 0.000000000000000000, 0.000000000000000000 ) ) ;
#2750 = CARTESIAN_POINT ( 'NONE',  ( 4.041451884327233124, -21.00000000000002132, 3.000000000000000000 ) ) ;
#2751 = ORIENTED_EDGE ( 'NONE', *, *, #283, .T. ) ;
#2752 = EDGE_CURVE ( 'NONE', #3354, #2151, #1412, .T. ) ;
#2753 = DIRECTION ( 'NONE',  ( 0.5000000000000062172, 0.8660254037844350439, 0.000000000000000000 ) ) ;
#2754 = DIRECTION ( 'NONE',  ( 0.000000000000000000, 1.000000000000000000, -1.741093078006642066E-15 ) ) ;
#2755 = ADVANCED_FACE ( 'NONE', ( #698 ), #2565, .T. ) ;
#2756 = DIRECTION ( 'NONE',  ( -1.000000000000000000, 0.000000000000000000, 0.000000000000000000 ) ) ;
#2757 = DIRECTION ( 'NONE',  ( 0.000000000000000000, 0.000000000000000000, -1.000000000000000000 ) ) ;
#2758 = PLANE ( 'NONE',  #1358 ) ;
#2759 = EDGE_CURVE ( 'NONE', #285, #675, #1283, .T. ) ;
#2760 = CARTESIAN_POINT ( 'NONE',  ( 0.000000000000000000, 0.000000000000000000, 0.000000000000000000 ) ) ;
#2761 = EDGE_LOOP ( 'NONE', ( #1, #164, #3703, #3981 ) ) ;
#2762 = CARTESIAN_POINT ( 'NONE',  ( 47.09121572637851472, 28.63613099633834125, 51.52992191115665577 ) ) ;
#2763 = ORIENTED_EDGE ( 'NONE', *, *, #1618, .T. ) ;
#2764 = DIRECTION ( 'NONE',  ( 0.000000000000000000, -0.000000000000000000, -1.000000000000000000 ) ) ;
#2765 = ORIENTED_EDGE ( 'NONE', *, *, #127, .T. ) ;
#2766 = CIRCLE ( 'NONE', #1918, 0.2000000000000000944 ) ;
#2767 = DIRECTION ( 'NONE',  ( 1.000000000000000000, 0.000000000000000000, 0.000000000000000000 ) ) ;
#2768 =( LENGTH_UNIT ( ) NAMED_UNIT ( * ) SI_UNIT ( .MILLI., .METRE. ) );
#2769 = DIRECTION ( 'NONE',  ( -0.4999999999999996114, 0.8660254037844388186, 0.000000000000000000 ) ) ;
#2770 = CIRCLE ( 'NONE', #690, 4.000000000000000000 ) ;
#2771 = DIRECTION ( 'NONE',  ( -0.000000000000000000, -0.000000000000000000, 1.000000000000000000 ) ) ;
#2772 = DIRECTION ( 'NONE',  ( -0.000000000000000000, -0.000000000000000000, 1.000000000000000000 ) ) ;
#2773 = VECTOR ( 'NONE', #3565, 1000.000000000000000 ) ;
#2774 = CARTESIAN_POINT ( 'NONE',  ( 3.499999999999999556, -2.020725942163698718, -0.3126073911696460317 ) ) ;
#2775 = VERTEX_POINT ( 'NONE', #1943 ) ;
#2776 = ORIENTED_EDGE ( 'NONE', *, *, #1059, .F. ) ;
#2777 = AXIS2_PLACEMENT_3D ( 'NONE', #1530, #1205, #2737 ) ;
#2778 = CARTESIAN_POINT ( 'NONE',  ( 0.000000000000000000, 0.000000000000000000, -25.03750572909317285 ) ) ;
#2779 = SURFACE_STYLE_FILL_AREA ( #529 ) ;
#2780 = EDGE_CURVE ( 'NONE', #2520, #3159, #1335, .T. ) ;
#2781 = AXIS2_PLACEMENT_3D ( 'NONE', #2340, #116, #3897 ) ;
#2782 = CARTESIAN_POINT ( 'NONE',  ( 0.000000000000000000, 0.000000000000000000, 12.00000000000000000 ) ) ;
#2783 = AXIS2_PLACEMENT_3D ( 'NONE', #3765, #3369, #3704 ) ;
#2784 = AXIS2_PLACEMENT_3D ( 'NONE', #2053, #3310, #1646 ) ;
#2785 = CARTESIAN_POINT ( 'NONE',  ( -2.346298152288374350, 2.686816014504565420, 2.079369491496662208E-15 ) ) ;
#2786 = CARTESIAN_POINT ( 'NONE',  ( 3.499999999999999556, -2.020725942163698718, -2.887392608830354312 ) ) ;
#2787 = EDGE_CURVE ( 'NONE', #200, #350, #2524, .T. ) ;
#2788 = AXIS2_PLACEMENT_3D ( 'NONE', #3809, #993, #2232 ) ;
#2789 = ORIENTED_EDGE ( 'NONE', *, *, #865, .T. ) ;
#2790 = VECTOR ( 'NONE', #280, 1000.000000000000000 ) ;
#2791 = PLANE ( 'NONE',  #1743 ) ;
#2792 = ORIENTED_EDGE ( 'NONE', *, *, #77, .T. ) ;
#2793 = FACE_BOUND ( 'NONE', #3514, .T. ) ;
#2794 = ORIENTED_EDGE ( 'NONE', *, *, #435, .T. ) ;
#2795 =( NAMED_UNIT ( * ) SI_UNIT ( $, .STERADIAN. ) SOLID_ANGLE_UNIT ( ) );
#2796 = SURFACE_STYLE_USAGE ( .BOTH. , #29 ) ;
#2797 = AXIS2_PLACEMENT_3D ( 'NONE', #923, #3679, #3661 ) ;
#2798 = DIRECTION ( 'NONE',  ( 1.000000000000000000, 0.000000000000000000, -0.000000000000000000 ) ) ;
#2799 = DIRECTION ( 'NONE',  ( 1.000000000000000000, 0.000000000000000000, 0.000000000000000000 ) ) ;
#2800 = VERTEX_POINT ( 'NONE', #3509 ) ;
#2801 = CARTESIAN_POINT ( 'NONE',  ( -3.500000000000000000, 2.020725942163686728, -0.3126073911696429786 ) ) ;
#2802 = LINE ( 'NONE', #1536, #4034 ) ;
#2803 = FACE_OUTER_BOUND ( 'NONE', #3261, .T. ) ;
#2804 = EDGE_CURVE ( 'NONE', #3000, #1216, #632, .T. ) ;
#2805 = ORIENTED_EDGE ( 'NONE', *, *, #3493, .F. ) ;
#2806 = DIRECTION ( 'NONE',  ( 1.000000000000000000, 0.000000000000000000, 0.000000000000000000 ) ) ;
#2807 = DIRECTION ( 'NONE',  ( -1.000000000000000000, -0.000000000000000000, -0.000000000000000000 ) ) ;
#2808 = ORIENTED_EDGE ( 'NONE', *, *, #1560, .T. ) ;
#2809 = EDGE_CURVE ( 'NONE', #2480, #1033, #485, .T. ) ;
#2810 = CARTESIAN_POINT ( 'NONE',  ( 2.000000000000000000, -1.743597812952675019, 0.000000000000000000 ) ) ;
#2811 = ORIENTED_EDGE ( 'NONE', *, *, #586, .T. ) ;
#2812 = PLANE ( 'NONE',  #3903 ) ;
#2813 = SURFACE_STYLE_USAGE ( .BOTH. , #873 ) ;
#2814 = DIRECTION ( 'NONE',  ( 0.000000000000000000, -0.4999999999999993339, 0.8660254037844390407 ) ) ;
#2815 = EDGE_CURVE ( 'NONE', #2380, #443, #3193, .T. ) ;
#2816 = CARTESIAN_POINT ( 'NONE',  ( 7.125668461514836238, 33.41001362865905122, 55.36758266996145039 ) ) ;
#2817 = CARTESIAN_POINT ( 'NONE',  ( -2.100000000000000089, 21.00000000000000000, 8.000000000000000000 ) ) ;
#2818 = CARTESIAN_POINT ( 'NONE',  ( 28.34815892638117063, 28.74826303069430367, 45.35921123303847224 ) ) ;
#2819 = ORIENTED_EDGE ( 'NONE', *, *, #1218, .T. ) ;
#2820 = CARTESIAN_POINT ( 'NONE',  ( 0.000000000000000000, 0.000000000000000000, 0.000000000000000000 ) ) ;
#2821 = CARTESIAN_POINT ( 'NONE',  ( 2.000000000000000000, -0.8717989064763382867, 1.509999999999999121 ) ) ;
#2822 = CYLINDRICAL_SURFACE ( 'NONE', #2542, 19.00000000000000000 ) ;
#2823 = VERTEX_POINT ( 'NONE', #2821 ) ;
#2824 = CARTESIAN_POINT ( 'NONE',  ( 2.099999999999852207, -21.00000000000000000, 8.000000000000000000 ) ) ;
#2825 = DIRECTION ( 'NONE',  ( 0.000000000000000000, 0.000000000000000000, 1.000000000000000000 ) ) ;
#2826 = ORIENTED_EDGE ( 'NONE', *, *, #3335, .F. ) ;
#2827 = APPLICATION_CONTEXT ( 'automotive_design' ) ;
#2828 = PLANE ( 'NONE',  #1302 ) ;
#2829 = EDGE_LOOP ( 'NONE', ( #2316, #2613, #2975, #1746 ) ) ;
#2830 = DIRECTION ( 'NONE',  ( 0.000000000000000000, 1.000000000000000000, 3.491481338843133355E-15 ) ) ;
#2831 = CARTESIAN_POINT ( 'NONE',  ( 3.348158926381183953, 32.74826303069429656, 55.35921123303854330 ) ) ;
#2832 = EDGE_CURVE ( 'NONE', #475, #1340, #3822, .T. ) ;
#2833 = ORIENTED_EDGE ( 'NONE', *, *, #2255, .F. ) ;
#2834 = CARTESIAN_POINT ( 'NONE',  ( 49.64928631943431014, 33.44985679838976012, 55.52075750102730467 ) ) ;
#2835 = CARTESIAN_POINT ( 'NONE',  ( 49.62406856998271820, 32.57755235257562987, 55.47134326739393373 ) ) ;
#2836 = CARTESIAN_POINT ( 'NONE',  ( 49.57272647415139488, 33.41915090110472875, 55.37159217302029646 ) ) ;
#2837 = CARTESIAN_POINT ( 'NONE',  ( 20.48282771154164550, 12.41838507451423723, 9.418385074514224797 ) ) ;
#2838 = EDGE_CURVE ( 'NONE', #395, #3810, #3864, .T. ) ;
#2839 = VECTOR ( 'NONE', #3178, 1000.000000000000000 ) ;
#2840 = VERTEX_POINT ( 'NONE', #3803 ) ;
#2841 = EDGE_LOOP ( 'NONE', ( #3751, #267, #73, #778, #490, #705, #3025, #2439 ) ) ;
#2842 = AXIS2_PLACEMENT_3D ( 'NONE', #3600, #789, #2026 ) ;
#2843 = LINE ( 'NONE', #2503, #2999 ) ;
#2844 = DIRECTION ( 'NONE',  ( 0.000000000000000000, 0.000000000000000000, 1.000000000000000000 ) ) ;
#2845 = AXIS2_PLACEMENT_3D ( 'NONE', #62, #1356, #344 ) ;
#2846 = DIRECTION ( 'NONE',  ( -1.000000000000000000, 0.000000000000000000, 0.000000000000000000 ) ) ;
#2847 = AXIS2_PLACEMENT_3D ( 'NONE', #877, #3735, #238 ) ;
#2848 = FACE_OUTER_BOUND ( 'NONE', #2606, .T. ) ;
#2849 = ORIENTED_EDGE ( 'NONE', *, *, #252, .F. ) ;
#2850 = MECHANICAL_DESIGN_GEOMETRIC_PRESENTATION_REPRESENTATION (  '', ( #3445 ), #829 ) ;
#2851 = CARTESIAN_POINT ( 'NONE',  ( 1.482500161549134971E-15, 21.00000000000000000, 0.000000000000000000 ) ) ;
#2852 = ORIENTED_EDGE ( 'NONE', *, *, #2138, .T. ) ;
#2853 = DIRECTION ( 'NONE',  ( 0.5000000000000002220, 0.8660254037844384856, 0.000000000000000000 ) ) ;
#2854 = AXIS2_PLACEMENT_3D ( 'NONE', #3016, #207, #1817 ) ;
#2855 = CARTESIAN_POINT ( 'NONE',  ( 23.60999999999999943, 0.000000000000000000, 1.999999999999995781 ) ) ;
#2856 = CIRCLE ( 'NONE', #3121, 2.200000000000000178 ) ;
#2857 = STYLED_ITEM ( 'NONE', ( #3416 ), #2965 ) ;
#2858 = ADVANCED_FACE ( 'NONE', ( #677, #2881 ), #1882, .T. ) ;
#2859 = DIRECTION ( 'NONE',  ( 1.000000000000000000, 0.000000000000000000, 0.000000000000000000 ) ) ;
#2860 = DIRECTION ( 'NONE',  ( 0.000000000000000000, 0.000000000000000000, 1.000000000000000000 ) ) ;
#2861 = VECTOR ( 'NONE', #2145, 1000.000000000000000 ) ;
#2862 = ORIENTED_EDGE ( 'NONE', *, *, #1515, .F. ) ;
#2864 = ORIENTED_EDGE ( 'NONE', *, *, #1685, .T. ) ;
#2863 = B_SPLINE_CURVE_WITH_KNOTS ( 'NONE', 3,
 ( #2483, #3694, #2435, #924 ),
 .UNSPECIFIED., .F., .F.,
 ( 4, 4 ),
 ( 2.380739282177116824E-07, 0.002044882221487518466 ),
 .UNSPECIFIED. ) ;
#2865 = EDGE_CURVE ( 'NONE', #2628, #1298, #2672, .T. ) ;
#2866 = CIRCLE ( 'NONE', #1103, 2.100000000000000533 ) ;
#2867 = CARTESIAN_POINT ( 'NONE',  ( -1.750000000000005329, -3.031088913245532979, -3.200000000000000178 ) ) ;
#2868 = EDGE_CURVE ( 'NONE', #2732, #1298, #33, .T. ) ;
#2869 = CARTESIAN_POINT ( 'NONE',  ( -2.020725942163687172, 24.49999999999999645, 3.000000000000000000 ) ) ;
#2870 = DIRECTION ( 'NONE',  ( 0.000000000000000000, 0.000000000000000000, -1.000000000000000000 ) ) ;
#2871 = CARTESIAN_POINT ( 'NONE',  ( 2.200000000000000178, 21.00000000000000000, 0.000000000000000000 ) ) ;
#2872 = VERTEX_POINT ( 'NONE', #1900 ) ;
#2873 = DIRECTION ( 'NONE',  ( 0.000000000000000000, 0.000000000000000000, -1.000000000000000000 ) ) ;
#2874 = ORIENTED_EDGE ( 'NONE', *, *, #991, .F. ) ;
#2875 = DIRECTION ( 'NONE',  ( 1.000000000000000000, 3.552713678800500929E-15, 0.000000000000000000 ) ) ;
#2876 = APPLICATION_PROTOCOL_DEFINITION ( 'draft international standard', 'automotive_design', 1998, #2200 ) ;
#2877 = CARTESIAN_POINT ( 'NONE',  ( -15.49193338482966809, -10.99999999999999645, 4.000000000000000000 ) ) ;
#2878 = CARTESIAN_POINT ( 'NONE',  ( 0.000000000000000000, 0.8717989064763280727, -1.510000000000003118 ) ) ;
#2879 = ORIENTED_EDGE ( 'NONE', *, *, #3566, .T. ) ;
#2880 = SURFACE_STYLE_USAGE ( .BOTH. , #1635 ) ;
#2881 = FACE_OUTER_BOUND ( 'NONE', #1938, .T. ) ;
#2882 =( REPRESENTATION_RELATIONSHIP ('NONE','NONE', #2455, #3292 ) REPRESENTATION_RELATIONSHIP_WITH_TRANSFORMATION ( #3497 )SHAPE_REPRESENTATION_RELATIONSHIP( ) );
#2883 = EDGE_CURVE ( 'NONE', #913, #3056, #1602, .T. ) ;
#2884 = DIRECTION ( 'NONE',  ( -0.000000000000000000, 0.000000000000000000, -1.000000000000000000 ) ) ;
#2885 = DIRECTION ( 'NONE',  ( -1.000000000000000000, 0.000000000000000000, 0.000000000000000000 ) ) ;
#2886 = EDGE_CURVE ( 'NONE', #587, #1980, #40, .T. ) ;
#2887 = ORIENTED_EDGE ( 'NONE', *, *, #2158, .T. ) ;
#2888 = CARTESIAN_POINT ( 'NONE',  ( -4.041451884327380562, 20.99999999999999289, 3.000000000000000000 ) ) ;
#2889 = EDGE_LOOP ( 'NONE', ( #3353, #3213, #555 ) ) ;
#2890 = CARTESIAN_POINT ( 'NONE',  ( 2.000000000000000000, 2.629050547790024607E-15, 1.509999999999997344 ) ) ;
#2891 = CONTEXT_DEPENDENT_SHAPE_REPRESENTATION ( #2882, #1687 ) ;
#2892 = PRODUCT_DEFINITION_CONTEXT ( 'detailed design', #83, 'design' ) ;
#2893 = CYLINDRICAL_SURFACE ( 'NONE', #3784, 2.200000000000000622 ) ;
#2894 = CARTESIAN_POINT ( 'NONE',  ( -3.500000000000000000, 2.020725942163686728, -0.3126073911696429786 ) ) ;
#2895 = VERTEX_POINT ( 'NONE', #1917 ) ;
#2896 = SURFACE_STYLE_FILL_AREA ( #1648 ) ;
#2897 = CONICAL_SURFACE ( 'NONE', #1010, 3.500000000000000444, 1.047197551196596521 ) ;
#2898 = DIRECTION ( 'NONE',  ( -0.000000000000000000, -0.000000000000000000, 1.000000000000000000 ) ) ;
#2899 = CARTESIAN_POINT ( 'NONE',  ( -15.49193338482966809, 11.00000000000000000, 7.000000000000000000 ) ) ;
#2900 = EDGE_CURVE ( 'NONE', #722, #3639, #3678, .T. ) ;
#2901 = LINE ( 'NONE', #3194, #2667 ) ;
#2902 = CARTESIAN_POINT ( 'NONE',  ( 0.000000000000000000, 0.000000000000000000, 6.000000000000000000 ) ) ;
#2903 = STYLED_ITEM ( 'NONE', ( #3030 ), #2736 ) ;
#2904 = EDGE_LOOP ( 'NONE', ( #947, #3455, #1343, #2776, #1887, #153, #983, #203, #3336, #1964 ) ) ;
#2905 = PRODUCT ( 'socket head cap screw_din_DIN 912 M4 x 20 --- 20N', 'socket head cap screw_din_DIN 912 M4 x 20 --- 20N', '', ( #1314 ) ) ;
#2906 = CIRCLE ( 'NONE', #4039, 1.999999999999995781 ) ;
#2907 = EDGE_CURVE ( 'NONE', #2380, #3056, #2968, .T. ) ;
#2908 = DIRECTION ( 'NONE',  ( 1.000000000000000000, 0.000000000000000000, -0.000000000000000000 ) ) ;
#2909 = ORIENTED_EDGE ( 'NONE', *, *, #869, .T. ) ;
#2910 = CARTESIAN_POINT ( 'NONE',  ( 1.482500161549134971E-15, 21.00000000000000000, 8.000000000000000000 ) ) ;
#2911 = APPLICATION_PROTOCOL_DEFINITION ( 'draft international standard', 'automotive_design', 1998, #3544 ) ;
#2912 = VECTOR ( 'NONE', #345, 1000.000000000000000 ) ;
#2913 = ORIENTED_EDGE ( 'NONE', *, *, #3681, .F. ) ;
#2914 = EDGE_CURVE ( 'NONE', #803, #2443, #2481, .T. ) ;
#2915 = VECTOR ( 'NONE', #1953, 1000.000000000000000 ) ;
#2916 = DIRECTION ( 'NONE',  ( 0.000000000000000000, 0.000000000000000000, 1.000000000000000000 ) ) ;
#2917 = VECTOR ( 'NONE', #512, 1000.000000000000000 ) ;
#2918 =( NAMED_UNIT ( * ) PLANE_ANGLE_UNIT ( ) SI_UNIT ( $, .RADIAN. ) );
#2919 = ORIENTED_EDGE ( 'NONE', *, *, #937, .T. ) ;
#2920 = CYLINDRICAL_SURFACE ( 'NONE', #557, 25.25000000000000000 ) ;
#2921 = AXIS2_PLACEMENT_3D ( 'NONE', #3300, #3665, #209 ) ;
#2922 = VERTEX_POINT ( 'NONE', #799 ) ;
#2923 =( GEOMETRIC_REPRESENTATION_CONTEXT ( 3 ) GLOBAL_UNCERTAINTY_ASSIGNED_CONTEXT ( ( #1383 ) ) GLOBAL_UNIT_ASSIGNED_CONTEXT ( ( #321, #253, #2795 ) ) REPRESENTATION_CONTEXT ( 'NONE', 'WORKASPACE' ) );
#2924 = ORIENTED_EDGE ( 'NONE', *, *, #3617, .F. ) ;
#2925 = AXIS2_PLACEMENT_3D ( 'NONE', #2869, #944, #330 ) ;
#2926 = DIRECTION ( 'NONE',  ( 0.8191520442889912434, 1.003171929053524007E-16, -0.5735764363510469366 ) ) ;
#2927 = CARTESIAN_POINT ( 'NONE',  ( -2.641584726159505513E-13, -21.00000000000000000, 8.000000000000000000 ) ) ;
#2928 = AXIS2_PLACEMENT_3D ( 'NONE', #1147, #3092, #3739 ) ;
#2929 =( NAMED_UNIT ( * ) PLANE_ANGLE_UNIT ( ) SI_UNIT ( $, .RADIAN. ) );
#2930 = CARTESIAN_POINT ( 'NONE',  ( -0.6089803659953213488, 18.99023809523809447, 6.000000000000000000 ) ) ;
#2931 = DIRECTION ( 'NONE',  ( -4.383936695013188063E-29, 1.000000000000000000, 5.476273601285515144E-43 ) ) ;
#2932 = ORIENTED_EDGE ( 'NONE', *, *, #3356, .T. ) ;
#2933 = EDGE_CURVE ( 'NONE', #255, #4017, #1414, .T. ) ;
#2934 = B_SPLINE_CURVE_WITH_KNOTS ( 'NONE', 3,
 ( #665, #2291, #2937, #126, #86, #1382 ),
 .UNSPECIFIED., .F., .F.,
 ( 4, 2, 4 ),
 ( 0.002044882221487536247, 0.003063384235218496315, 0.004081886248949456383 ),
 .UNSPECIFIED. ) ;
#2935 = CARTESIAN_POINT ( 'NONE',  ( 0.6089803659951883441, -18.99023809523809803, 6.000000000000000000 ) ) ;
#2936 = ORIENTED_EDGE ( 'NONE', *, *, #2468, .F. ) ;
#2937 = CARTESIAN_POINT ( 'NONE',  ( 2.343682934607765667, 2.688325911136454138, -0.02993401039713577960 ) ) ;
#2938 = ITEM_DEFINED_TRANSFORMATION ( 'NONE', 'NONE', #3122,  #3920 ) ;
#2939 = EDGE_CURVE ( 'NONE', #675, #285, #3709, .T. ) ;
#2940 = EDGE_LOOP ( 'NONE', ( #2562, #2743, #2654 ) ) ;
#2941 = EDGE_LOOP ( 'NONE', ( #1004, #420, #401 ) ) ;
#2942 = DIRECTION ( 'NONE',  ( -0.000000000000000000, -0.000000000000000000, 1.000000000000000000 ) ) ;
#2943 = B_SPLINE_CURVE_WITH_KNOTS ( 'NONE', 3,
 ( #3095, #4029, #2785, #885 ),
 .UNSPECIFIED., .F., .F.,
 ( 4, 4 ),
 ( 2.380739282167303683E-07, 0.002044882221487524104 ),
 .UNSPECIFIED. ) ;
#2944 = ORIENTED_EDGE ( 'NONE', *, *, #3048, .F. ) ;
#2945 = CARTESIAN_POINT ( 'NONE',  ( 0.000000000000000000, 0.000000000000000000, 12.00000000000000000 ) ) ;
#2946 = EDGE_CURVE ( 'NONE', #2520, #1769, #120, .T. ) ;
#2947 = VERTEX_POINT ( 'NONE', #2035 ) ;
#2948 = ORIENTED_EDGE ( 'NONE', *, *, #1708, .F. ) ;
#2949 = CARTESIAN_POINT ( 'NONE',  ( -1.481247163929606854E-13, -21.00000000000000000, 8.000000000000000000 ) ) ;
#2950 = CARTESIAN_POINT ( 'NONE',  ( 3.500000000000000000, 2.020725942163697830, -2.887392608830354312 ) ) ;
#2951 =( NAMED_UNIT ( * ) SI_UNIT ( $, .STERADIAN. ) SOLID_ANGLE_UNIT ( ) );
#2952 = FACE_OUTER_BOUND ( 'NONE', #1049, .T. ) ;
#2953 = CARTESIAN_POINT ( 'NONE',  ( 8.738723945125435932, 29.99207974333172544, 52.60302794567589757 ) ) ;
#2954 = ORIENTED_EDGE ( 'NONE', *, *, #3804, .T. ) ;
#2955 = CARTESIAN_POINT ( 'NONE',  ( 0.000000000000000000, -0.8717989064763382867, 1.509999999999999121 ) ) ;
#2956 = ORIENTED_EDGE ( 'NONE', *, *, #2415, .F. ) ;
#2957 = CARTESIAN_POINT ( 'NONE',  ( -2.641584726159505513E-13, -21.00000000000000000, 8.000000000000000000 ) ) ;
#2958 = ORIENTED_EDGE ( 'NONE', *, *, #1685, .F. ) ;
#2959 = CARTESIAN_POINT ( 'NONE',  ( 15.49193338482966809, -10.99999999999999645, 4.000000000000000000 ) ) ;
#2960 = EDGE_CURVE ( 'NONE', #265, #675, #1082, .T. ) ;
#2961 = DIRECTION ( 'NONE',  ( -0.8660254037844423713, -0.4999999999999936162, 0.000000000000000000 ) ) ;
#2962 = EDGE_LOOP ( 'NONE', ( #3068, #59, #3473, #627, #133, #1236 ) ) ;
#2963 = ORIENTED_EDGE ( 'NONE', *, *, #3186, .F. ) ;
#2964 =( REPRESENTATION_RELATIONSHIP ('NONE','NONE', #2455, #3562 ) REPRESENTATION_RELATIONSHIP_WITH_TRANSFORMATION ( #3478 )SHAPE_REPRESENTATION_RELATIONSHIP( ) );
#2965 = ADVANCED_BREP_SHAPE_REPRESENTATION ( '', ( #54, #3920 ), #2599 ) ;
#2966 = EDGE_CURVE ( 'NONE', #3605, #3639, #2658, .T. ) ;
#2967 = DIRECTION ( 'NONE',  ( -1.000000000000000000, 0.000000000000000000, -0.000000000000000000 ) ) ;
#2968 = LINE ( 'NONE', #185, #2116 ) ;
#2969 = CONICAL_SURFACE ( 'NONE', #883, 1.614999999999999325, 0.9599310885968808105 ) ;
#2970 = DIRECTION ( 'NONE',  ( -0.5000000000000014433, -0.8660254037844379305, 0.000000000000000000 ) ) ;
#2971 = CARTESIAN_POINT ( 'NONE',  ( 0.000000000000000000, 0.000000000000000000, 6.000000000000000000 ) ) ;
#2972 = LINE ( 'NONE', #3934, #1871 ) ;
#2973 = ORIENTED_EDGE ( 'NONE', *, *, #2516, .T. ) ;
#2974 = DIRECTION ( 'NONE',  ( 0.000000000000000000, 0.000000000000000000, 1.000000000000000000 ) ) ;
#2975 = ORIENTED_EDGE ( 'NONE', *, *, #3067, .T. ) ;
#2976 = AXIS2_PLACEMENT_3D ( 'NONE', #332, #3079, #266 ) ;
#2977 = CARTESIAN_POINT ( 'NONE',  ( 0.000000000000000000, 0.000000000000000000, -0.2695799022107391307 ) ) ;
#2978 = PRODUCT_DEFINITION_CONTEXT ( 'detailed design', #2038, 'design' ) ;
#2979 = ORIENTED_EDGE ( 'NONE', *, *, #3566, .F. ) ;
#2980 = PRESENTATION_LAYER_ASSIGNMENT (  '', '', ( #2903 ) ) ;
#2981 = ORIENTED_EDGE ( 'NONE', *, *, #2946, .T. ) ;
#2982 = CARTESIAN_POINT ( 'NONE',  ( -19.00000000000000000, 0.000000000000000000, 4.000000000000000000 ) ) ;
#2983 = VECTOR ( 'NONE', #3149, 1000.000000000000000 ) ;
#2984 = FACE_OUTER_BOUND ( 'NONE', #2017, .T. ) ;
#2985 = ORIENTED_EDGE ( 'NONE', *, *, #869, .F. ) ;
#2986 = ORIENTED_EDGE ( 'NONE', *, *, #2227, .F. ) ;
#2987 = VECTOR ( 'NONE', #2753, 1000.000000000000000 ) ;
#2988 = CIRCLE ( 'NONE', #1152, 3.500000000000000444 ) ;
#2989 =( NAMED_UNIT ( * ) PLANE_ANGLE_UNIT ( ) SI_UNIT ( $, .RADIAN. ) );
#2990 = CARTESIAN_POINT ( 'NONE',  ( 3.348158926381183953, 33.36996108281691420, 55.45921123303854472 ) ) ;
#2991 = LINE ( 'NONE', #1045, #2527 ) ;
#2992 = VECTOR ( 'NONE', #3687, 1000.000000000000000 ) ;
#2993 = AXIS2_PLACEMENT_3D ( 'NONE', #3383, #926, #2458 ) ;
#2994 = EDGE_CURVE ( 'NONE', #2628, #167, #3629, .T. ) ;
#2995 = AXIS2_PLACEMENT_3D ( 'NONE', #2582, #3511, #1337 ) ;
#2996 = FACE_BOUND ( 'NONE', #3288, .T. ) ;
#2997 = DIRECTION ( 'NONE',  ( -4.383936695013188063E-29, 1.000000000000000000, 5.520779089334829130E-43 ) ) ;
#2998 = CARTESIAN_POINT ( 'NONE',  ( 7.865331214839680563, 31.32987795618006643, 53.94082615852425278 ) ) ;
#2999 = VECTOR ( 'NONE', #3821, 1000.000000000000114 ) ;
#3000 = VERTEX_POINT ( 'NONE', #424 ) ;
#3001 = ADVANCED_FACE ( 'NONE', ( #3253 ), #3010, .T. ) ;
#3002 = DIRECTION ( 'NONE',  ( -0.000000000000000000, 0.8660254037844394848, 0.4999999999999985567 ) ) ;
#3003 = ORIENTED_EDGE ( 'NONE', *, *, #2615, .F. ) ;
#3004 = DIRECTION ( 'NONE',  ( 1.000000000000000000, 0.000000000000000000, 0.000000000000000000 ) ) ;
#3005 = DIRECTION ( 'NONE',  ( 1.000000000000000000, 0.000000000000000000, 0.000000000000000000 ) ) ;
#3006 = EDGE_LOOP ( 'NONE', ( #1593, #3911, #2703, #2171, #3137 ) ) ;
#3007 =( NAMED_UNIT ( * ) PLANE_ANGLE_UNIT ( ) SI_UNIT ( $, .RADIAN. ) );
#3008 = DIRECTION ( 'NONE',  ( 1.000000000000000000, 0.000000000000000000, 0.000000000000000000 ) ) ;
#3009 = VERTEX_POINT ( 'NONE', #3290 ) ;
#3010 = CYLINDRICAL_SURFACE ( 'NONE', #1987, 3.499999999999999556 ) ;
#3011 = EDGE_CURVE ( 'NONE', #1105, #1390, #1795, .T. ) ;
#3012 = ORIENTED_EDGE ( 'NONE', *, *, #3959, .F. ) ;
#3013 = DIRECTION ( 'NONE',  ( -1.000000000000000000, -0.000000000000000000, -0.000000000000000000 ) ) ;
#3014 = DIRECTION ( 'NONE',  ( 8.878499022318980863E-15, -0.7071067811865489050, 0.7071067811865462405 ) ) ;
#3015 = EDGE_CURVE ( 'NONE', #1703, #255, #366, .T. ) ;
#3016 = CARTESIAN_POINT ( 'NONE',  ( 28.34815892638117063, 28.74826303069430367, 45.35921123303847224 ) ) ;
#3017 = CARTESIAN_POINT ( 'NONE',  ( 2.000000000000000000, 1.307698359714498215, 0.7549999999999962297 ) ) ;
#3018 = ORIENTED_EDGE ( 'NONE', *, *, #2231, .T. ) ;
#3019 = CARTESIAN_POINT ( 'NONE',  ( 4.000000000000001776, 0.000000000000000000, -2.199999999999998845 ) ) ;
#3020 = EDGE_CURVE ( 'NONE', #2895, #3938, #2057, .T. ) ;
#3021 = CARTESIAN_POINT ( 'NONE',  ( 49.56631153210994256, 32.74826303069429656, 55.35921123303796065 ) ) ;
#3022 = FACE_OUTER_BOUND ( 'NONE', #58, .T. ) ;
#3023 = ORIENTED_EDGE ( 'NONE', *, *, #3186, .T. ) ;
#3024 = CYLINDRICAL_SURFACE ( 'NONE', #1294, 23.90000000000001279 ) ;
#3025 = ORIENTED_EDGE ( 'NONE', *, *, #2804, .T. ) ;
#3026 = PRESENTATION_STYLE_ASSIGNMENT (( #3351 ) ) ;
#3027 = CARTESIAN_POINT ( 'NONE',  ( -0.2855619784720680454, 3.876582599186213507, -0.2174200650117575906 ) ) ;
#3028 = ORIENTED_EDGE ( 'NONE', *, *, #2635, .F. ) ;
#3029 = FACE_OUTER_BOUND ( 'NONE', #3265, .T. ) ;
#3030 = PRESENTATION_STYLE_ASSIGNMENT (( #1775 ) ) ;
#3031 = CARTESIAN_POINT ( 'NONE',  ( 1.750000000000005329, -3.031088913245532979, 0.000000000000000000 ) ) ;
#3032 = AXIS2_PLACEMENT_3D ( 'NONE', #3902, #1711, #1081 ) ;
#3033 = EDGE_CURVE ( 'NONE', #325, #839, #1061, .T. ) ;
#3034 = CARTESIAN_POINT ( 'NONE',  ( -0.6089803659953234583, 18.99023809523809447, 7.000000000000000000 ) ) ;
#3035 = EDGE_LOOP ( 'NONE', ( #596, #2864, #2155, #1203 ) ) ;
#3036 = CARTESIAN_POINT ( 'NONE',  ( 3.500000000000000000, -2.020725942163697830, -3.200000000000000178 ) ) ;
#3037 = CIRCLE ( 'NONE', #218, 4.000000000000000000 ) ;
#3038 = ORIENTED_EDGE ( 'NONE', *, *, #3266, .T. ) ;
#3039 = EDGE_CURVE ( 'NONE', #2520, #3204, #1288, .T. ) ;
#3040 = CARTESIAN_POINT ( 'NONE',  ( -2.020725942163813293, -17.49999999999998579, 3.000000000000000000 ) ) ;
#3041 = VECTOR ( 'NONE', #990, 1000.000000000000000 ) ;
#3042 = DIRECTION ( 'NONE',  ( 0.000000000000000000, 0.000000000000000000, -1.000000000000000000 ) ) ;
#3043 = LINE ( 'NONE', #3623, #2126 ) ;
#3044 = ORIENTED_EDGE ( 'NONE', *, *, #1416, .T. ) ;
#3045 = CARTESIAN_POINT ( 'NONE',  ( -3.500000000000000000, -2.020725942163697830, -2.887392608830354312 ) ) ;
#3046 = APPLICATION_CONTEXT ( 'automotive_design' ) ;
#3047 = VECTOR ( 'NONE', #1958, 1000.000000000000000 ) ;
#3048 = EDGE_CURVE ( 'NONE', #1985, #2643, #3231, .T. ) ;
#3049 = AXIS2_PLACEMENT_3D ( 'NONE', #1972, #2157, #540 ) ;
#3050 = CARTESIAN_POINT ( 'NONE',  ( 2.020725942163571265, -17.50000000000001066, 6.000000000000000000 ) ) ;
#3051 = VECTOR ( 'NONE', #1492, 1000.000000000000000 ) ;
#3052 = AXIS2_PLACEMENT_3D ( 'NONE', #2515, #1254, #3734 ) ;
#3053 = CARTESIAN_POINT ( 'NONE',  ( 0.3999999999999975797, 4.286263797015736102E-16, -3.499999999999999556 ) ) ;
#3054 =( GEOMETRIC_REPRESENTATION_CONTEXT ( 3 ) GLOBAL_UNCERTAINTY_ASSIGNED_CONTEXT ( ( #195 ) ) GLOBAL_UNIT_ASSIGNED_CONTEXT ( ( #525, #1732, #1454 ) ) REPRESENTATION_CONTEXT ( 'NONE', 'WORKASPACE' ) );
#3055 = CIRCLE ( 'NONE', #701, 1.650000000000000133 ) ;
#3056 = VERTEX_POINT ( 'NONE', #3930 ) ;
#3057 = B_SPLINE_CURVE_WITH_KNOTS ( 'NONE', 3,
 ( #553, #3367, #1803, #3062, #1160, #537, #1781, #1487, #249, #1504, #2746, #2730, #2406, #4001, #3671, #4015, #1178, #856, #2091, #399, #953, #3480, #1570, #669, #2816, #1270, #1894, #11, #2513, #3770, #2198 ),
 .UNSPECIFIED., .F., .F.,
 ( 4, 3, 3, 3, 3, 3, 3, 3, 3, 3, 4 ),
 ( 0.000000000000000000, 3.091582841166136284E-05, 6.174202977335911799E-05, 9.388558755705590580E-05, 0.0001293626430335445966, 0.0001686059280693234612, 0.0002105967265581371278, 0.0002525779217927453016, 0.0002912335801104810906, 0.0003251601115736533218, 0.0003324850276999032832 ),
 .UNSPECIFIED. ) ;
#3058 = CARTESIAN_POINT ( 'NONE',  ( 3.500000000000000444, 0.6879904500768341258, -0.03016324292412014829 ) ) ;
#3059 = VECTOR ( 'NONE', #1778, 1000.000000000000000 ) ;
#3060 = AXIS2_PLACEMENT_3D ( 'NONE', #2199, #602, #2156 ) ;
#3061 = VECTOR ( 'NONE', #2580, 1000.000000000000000 ) ;
#3062 = CARTESIAN_POINT ( 'NONE',  ( 7.029918429532176383, 33.40041487709444112, 55.55446125358496090 ) ) ;
#3063 = PLANE ( 'NONE',  #104 ) ;
#3064 = ORIENTED_EDGE ( 'NONE', *, *, #1679, .T. ) ;
#3065 = LINE ( 'NONE', #2511, #3767 ) ;
#3066 = CARTESIAN_POINT ( 'NONE',  ( 2.020725942163516198, -24.50000000000001066, 3.000000000000000000 ) ) ;
#3067 = EDGE_CURVE ( 'NONE', #1949, #2895, #2991, .T. ) ;
#3068 = ORIENTED_EDGE ( 'NONE', *, *, #2028, .F. ) ;
#3069 = CARTESIAN_POINT ( 'NONE',  ( 21.21815260572889628, 11.00000000000000000, 4.000000000000000000 ) ) ;
#3070 = ADVANCED_BREP_SHAPE_REPRESENTATION ( '', ( #2736, #3920 ), #1874 ) ;
#3071 = LINE ( 'NONE', #3050, #2187 ) ;
#3072 = ADVANCED_FACE ( 'NONE', ( #2285 ), #296, .T. ) ;
#3073 = DIRECTION ( 'NONE',  ( -0.000000000000000000, -0.000000000000000000, 1.000000000000000000 ) ) ;
#3074 = FACE_OUTER_BOUND ( 'NONE', #1453, .T. ) ;
#3075 = DIRECTION ( 'NONE',  ( 0.4999999999999997224, -0.8660254037844388186, 0.000000000000000000 ) ) ;
#3076 = ORIENTED_EDGE ( 'NONE', *, *, #3984, .T. ) ;
#3077 = CARTESIAN_POINT ( 'NONE',  ( 3.500000000000000000, 2.020725942163697830, -0.3126073911696460317 ) ) ;
#3078 = ORIENTED_EDGE ( 'NONE', *, *, #1290, .T. ) ;
#3079 = DIRECTION ( 'NONE',  ( -0.000000000000000000, -0.000000000000000000, 1.000000000000000000 ) ) ;
#3080 = EDGE_LOOP ( 'NONE', ( #1237, #3305, #2494, #1180 ) ) ;
#3081 = PRODUCT_RELATED_PRODUCT_CATEGORY ( 'part', '', ( #717 ) ) ;
#3082 = FACE_OUTER_BOUND ( 'NONE', #43, .T. ) ;
#3083 = ORIENTED_EDGE ( 'NONE', *, *, #1341, .T. ) ;
#3084 = CARTESIAN_POINT ( 'NONE',  ( 0.000000000000000000, 0.000000000000000000, -3.200000000000001510 ) ) ;
#3085 = DIRECTION ( 'NONE',  ( -1.000000000000000000, -2.438088387897967896E-29, 6.982962677686266711E-15 ) ) ;
#3086 = CARTESIAN_POINT ( 'NONE',  ( 3.499999999999999556, -2.020725942163698718, -2.887392608830354312 ) ) ;
#3087 = EDGE_CURVE ( 'NONE', #886, #2676, #37, .T. ) ;
#3088 = DIRECTION ( 'NONE',  ( 1.000000000000000000, 0.000000000000000000, 0.000000000000000000 ) ) ;
#3089 = CARTESIAN_POINT ( 'NONE',  ( -4.041451884327380562, 20.99999999999999289, 6.000000000000000000 ) ) ;
#3090 = ORIENTED_EDGE ( 'NONE', *, *, #136, .T. ) ;
#3091 = ADVANCED_FACE ( 'NONE', ( #2413 ), #1497, .F. ) ;
#3092 = DIRECTION ( 'NONE',  ( 0.000000000000000000, 0.000000000000000000, -1.000000000000000000 ) ) ;
#3093 = CARTESIAN_POINT ( 'NONE',  ( 3.348158926381179956, 32.78968438693159726, 55.25921123303854188 ) ) ;
#3094 = CARTESIAN_POINT ( 'NONE',  ( 0.5735064479039747587, -3.710337782248048111, -0.1388410611046179688 ) ) ;
#3095 = CARTESIAN_POINT ( 'NONE',  ( -3.500000000000000000, 2.020725942163686728, -0.3126073911696429786 ) ) ;
#3096 = CARTESIAN_POINT ( 'NONE',  ( -2.343682934607771440, -2.688325911136462132, -3.170065989602858902 ) ) ;
#3097 = CIRCLE ( 'NONE', #1595, 24.50000000000000000 ) ;
#3098 = ORIENTED_EDGE ( 'NONE', *, *, #3266, .F. ) ;
#3099 = CARTESIAN_POINT ( 'NONE',  ( 2.000000000000000000, 0.000000000000000000, 0.000000000000000000 ) ) ;
#3100 = ORIENTED_EDGE ( 'NONE', *, *, #3446, .F. ) ;
#3101 = DIRECTION ( 'NONE',  ( 0.000000000000000000, 1.224646799147353207E-16, 1.000000000000000000 ) ) ;
#3102 = LINE ( 'NONE', #294, #1668 ) ;
#3103 = AXIS2_PLACEMENT_3D ( 'NONE', #1338, #1903, #3155 ) ;
#3104 = ORIENTED_EDGE ( 'NONE', *, *, #3087, .F. ) ;
#3105 = CARTESIAN_POINT ( 'NONE',  ( 0.000000000000000000, 0.000000000000000000, 3.000000000000000000 ) ) ;
#3106 = TOROIDAL_SURFACE ( 'NONE', #2383, 2.199999999999998845, 0.2000000000000000111 ) ;
#3107 = DIRECTION ( 'NONE',  ( 0.000000000000000000, 0.000000000000000000, 1.000000000000000000 ) ) ;
#3108 = ADVANCED_FACE ( 'NONE', ( #1789 ), #3713, .F. ) ;
#3109 = EDGE_LOOP ( 'NONE', ( #3776, #92, #3350, #2585, #472, #1510 ) ) ;
#3110 = LINE ( 'NONE', #1457, #706 ) ;
#3111 = FILL_AREA_STYLE_COLOUR ( '', #1923 ) ;
#3112 = LINE ( 'NONE', #2163, #2912 ) ;
#3113 = VECTOR ( 'NONE', #2496, 1000.000000000000000 ) ;
#3114 = PLANE ( 'NONE',  #2394 ) ;
#3115 = ADVANCED_FACE ( 'NONE', ( #3655 ), #1834, .F. ) ;
#3116 = CONICAL_SURFACE ( 'NONE', #3651, 1.510000000000000009, 1.047197551196591636 ) ;
#3117 =( GEOMETRIC_REPRESENTATION_CONTEXT ( 3 ) GLOBAL_UNCERTAINTY_ASSIGNED_CONTEXT ( ( #2610 ) ) GLOBAL_UNIT_ASSIGNED_CONTEXT ( ( #2056, #3988, #201 ) ) REPRESENTATION_CONTEXT ( 'NONE', 'WORKASPACE' ) );
#3118 = ORIENTED_EDGE ( 'NONE', *, *, #1618, .F. ) ;
#3119 = PLANE ( 'NONE',  #903 ) ;
#3120 = CARTESIAN_POINT ( 'NONE',  ( 3.499999999999999556, 1.362959798491819141, -0.1397344949837839856 ) ) ;
#3121 = AXIS2_PLACEMENT_3D ( 'NONE', #3973, #2974, #3574 ) ;
#3122 = AXIS2_PLACEMENT_3D ( 'NONE', #898, #1228, #2830 ) ;
#3123 = ORIENTED_EDGE ( 'NONE', *, *, #3280, .T. ) ;
#3124 = VECTOR ( 'NONE', #3761, 1000.000000000000114 ) ;
#3125 = CARTESIAN_POINT ( 'NONE',  ( 1.750000000000005107, 3.031088913245532979, 0.000000000000000000 ) ) ;
#3126 = EDGE_LOOP ( 'NONE', ( #2505, #921 ) ) ;
#3127 = STYLED_ITEM ( 'NONE', ( #2650 ), #46 ) ;
#3128 = DIRECTION ( 'NONE',  ( -0.000000000000000000, -0.000000000000000000, -1.000000000000000000 ) ) ;
#3129 = FILL_AREA_STYLE_COLOUR ( '', #375 ) ;
#3130 = DIRECTION ( 'NONE',  ( 0.000000000000000000, 0.000000000000000000, -1.000000000000000000 ) ) ;
#3131 = B_SPLINE_CURVE_WITH_KNOTS ( 'NONE', 3,
 ( #648, #1330, #3835, #3203, #1589, #2836, #2539, #672, #1913, #360, #56, #2560, #3815, #3421, #2345, #3202, #981, #91, #1587, #1528, #2834, #918, #2514, #1289, #3797, #3481, #275, #670, #1831, #2448, #1020 ),
 .UNSPECIFIED., .F., .F.,
 ( 4, 3, 3, 3, 3, 3, 3, 3, 3, 3, 4 ),
 ( 0.000000000000000000, 3.082664482076457951E-05, 6.155917562474082238E-05, 9.366962886718238222E-05, 0.0001292433922822597313, 0.0001686539010585829171, 0.0002107331671996446492, 0.0002526064032670598280, 0.0002910689270641686087, 0.0003249418893584484088, 0.0003324759659123915109 ),
 .UNSPECIFIED. ) ;
#3132 = DIRECTION ( 'NONE',  ( 0.000000000000000000, 0.000000000000000000, 1.000000000000000000 ) ) ;
#3133 = DIRECTION ( 'NONE',  ( 0.000000000000000000, 0.000000000000000000, -1.000000000000000000 ) ) ;
#3134 = ORIENTED_EDGE ( 'NONE', *, *, #1059, .T. ) ;
#3135 = ORIENTED_EDGE ( 'NONE', *, *, #3214, .T. ) ;
#3136 = DIRECTION ( 'NONE',  ( 1.000000000000000000, 0.000000000000000000, -0.000000000000000000 ) ) ;
#3137 = ORIENTED_EDGE ( 'NONE', *, *, #2591, .T. ) ;
#3138 = EDGE_CURVE ( 'NONE', #3561, #3827, #963, .T. ) ;
#3139 = DIRECTION ( 'NONE',  ( 1.000000000000000000, 0.000000000000000000, -0.000000000000000000 ) ) ;
#3140 = CYLINDRICAL_SURFACE ( 'NONE', #2976, 2.100000000000000533 ) ;
#3141 = ORIENTED_EDGE ( 'NONE', *, *, #63, .T. ) ;
#3142 = ADVANCED_FACE ( 'NONE', ( #2430 ), #1349, .F. ) ;
#3143 = DIRECTION ( 'NONE',  ( 1.000000000000000000, 0.000000000000000000, 0.000000000000000000 ) ) ;
#3144 = VERTEX_POINT ( 'NONE', #1474 ) ;
#3145 = LINE ( 'NONE', #271, #1851 ) ;
#3146 = DIRECTION ( 'NONE',  ( 1.000000000000000000, 0.000000000000000000, 0.000000000000000000 ) ) ;
#3147 = CARTESIAN_POINT ( 'NONE',  ( -2.047034997319581162, -2.859595677584346962, -3.483846512056936506E-15 ) ) ;
#3148 = CARTESIAN_POINT ( 'NONE',  ( 4.000000000000000000, 0.000000000000000000, 0.000000000000000000 ) ) ;
#3149 = DIRECTION ( 'NONE',  ( 0.000000000000000000, 0.000000000000000000, 1.000000000000000000 ) ) ;
#3150 = ORIENTED_EDGE ( 'NONE', *, *, #3571, .T. ) ;
#3151 = VERTEX_POINT ( 'NONE', #585 ) ;
#3152 =( LENGTH_UNIT ( ) NAMED_UNIT ( * ) SI_UNIT ( .MILLI., .METRE. ) );
#3153 = CARTESIAN_POINT ( 'NONE',  ( 2.000000000000000000, 0.000000000000000000, 0.000000000000000000 ) ) ;
#3154 = LINE ( 'NONE', #1030, #1167 ) ;
#3155 = DIRECTION ( 'NONE',  ( 0.000000000000000000, 0.000000000000000000, 1.000000000000000000 ) ) ;
#3156 = ORIENTED_EDGE ( 'NONE', *, *, #1538, .F. ) ;
#3157 = EDGE_CURVE ( 'NONE', #193, #1451, #3071, .T. ) ;
#3158 = CARTESIAN_POINT ( 'NONE',  ( 3.500000000000000444, 0.000000000000000000, -3.200000000000000178 ) ) ;
#3159 = VERTEX_POINT ( 'NONE', #3089 ) ;
#3160 = FACE_OUTER_BOUND ( 'NONE', #3247, .T. ) ;
#3161 = DIRECTION ( 'NONE',  ( 1.000000000000000000, 0.000000000000000000, 0.000000000000000000 ) ) ;
#3162 = ADVANCED_FACE ( 'NONE', ( #526 ), #258, .F. ) ;
#3163 = DIRECTION ( 'NONE',  ( 0.000000000000000000, 0.000000000000000000, 1.000000000000000000 ) ) ;
#3164 = DIRECTION ( 'NONE',  ( -1.000000000000000000, -0.000000000000000000, -0.000000000000000000 ) ) ;
#3165 = EDGE_CURVE ( 'NONE', #1079, #3639, #3551, .T. ) ;
#3166 = VERTEX_POINT ( 'NONE', #563 ) ;
#3167 = ORIENTED_EDGE ( 'NONE', *, *, #1465, .T. ) ;
#3168 = VECTOR ( 'NONE', #45, 1000.000000000000000 ) ;
#3169 = LINE ( 'NONE', #2181, #2332 ) ;
#3170 = CARTESIAN_POINT ( 'NONE',  ( 0.000000000000000000, 0.000000000000000000, 6.000000000000000000 ) ) ;
#3171 = DIRECTION ( 'NONE',  ( -0.000000000000000000, -0.000000000000000000, 1.000000000000000000 ) ) ;
#3172 = DIRECTION ( 'NONE',  ( 0.000000000000000000, 0.000000000000000000, 1.000000000000000000 ) ) ;
#3173 = ORIENTED_EDGE ( 'NONE', *, *, #435, .F. ) ;
#3174 = AXIS2_PLACEMENT_3D ( 'NONE', #1162, #3943, #2339 ) ;
#3175 = AXIS2_PLACEMENT_3D ( 'NONE', #3066, #254, #1469 ) ;
#3176 = CARTESIAN_POINT ( 'NONE',  ( 0.000000000000000000, 0.000000000000000000, 6.000000000000000000 ) ) ;
#3177 = VERTEX_POINT ( 'NONE', #2479 ) ;
#3178 = DIRECTION ( 'NONE',  ( -0.000000000000000000, -0.000000000000000000, 1.000000000000000000 ) ) ;
#3179 = EDGE_CURVE ( 'NONE', #3857, #2502, #2457, .T. ) ;
#3180 = VECTOR ( 'NONE', #3330, 1000.000000000000000 ) ;
#3181 = AXIS2_PLACEMENT_3D ( 'NONE', #1761, #2700, #1741 ) ;
#3182 = PRODUCT_CONTEXT ( 'NONE', #875, 'mechanical' ) ;
#3183 = UNCERTAINTY_MEASURE_WITH_UNIT (LENGTH_MEASURE( 1.000000000000000082E-05 ), #772, 'distance_accuracy_value', 'NONE');
#3184 =( GEOMETRIC_REPRESENTATION_CONTEXT ( 3 ) GLOBAL_UNCERTAINTY_ASSIGNED_CONTEXT ( ( #3343 ) ) GLOBAL_UNIT_ASSIGNED_CONTEXT ( ( #2015, #1120, #3606 ) ) REPRESENTATION_CONTEXT ( 'NONE', 'WORKASPACE' ) );
#3185 = CARTESIAN_POINT ( 'NONE',  ( -31.74999999999995737, 0.000000000000000000, 0.000000000000000000 ) ) ;
#3186 = EDGE_CURVE ( 'NONE', #4033, #1057, #1415, .T. ) ;
#3187 = ORIENTED_EDGE ( 'NONE', *, *, #1936, .T. ) ;
#3188 = CARTESIAN_POINT ( 'NONE',  ( 3.500000000000000444, 0.000000000000000000, 0.000000000000000000 ) ) ;
#3189 = AXIS2_PLACEMENT_3D ( 'NONE', #3593, #1047, #469 ) ;
#3190 = ORIENTED_EDGE ( 'NONE', *, *, #1141, .T. ) ;
#3191 = ORIENTED_EDGE ( 'NONE', *, *, #535, .F. ) ;
#3192 = LINE ( 'NONE', #17, #2603 ) ;
#3193 = LINE ( 'NONE', #1320, #3569 ) ;
#3194 = CARTESIAN_POINT ( 'NONE',  ( 0.000000000000000000, 0.8717989064763280727, -1.510000000000003118 ) ) ;
#3195 = FACE_OUTER_BOUND ( 'NONE', #3495, .T. ) ;
#3196 = ORIENTED_EDGE ( 'NONE', *, *, #2660, .T. ) ;
#3197 = DIRECTION ( 'NONE',  ( 0.000000000000000000, 0.000000000000000000, 1.000000000000000000 ) ) ;
#3198 = ORIENTED_EDGE ( 'NONE', *, *, #2994, .T. ) ;
#3199 = DIRECTION ( 'NONE',  ( 0.000000000000000000, 0.000000000000000000, -1.000000000000000000 ) ) ;
#3200 = CONTEXT_DEPENDENT_SHAPE_REPRESENTATION ( #3682, #645 ) ;
#3201 = CYLINDRICAL_SURFACE ( 'NONE', #958, 2.200000000000000622 ) ;
#3202 = CARTESIAN_POINT ( 'NONE',  ( 49.61898312124836252, 33.46993687305344167, 55.46141154360307013 ) ) ;
#3203 = CARTESIAN_POINT ( 'NONE',  ( 49.56875858900844634, 33.40032556317062529, 55.36393270275516443 ) ) ;
#3204 = VERTEX_POINT ( 'NONE', #1513 ) ;
#3205 = CARTESIAN_POINT ( 'NONE',  ( 7.027511656657068784, 28.54826303069430438, 55.55921123303850351 ) ) ;
#3206 = EDGE_LOOP ( 'NONE', ( #412, #3714, #2272, #1661, #342, #2932, #3615, #3269, #3736, #1904 ) ) ;
#3207 = EDGE_CURVE ( 'NONE', #2040, #2840, #1850, .T. ) ;
#3208 = DIRECTION ( 'NONE',  ( 1.000000000000000000, 0.000000000000000000, 0.000000000000000000 ) ) ;
#3209 = DIRECTION ( 'NONE',  ( 0.000000000000000000, 0.000000000000000000, -1.000000000000000000 ) ) ;
#3210 = EDGE_CURVE ( 'NONE', #1566, #1688, #1557, .T. ) ;
#3211 = LINE ( 'NONE', #3843, #1361 ) ;
#3212 = CARTESIAN_POINT ( 'NONE',  ( 31.28166965656115650, 28.54826303069430438, 42.63992551875276860 ) ) ;
#3213 = ORIENTED_EDGE ( 'NONE', *, *, #996, .F. ) ;
#3214 = EDGE_CURVE ( 'NONE', #848, #2151, #3979, .T. ) ;
#3215 = CARTESIAN_POINT ( 'NONE',  ( 2.168404344971008868E-16, 4.041451884327385002, -2.887392608830354312 ) ) ;
#3216 = ORIENTED_EDGE ( 'NONE', *, *, #3157, .F. ) ;
#3217 = CARTESIAN_POINT ( 'NONE',  ( 2.933510730180069803, 23.71928571428572141, 10.00000000000000000 ) ) ;
#3218 = CARTESIAN_POINT ( 'NONE',  ( 2.000000000000000000, 2.449293598294706414E-16, -3.174599999999999866 ) ) ;
#3219 = CARTESIAN_POINT ( 'NONE',  ( 4.200000000000001954, 0.000000000000000000, 1.999999999999998668 ) ) ;
#3220 = ORIENTED_EDGE ( 'NONE', *, *, #3440, .F. ) ;
#3221 = PLANE ( 'NONE',  #2073 ) ;
#3222 = CONICAL_SURFACE ( 'NONE', #4028, 1.610000000000000098, 0.7853981633974408405 ) ;
#3223 = CARTESIAN_POINT ( 'NONE',  ( 7.785987134806870102, 31.18284201104083664, 54.07663292585966275 ) ) ;
#3224 = CIRCLE ( 'NONE', #2180, 24.50000000000000000 ) ;
#3225 = SURFACE_STYLE_FILL_AREA ( #160 ) ;
#3226 = CARTESIAN_POINT ( 'NONE',  ( 24.50000000000000000, 3.000384657911015469E-15, 6.000000000000000000 ) ) ;
#3227 = EDGE_CURVE ( 'NONE', #2823, #1819, #625, .T. ) ;
#3228 = AXIS2_PLACEMENT_3D ( 'NONE', #3170, #3780, #1649 ) ;
#3229 = LINE ( 'NONE', #3769, #1025 ) ;
#3230 = ORIENTED_EDGE ( 'NONE', *, *, #2497, .T. ) ;
#3231 = CIRCLE ( 'NONE', #1220, 4.000000000000000000 ) ;
#3232 = DIRECTION ( 'NONE',  ( -1.000000000000000000, -0.000000000000000000, -0.000000000000000000 ) ) ;
#3233 = ORIENTED_EDGE ( 'NONE', *, *, #3259, .T. ) ;
#3234 = CARTESIAN_POINT ( 'NONE',  ( -4.000000000000264677, -21.00000000000000000, 12.00000000000000000 ) ) ;
#3235 = EDGE_CURVE ( 'NONE', #1333, #2224, #1022, .T. ) ;
#3236 = PRODUCT_CONTEXT ( 'NONE', #2827, 'mechanical' ) ;
#3237 = AXIS2_PLACEMENT_3D ( 'NONE', #1644, #979, #114 ) ;
#3238 = CIRCLE ( 'NONE', #1481, 3.099999999999999645 ) ;
#3239 = ORIENTED_EDGE ( 'NONE', *, *, #849, .T. ) ;
#3240 =( BOUNDED_CURVE ( )  B_SPLINE_CURVE ( 3, ( #3702, #4, #946, #523 ),
 .UNSPECIFIED., .F., .T. ) 
 B_SPLINE_CURVE_WITH_KNOTS ( ( 4, 4 ),
 ( 0.8923103215956066370, 1.092518372257495374 ),
 .UNSPECIFIED. ) 
 CURVE ( )  GEOMETRIC_REPRESENTATION_ITEM ( )  RATIONAL_B_SPLINE_CURVE ( ( 1.000000000000000000, 0.9966625164601562448, 0.9966625164601562448, 1.000000000000000000 ) ) 
 REPRESENTATION_ITEM ( '' )  );
#3241 = AXIS2_PLACEMENT_3D ( 'NONE', #2075, #1466, #3919 ) ;
#3242 = DIRECTION ( 'NONE',  ( -1.000000000000000000, -0.000000000000000000, -0.000000000000000000 ) ) ;
#3243 = PRESENTATION_LAYER_ASSIGNMENT (  '', '', ( #3581 ) ) ;
#3244 = ORIENTED_EDGE ( 'NONE', *, *, #3847, .T. ) ;
#3245 = CARTESIAN_POINT ( 'NONE',  ( 0.000000000000000000, 0.000000000000000000, -3.200000000000000178 ) ) ;
#3246 = AXIS2_PLACEMENT_3D ( 'NONE', #3176, #683, #1013 ) ;
#3247 = EDGE_LOOP ( 'NONE', ( #3968, #1379, #738 ) ) ;
#3248 = VERTEX_POINT ( 'NONE', #693 ) ;
#3249 = APPLICATION_CONTEXT ( 'automotive_design' ) ;
#3250 = PRESENTATION_LAYER_ASSIGNMENT (  '', '', ( #1877 ) ) ;
#3251 = DIRECTION ( 'NONE',  ( 1.000000000000000000, 0.000000000000000000, 0.000000000000000000 ) ) ;
#3252 = VECTOR ( 'NONE', #3922, 1000.000000000000000 ) ;
#3253 = FACE_OUTER_BOUND ( 'NONE', #1682, .T. ) ;
#3254 = AXIS2_PLACEMENT_3D ( 'NONE', #606, #3073, #1189 ) ;
#3255 = DIRECTION ( 'NONE',  ( 0.000000000000000000, 0.000000000000000000, -1.000000000000000000 ) ) ;
#3256 = DIRECTION ( 'NONE',  ( -1.000000000000000000, 0.000000000000000000, 0.000000000000000000 ) ) ;
#3257 = CARTESIAN_POINT ( 'NONE',  ( 9.741439709926240198, 28.74826303069430367, 51.35921123303845803 ) ) ;
#3258 = ORIENTED_EDGE ( 'NONE', *, *, #3757, .F. ) ;
#3259 = EDGE_CURVE ( 'NONE', #3561, #588, #1792, .T. ) ;
#3260 = SURFACE_STYLE_USAGE ( .BOTH. , #1763 ) ;
#3261 = EDGE_LOOP ( 'NONE', ( #151, #2805, #146, #1422 ) ) ;
#3262 = DIRECTION ( 'NONE',  ( 0.000000000000000000, 0.000000000000000000, 1.000000000000000000 ) ) ;
#3263 = UNCERTAINTY_MEASURE_WITH_UNIT (LENGTH_MEASURE( 1.000000000000000082E-05 ), #2669, 'distance_accuracy_value', 'NONE');
#3264 = VERTEX_POINT ( 'NONE', #2517 ) ;
#3265 = EDGE_LOOP ( 'NONE', ( #1221, #3469, #518, #1843 ) ) ;
#3266 = EDGE_CURVE ( 'NONE', #2076, #453, #385, .T. ) ;
#3267 = DIRECTION ( 'NONE',  ( -1.000000000000000000, 0.000000000000000000, 0.000000000000000000 ) ) ;
#3268 = DIRECTION ( 'NONE',  ( 0.000000000000000000, 0.000000000000000000, -1.000000000000000000 ) ) ;
#3269 = ORIENTED_EDGE ( 'NONE', *, *, #2283, .T. ) ;
#3270 =( BOUNDED_CURVE ( )  B_SPLINE_CURVE ( 3, ( #3570, #2998, #2953, #3257 ),
 .UNSPECIFIED., .F., .T. ) 
 B_SPLINE_CURVE_WITH_KNOTS ( ( 4, 4 ),
 ( 2.049074281332311287, 2.249282331994201023 ),
 .UNSPECIFIED. ) 
 CURVE ( )  GEOMETRIC_REPRESENTATION_ITEM ( )  RATIONAL_B_SPLINE_CURVE ( ( 1.000000000000000000, 0.9966625164601561337, 0.9966625164601561337, 1.000000000000000000 ) ) 
 REPRESENTATION_ITEM ( '' )  );
#3271 = FILL_AREA_STYLE ('',( #2412 ) ) ;
#3272 = FILL_AREA_STYLE_COLOUR ( '', #152 ) ;
#3273 = DIRECTION ( 'NONE',  ( 1.000000000000000000, 0.000000000000000000, 0.000000000000000000 ) ) ;
#3274 = CARTESIAN_POINT ( 'NONE',  ( 4.000000000000000000, 3.499999999999999556, 0.000000000000000000 ) ) ;
#3275 = CARTESIAN_POINT ( 'NONE',  ( 3.999999999999735323, -21.00000000000000000, 8.000000000000000000 ) ) ;
#3276 = DIRECTION ( 'NONE',  ( 0.000000000000000000, 0.000000000000000000, 1.000000000000000000 ) ) ;
#3277 = EDGE_LOOP ( 'NONE', ( #2043, #2318, #1184, #1868, #2887, #694 ) ) ;
#3278 = ORIENTED_EDGE ( 'NONE', *, *, #892, .T. ) ;
#3279 = CARTESIAN_POINT ( 'NONE',  ( 49.65161853100730127, 32.63138754632461058, 55.52517846114290734 ) ) ;
#3280 = EDGE_CURVE ( 'NONE', #1730, #1398, #2254, .T. ) ;
#3281 = ORIENTED_EDGE ( 'NONE', *, *, #1301, .F. ) ;
#3282 = EDGE_LOOP ( 'NONE', ( #2168, #1642, #3064, #1249 ) ) ;
#3283 = CARTESIAN_POINT ( 'NONE',  ( -3.500000000000000000, 2.020725942163686728, -3.200000000000000178 ) ) ;
#3284 = CARTESIAN_POINT ( 'NONE',  ( 0.000000000000000000, 0.000000000000000000, 7.000000000000000000 ) ) ;
#3285 = SURFACE_STYLE_FILL_AREA ( #2031 ) ;
#3286 = CARTESIAN_POINT ( 'NONE',  ( -1.614999999999999325, 1.977804580622974378E-16, -0.2695799022107391307 ) ) ;
#3287 = EDGE_CURVE ( 'NONE', #1521, #1310, #2161, .T. ) ;
#3288 = EDGE_LOOP ( 'NONE', ( #641, #806 ) ) ;
#3289 = DIRECTION ( 'NONE',  ( -1.000000000000000000, 0.000000000000000000, 0.000000000000000000 ) ) ;
#3290 = CARTESIAN_POINT ( 'NONE',  ( 25.41464819620114213, 28.54826303069430438, 42.63992551875280412 ) ) ;
#3291 = EDGE_CURVE ( 'NONE', #3248, #3159, #3774, .T. ) ;
#3292 = SHAPE_REPRESENTATION ( 'hex nut style 1 gradeab_din_Hexagon Nut ISO 4032 - M4 - D - N', ( #3920 ), #1874 ) ;
#3293 = PRESENTATION_LAYER_ASSIGNMENT (  '', '', ( #1785 ) ) ;
#3294 = CIRCLE ( 'NONE', #1531, 25.25000000000000000 ) ;
#3295 = DIRECTION ( 'NONE',  ( 0.000000000000000000, 0.000000000000000000, 1.000000000000000000 ) ) ;
#3296 = PLANE ( 'NONE',  #422 ) ;
#3297 = PLANE ( 'NONE',  #2324 ) ;
#3298 = AXIS2_PLACEMENT_3D ( 'NONE', #971, #1360, #3172 ) ;
#3299 = ORIENTED_EDGE ( 'NONE', *, *, #1242, .F. ) ;
#3300 = CARTESIAN_POINT ( 'NONE',  ( 0.000000000000000000, 0.000000000000000000, 3.000000000000000000 ) ) ;
#3301 = VERTEX_POINT ( 'NONE', #3462 ) ;
#3302 = VECTOR ( 'NONE', #2680, 1000.000000000000000 ) ;
#3303 = DIRECTION ( 'NONE',  ( 0.000000000000000000, 0.000000000000000000, 1.000000000000000000 ) ) ;
#3304 = UNCERTAINTY_MEASURE_WITH_UNIT (LENGTH_MEASURE( 1.000000000000000082E-05 ), #1753, 'distance_accuracy_value', 'NONE');
#3305 = ORIENTED_EDGE ( 'NONE', *, *, #2619, .T. ) ;
#3306 = VECTOR ( 'NONE', #3948, 1000.000000000000000 ) ;
#3307 = DIRECTION ( 'NONE',  ( -1.000000000000000000, 0.000000000000000000, 0.000000000000000000 ) ) ;
#3308 = CARTESIAN_POINT ( 'NONE',  ( 3.348158926381128442, 28.74826303069430367, 51.35921123303854330 ) ) ;
#3309 = AXIS2_PLACEMENT_3D ( 'NONE', #2675, #2961, #444 ) ;
#3310 = DIRECTION ( 'NONE',  ( 0.000000000000000000, 0.000000000000000000, 1.000000000000000000 ) ) ;
#3311 = VERTEX_POINT ( 'NONE', #2878 ) ;
#3312 = ORIENTED_EDGE ( 'NONE', *, *, #1242, .T. ) ;
#3313 = AXIS2_PLACEMENT_3D ( 'NONE', #1662, #1348, #2859 ) ;
#3314 = VECTOR ( 'NONE', #1251, 1000.000000000000000 ) ;
#3315 = EDGE_CURVE ( 'NONE', #863, #2104, #3836, .T. ) ;
#3316 = DIRECTION ( 'NONE',  ( 1.000000000000000000, 0.000000000000000000, 0.000000000000000000 ) ) ;
#3317 = CONICAL_SURFACE ( 'NONE', #4045, 3.500000000000000444, 1.047197551196596521 ) ;
#3318 = ORIENTED_EDGE ( 'NONE', *, *, #3754, .F. ) ;
#3319 = EDGE_CURVE ( 'NONE', #1898, #3673, #2201, .T. ) ;
#3320 = CIRCLE ( 'NONE', #3527, 4.000000000000000000 ) ;
#3321 = PRESENTATION_LAYER_ASSIGNMENT (  '', '', ( #2857 ) ) ;
#3322 =( LENGTH_UNIT ( ) NAMED_UNIT ( * ) SI_UNIT ( .MILLI., .METRE. ) );
#3323 = CARTESIAN_POINT ( 'NONE',  ( -2.103352214621878602E-14, -4.041451884327384114, -2.887392608830354312 ) ) ;
#3324 = CARTESIAN_POINT ( 'NONE',  ( 24.00000000000000000, 1.971681346627238735E-16, -1.610000000000000098 ) ) ;
#3325 = COLOUR_RGB ( '',0.2509803921568627416, 0.2509803921568627416, 0.2509803921568627416 ) ;
#3326 = PLANE ( 'NONE',  #1230 ) ;
#3327 = ORIENTED_EDGE ( 'NONE', *, *, #3472, .F. ) ;
#3328 = DIRECTION ( 'NONE',  ( 0.000000000000000000, 0.4999999999999993339, -0.8660254037844390407 ) ) ;
#3329 = DIRECTION ( 'NONE',  ( 1.000000000000000000, 0.000000000000000000, 0.000000000000000000 ) ) ;
#3330 = DIRECTION ( 'NONE',  ( -0.000000000000000000, -0.000000000000000000, 1.000000000000000000 ) ) ;
#3331 = ORIENTED_EDGE ( 'NONE', *, *, #3011, .F. ) ;
#3332 = FACE_OUTER_BOUND ( 'NONE', #3596, .T. ) ;
#3333 = PRODUCT_DEFINITION ( 'UNKNOWN', '', #1096, #2892 ) ;
#3334 = DIRECTION ( 'NONE',  ( -1.000000000000000000, 0.000000000000000000, 0.000000000000000000 ) ) ;
#3335 = EDGE_CURVE ( 'NONE', #465, #2443, #2185, .T. ) ;
#3336 = ORIENTED_EDGE ( 'NONE', *, *, #2838, .T. ) ;
#3337 = PLANE ( 'NONE',  #887 ) ;
#3338 = CARTESIAN_POINT ( 'NONE',  ( 24.50000000000000000, 3.000384657911015469E-15, 0.000000000000000000 ) ) ;
#3339 = EDGE_CURVE ( 'NONE', #2579, #2088, #2561, .T. ) ;
#3340 = LINE ( 'NONE', #2100, #3059 ) ;
#3341 = EDGE_LOOP ( 'NONE', ( #1035, #364, #459, #3410 ) ) ;
#3342 = CARTESIAN_POINT ( 'NONE',  ( 31.28166965656116361, 28.64826303069430580, 42.63992551875276860 ) ) ;
#3343 = UNCERTAINTY_MEASURE_WITH_UNIT (LENGTH_MEASURE( 1.000000000000000082E-05 ), #2015, 'distance_accuracy_value', 'NONE');
#3344 = ADVANCED_FACE ( 'NONE', ( #341 ), #1002, .F. ) ;
#3345 = VERTEX_POINT ( 'NONE', #1914 ) ;
#3346 = CARTESIAN_POINT ( 'NONE',  ( 0.000000000000000000, 0.000000000000000000, 4.000000000000000000 ) ) ;
#3347 = DIRECTION ( 'NONE',  ( 1.000000000000000000, 4.383936695013188063E-29, 0.000000000000000000 ) ) ;
#3348 = ORIENTED_EDGE ( 'NONE', *, *, #1460, .F. ) ;
#3349 = CARTESIAN_POINT ( 'NONE',  ( -3.500000000000000000, 0.000000000000000000, -3.200000000000000178 ) ) ;
#3350 = ORIENTED_EDGE ( 'NONE', *, *, #2868, .T. ) ;
#3351 = SURFACE_STYLE_USAGE ( .BOTH. , #797 ) ;
#3352 = CARTESIAN_POINT ( 'NONE',  ( 1.482500161549134971E-15, 21.00000000000000000, 0.000000000000000000 ) ) ;
#3353 = ORIENTED_EDGE ( 'NONE', *, *, #1591, .F. ) ;
#3354 = VERTEX_POINT ( 'NONE', #2238 ) ;
#3355 = DIRECTION ( 'NONE',  ( 0.000000000000000000, 0.000000000000000000, 1.000000000000000000 ) ) ;
#3356 = EDGE_CURVE ( 'NONE', #1079, #329, #1613, .T. ) ;
#3357 = CARTESIAN_POINT ( 'NONE',  ( 0.000000000000000000, 0.000000000000000000, 0.000000000000000000 ) ) ;
#3358 = DIRECTION ( 'NONE',  ( 1.000000000000000000, 0.000000000000000000, 0.000000000000000000 ) ) ;
#3359 = CARTESIAN_POINT ( 'NONE',  ( -4.041451884327380562, 20.99999999999999289, 3.000000000000000000 ) ) ;
#3360 = EDGE_CURVE ( 'NONE', #1445, #796, #165, .T. ) ;
#3361 = CARTESIAN_POINT ( 'NONE',  ( 0.000000000000000000, 0.000000000000000000, 12.00000000000000000 ) ) ;
#3362 = ORIENTED_EDGE ( 'NONE', *, *, #3807, .T. ) ;
#3363 = CARTESIAN_POINT ( 'NONE',  ( 0.000000000000000000, 0.000000000000000000, 0.000000000000000000 ) ) ;
#3364 = AXIS2_PLACEMENT_3D ( 'NONE', #2089, #3976, #516 ) ;
#3365 = ORIENTED_EDGE ( 'NONE', *, *, #131, .T. ) ;
#3366 = AXIS2_PLACEMENT_3D ( 'NONE', #855, #2648, #534 ) ;
#3367 = CARTESIAN_POINT ( 'NONE',  ( 7.027511656657068784, 33.38026635895413818, 55.55921123303850351 ) ) ;
#3368 = EDGE_CURVE ( 'NONE', #2068, #2357, #2176, .T. ) ;
#3369 = DIRECTION ( 'NONE',  ( 0.000000000000000000, 0.000000000000000000, 1.000000000000000000 ) ) ;
#3370 = ORIENTED_EDGE ( 'NONE', *, *, #3571, .F. ) ;
#3371 = DIRECTION ( 'NONE',  ( 0.000000000000000000, 0.000000000000000000, 1.000000000000000000 ) ) ;
#3372 = CARTESIAN_POINT ( 'NONE',  ( 56.69631785276310865, -4.649058915617843013E-13, 132.7184224660765608 ) ) ;
#3373 = LINE ( 'NONE', #1770, #234 ) ;
#3374 = AXIS2_PLACEMENT_3D ( 'NONE', #966, #3466, #368 ) ;
#3375 = DIRECTION ( 'NONE',  ( 0.000000000000000000, 0.000000000000000000, 1.000000000000000000 ) ) ;
#3376 = VECTOR ( 'NONE', #449, 1000.000000000000000 ) ;
#3377 = CARTESIAN_POINT ( 'NONE',  ( 4.200000000000001954, 0.000000000000000000, 0.000000000000000000 ) ) ;
#3378 = PRESENTATION_LAYER_ASSIGNMENT (  '', '', ( #3127 ) ) ;
#3379 = CIRCLE ( 'NONE', #1086, 1.999999999999998668 ) ;
#3380 = AXIS2_PLACEMENT_3D ( 'NONE', #3524, #2221, #1329 ) ;
#3381 = FACE_OUTER_BOUND ( 'NONE', #1864, .T. ) ;
#3382 = VECTOR ( 'NONE', #3427, 1000.000000000000000 ) ;
#3383 = CARTESIAN_POINT ( 'NONE',  ( -31.74999999999995737, 0.000000000000000000, 0.000000000000000000 ) ) ;
#3384 = AXIS2_PLACEMENT_3D ( 'NONE', #1979, #3002, #166 ) ;
#3385 = DIRECTION ( 'NONE',  ( -1.000000000000000000, -0.000000000000000000, -0.000000000000000000 ) ) ;
#3386 = DIRECTION ( 'NONE',  ( -1.000000000000000000, -0.000000000000000000, -0.000000000000000000 ) ) ;
#3387 = EDGE_LOOP ( 'NONE', ( #3880, #2789, #811, #4011 ) ) ;
#3388 = CARTESIAN_POINT ( 'NONE',  ( -2.020725942163693389, 17.49999999999999645, 3.000000000000000000 ) ) ;
#3389 = CIRCLE ( 'NONE', #567, 23.89999999999999858 ) ;
#3390 = ORIENTED_EDGE ( 'NONE', *, *, #154, .T. ) ;
#3391 = EDGE_CURVE ( 'NONE', #515, #118, #3512, .T. ) ;
#3392 = CONICAL_SURFACE ( 'NONE', #2928, 3.500000000000000444, 1.047197551196596521 ) ;
#3393 = FILL_AREA_STYLE_COLOUR ( '', #1609 ) ;
#3394 = DIRECTION ( 'NONE',  ( 1.000000000000000000, 0.000000000000000000, 0.000000000000000000 ) ) ;
#3395 = ORIENTED_EDGE ( 'NONE', *, *, #2174, .T. ) ;
#3396 = CARTESIAN_POINT ( 'NONE',  ( 0.000000000000000000, 0.000000000000000000, 3.000000000000000000 ) ) ;
#3397 = CARTESIAN_POINT ( 'NONE',  ( 28.34815892638117063, 28.74826303069433209, 45.35921123303846514 ) ) ;
#3398 = CARTESIAN_POINT ( 'NONE',  ( 3.499999999999999556, -2.020725942163698718, -0.3126073911696460317 ) ) ;
#3399 = EDGE_CURVE ( 'NONE', #3801, #2800, #2906, .T. ) ;
#3400 = CARTESIAN_POINT ( 'NONE',  ( 2.020725942163516198, -24.50000000000001066, 6.000000000000000000 ) ) ;
#3401 = DIRECTION ( 'NONE',  ( -1.000000000000000000, 6.867723879941292569E-15, 0.000000000000000000 ) ) ;
#3402 = ORIENTED_EDGE ( 'NONE', *, *, #3677, .F. ) ;
#3403 = VERTEX_POINT ( 'NONE', #3219 ) ;
#3404 = CARTESIAN_POINT ( 'NONE',  ( -34.94592146739513083, 11.00000000000000000, 4.000000000000000000 ) ) ;
#3405 = B_SPLINE_CURVE_WITH_KNOTS ( 'NONE', 3,
 ( #3970, #138, #430, #1674, #2622, #3885 ),
 .UNSPECIFIED., .F., .F.,
 ( 4, 2, 4 ),
 ( 0.002044882221487518466, 0.003063384235218494581, 0.004081886248949471128 ),
 .UNSPECIFIED. ) ;
#3406 = DIRECTION ( 'NONE',  ( -4.383936695013188063E-29, 1.000000000000000000, 5.520779089334829130E-43 ) ) ;
#3407 = CARTESIAN_POINT ( 'NONE',  ( -2.020725942163693389, 17.49999999999999645, 3.000000000000000000 ) ) ;
#3408 = CARTESIAN_POINT ( 'NONE',  ( -31.74999999999995737, 0.000000000000000000, 0.000000000000000000 ) ) ;
#3409 = CARTESIAN_POINT ( 'NONE',  ( 46.98290566701290061, 28.54826303069430438, 51.39372554447915320 ) ) ;
#3410 = ORIENTED_EDGE ( 'NONE', *, *, #535, .T. ) ;
#3411 = FILL_AREA_STYLE ('',( #2149 ) ) ;
#3412 = CARTESIAN_POINT ( 'NONE',  ( 0.000000000000000000, 0.000000000000000000, 0.000000000000000000 ) ) ;
#3413 = ORIENTED_EDGE ( 'NONE', *, *, #257, .F. ) ;
#3414 = DIRECTION ( 'NONE',  ( 1.000000000000000000, 4.383936695013188063E-29, -1.255609373087974418E-14 ) ) ;
#3415 = ADVANCED_FACE ( 'NONE', ( #2984 ), #3584, .F. ) ;
#3416 = PRESENTATION_STYLE_ASSIGNMENT (( #2813 ) ) ;
#3417 = CARTESIAN_POINT ( 'NONE',  ( -3.214438021527934453, -2.185595227304867993, -0.2174200650117589229 ) ) ;
#3418 = ORIENTED_EDGE ( 'NONE', *, *, #3654, .F. ) ;
#3419 = CARTESIAN_POINT ( 'NONE',  ( -2.103352214621878602E-14, -4.041451884327384114, -0.3126073911696460317 ) ) ;
#3420 = EDGE_CURVE ( 'NONE', #1445, #3533, #491, .T. ) ;
#3421 = CARTESIAN_POINT ( 'NONE',  ( 49.60690452384701388, 33.46836658455577407, 55.43786088808416679 ) ) ;
#3422 = DIRECTION ( 'NONE',  ( 1.000000000000000000, 0.000000000000000000, 0.000000000000000000 ) ) ;
#3423 = ORIENTED_EDGE ( 'NONE', *, *, #1637, .F. ) ;
#3424 = EDGE_CURVE ( 'NONE', #803, #465, #488, .T. ) ;
#3425 = FACE_OUTER_BOUND ( 'NONE', #1406, .T. ) ;
#3426 = DIRECTION ( 'NONE',  ( 0.000000000000000000, 0.000000000000000000, -1.000000000000000000 ) ) ;
#3427 = DIRECTION ( 'NONE',  ( -0.000000000000000000, -0.000000000000000000, 1.000000000000000000 ) ) ;
#3428 = LINE ( 'NONE', #2123, #110 ) ;
#3429 = CARTESIAN_POINT ( 'NONE',  ( 3.500000000000000444, 0.000000000000000000, 0.000000000000000000 ) ) ;
#3430 = EDGE_LOOP ( 'NONE', ( #270, #3502, #3818, #2631, #3550, #2833 ) ) ;
#3431 = CARTESIAN_POINT ( 'NONE',  ( 2.168404344971008868E-16, 4.041451884327385002, -0.3126073911696460317 ) ) ;
#3432 = ORIENTED_EDGE ( 'NONE', *, *, #2960, .F. ) ;
#3433 = AXIS2_PLACEMENT_3D ( 'NONE', #1658, #3199, #1313 ) ;
#3434 = CARTESIAN_POINT ( 'NONE',  ( 4.000000000000003553, 0.000000000000000000, 0.000000000000000000 ) ) ;
#3435 = AXIS2_PLACEMENT_3D ( 'NONE', #1652, #3532, #3825 ) ;
#3436 = FACE_BOUND ( 'NONE', #3725, .T. ) ;
#3437 = AXIS2_PLACEMENT_3D ( 'NONE', #470, #2757, #1258 ) ;
#3438 = DIRECTION ( 'NONE',  ( 0.000000000000000000, 0.000000000000000000, -1.000000000000000000 ) ) ;
#3439 = ORIENTED_EDGE ( 'NONE', *, *, #2686, .F. ) ;
#3440 = EDGE_CURVE ( 'NONE', #3204, #930, #3607, .T. ) ;
#3441 = VECTOR ( 'NONE', #1996, 1000.000000000000000 ) ;
#3442 = CARTESIAN_POINT ( 'NONE',  ( -3.500000000000000444, 0.000000000000000000, 0.000000000000000000 ) ) ;
#3443 = DIRECTION ( 'NONE',  ( 0.000000000000000000, 0.000000000000000000, -1.000000000000000000 ) ) ;
#3444 = AXIS2_PLACEMENT_3D ( 'NONE', #4038, #3461, #3375 ) ;
#3445 = STYLED_ITEM ( 'NONE', ( #1846 ), #3733 ) ;
#3446 = EDGE_CURVE ( 'NONE', #2104, #447, #776, .T. ) ;
#3447 = CIRCLE ( 'NONE', #1997, 1.510000000000000009 ) ;
#3448 = PRESENTATION_LAYER_ASSIGNMENT (  '', '', ( #2594 ) ) ;
#3449 = DIRECTION ( 'NONE',  ( -1.000000000000000000, 6.867723879941292569E-15, 0.000000000000000000 ) ) ;
#3450 = CARTESIAN_POINT ( 'NONE',  ( 47.04334873884605628, 28.57563088424991093, 51.46942179906822901 ) ) ;
#3451 = ORIENTED_EDGE ( 'NONE', *, *, #1612, .T. ) ;
#3452 = VERTEX_POINT ( 'NONE', #478 ) ;
#3453 = AXIS2_PLACEMENT_3D ( 'NONE', #2212, #3171, #2526 ) ;
#3454 = CARTESIAN_POINT ( 'NONE',  ( 3.500000000000000444, 0.000000000000000000, 0.000000000000000000 ) ) ;
#3455 = ORIENTED_EDGE ( 'NONE', *, *, #3179, .T. ) ;
#3456 = AXIS2_PLACEMENT_3D ( 'NONE', #3283, #3307, #173 ) ;
#3457 = CARTESIAN_POINT ( 'NONE',  ( 23.60999999999999943, 0.000000000000000000, 0.000000000000000000 ) ) ;
#3458 = LINE ( 'NONE', #2196, #1933 ) ;
#3459 = AXIS2_PLACEMENT_3D ( 'NONE', #2990, #2657, #3610 ) ;
#3460 = FACE_OUTER_BOUND ( 'NONE', #3341, .T. ) ;
#3461 = DIRECTION ( 'NONE',  ( -1.000000000000000000, -0.000000000000000000, -0.000000000000000000 ) ) ;
#3462 = CARTESIAN_POINT ( 'NONE',  ( -15.49193338482966809, 10.99999999999999645, 4.000000000000000000 ) ) ;
#3463 = ORIENTED_EDGE ( 'NONE', *, *, #3681, .T. ) ;
#3464 = ORIENTED_EDGE ( 'NONE', *, *, #208, .F. ) ;
#3465 = CARTESIAN_POINT ( 'NONE',  ( 2.000000000000000000, 1.743597812952664805, -4.011548038196366406E-15 ) ) ;
#3466 = DIRECTION ( 'NONE',  ( -0.000000000000000000, -0.000000000000000000, -1.000000000000000000 ) ) ;
#3467 = ADVANCED_FACE ( 'NONE', ( #1407 ), #418, .F. ) ;
#3468 =( REPRESENTATION_RELATIONSHIP ('NONE','NONE', #2455, #1156 ) REPRESENTATION_RELATIONSHIP_WITH_TRANSFORMATION ( #667 )SHAPE_REPRESENTATION_RELATIONSHIP( ) );
#3469 = ORIENTED_EDGE ( 'NONE', *, *, #2733, .T. ) ;
#3470 = DIRECTION ( 'NONE',  ( 0.000000000000000000, 0.000000000000000000, 1.000000000000000000 ) ) ;
#3471 = LINE ( 'NONE', #3549, #1473 ) ;
#3472 = EDGE_CURVE ( 'NONE', #2895, #2371, #2122, .T. ) ;
#3473 = ORIENTED_EDGE ( 'NONE', *, *, #2787, .F. ) ;
#3474 = DIRECTION ( 'NONE',  ( 0.000000000000000000, 0.000000000000000000, -1.000000000000000000 ) ) ;
#3475 = ORIENTED_EDGE ( 'NONE', *, *, #2591, .F. ) ;
#3476 = CYLINDRICAL_SURFACE ( 'NONE', #819, 4.000000000000000000 ) ;
#3477 = ADVANCED_FACE ( 'NONE', ( #2016 ), #1102, .F. ) ;
#3478 = ITEM_DEFINED_TRANSFORMATION ( 'NONE', 'NONE', #2326,  #3920 ) ;
#3479 = DIRECTION ( 'NONE',  ( 1.000000000000000000, 0.000000000000000000, 0.000000000000000000 ) ) ;
#3480 = CARTESIAN_POINT ( 'NONE',  ( 7.114902285831163020, 33.44056588285073417, 55.38839483513388728 ) ) ;
#3481 = CARTESIAN_POINT ( 'NONE',  ( 49.66678113386586801, 33.40005488910503573, 55.55521327048163016 ) ) ;
#3482 = FACE_OUTER_BOUND ( 'NONE', #3506, .T. ) ;
#3483 = DIRECTION ( 'NONE',  ( 1.000000000000000000, 0.000000000000000000, -0.000000000000000000 ) ) ;
#3484 = CARTESIAN_POINT ( 'NONE',  ( -3.500000000000000000, -2.020725942163697830, -3.200000000000000178 ) ) ;
#3485 = EDGE_LOOP ( 'NONE', ( #3582, #1624, #2362, #1501 ) ) ;
#3486 = VERTEX_POINT ( 'NONE', #3944 ) ;
#3487 =( NAMED_UNIT ( * ) PLANE_ANGLE_UNIT ( ) SI_UNIT ( $, .RADIAN. ) );
#3488 = CARTESIAN_POINT ( 'NONE',  ( -21.21815260572889628, 11.00000000000000000, 7.999999999999996447 ) ) ;
#3489 = EDGE_CURVE ( 'NONE', #171, #1978, #1993, .T. ) ;
#3490 = DIRECTION ( 'NONE',  ( 0.000000000000000000, 0.000000000000000000, 1.000000000000000000 ) ) ;
#3491 = DIRECTION ( 'NONE',  ( 1.000000000000000000, 0.000000000000000000, 0.000000000000000000 ) ) ;
#3492 = EDGE_LOOP ( 'NONE', ( #302, #1385, #1273, #2140, #2124, #2862 ) ) ;
#3493 = EDGE_CURVE ( 'NONE', #1187, #3887, #1075, .T. ) ;
#3494 = LINE ( 'NONE', #124, #239 ) ;
#3495 = EDGE_LOOP ( 'NONE', ( #3233, #2189, #3838 ) ) ;
#3496 = DIRECTION ( 'NONE',  ( 0.000000000000000000, 0.4999999999999985567, -0.8660254037844394848 ) ) ;
#3497 = ITEM_DEFINED_TRANSFORMATION ( 'NONE', 'NONE', #3586,  #3920 ) ;
#3498 = ADVANCED_FACE ( 'NONE', ( #2361 ), #3624, .F. ) ;
#3499 = AXIS2_PLACEMENT_3D ( 'NONE', #579, #644, #1844 ) ;
#3500 = PRODUCT_DEFINITION_SHAPE ( 'NONE', 'NONE',  #4068 ) ;
#3501 = LINE ( 'NONE', #442, #2915 ) ;
#3502 = ORIENTED_EDGE ( 'NONE', *, *, #2086, .F. ) ;
#3503 = CARTESIAN_POINT ( 'NONE',  ( 3.499999999999999556, -2.020725942163698718, -0.3126073911696460317 ) ) ;
#3504 = VECTOR ( 'NONE', #2699, 1000.000000000000000 ) ;
#3505 = VERTEX_POINT ( 'NONE', #2894 ) ;
#3506 = EDGE_LOOP ( 'NONE', ( #1705, #36, #3187, #2342 ) ) ;
#3507 = AXIS2_PLACEMENT_3D ( 'NONE', #1715, #1064, #1377 ) ;
#3508 = CARTESIAN_POINT ( 'NONE',  ( 9.713390956254540853, 28.54826303069430438, 51.39375175880613256 ) ) ;
#3509 = CARTESIAN_POINT ( 'NONE',  ( 23.60999999999999943, 2.449293598294702470E-16, -1.999999999999995781 ) ) ;
#3510 = CIRCLE ( 'NONE', #1733, 3.999999999999934275 ) ;
#3511 = DIRECTION ( 'NONE',  ( 0.000000000000000000, 0.000000000000000000, 1.000000000000000000 ) ) ;
#3512 = CIRCLE ( 'NONE', #1736, 1.510000000000000009 ) ;
#3513 = DIRECTION ( 'NONE',  ( 1.000000000000000000, 0.000000000000000000, 0.000000000000000000 ) ) ;
#3514 = EDGE_LOOP ( 'NONE', ( #1104, #1350 ) ) ;
#3515 = CIRCLE ( 'NONE', #4041, 2.200000000000000178 ) ;
#3516 = DIRECTION ( 'NONE',  ( 0.4999999999999997224, -0.8660254037844388186, 0.000000000000000000 ) ) ;
#3517 = ORIENTED_EDGE ( 'NONE', *, *, #3881, .F. ) ;
#3518 = CARTESIAN_POINT ( 'NONE',  ( 0.000000000000000000, 0.000000000000000000, -3.200000000000001510 ) ) ;
#3519 = CIRCLE ( 'NONE', #1944, 19.00000000000000000 ) ;
#3520 = APPLICATION_PROTOCOL_DEFINITION ( 'draft international standard', 'automotive_design', 1998, #875 ) ;
#3521 = PRODUCT_DEFINITION_CONTEXT ( 'detailed design', #3738, 'design' ) ;
#3522 = EDGE_CURVE ( 'NONE', #2357, #3986, #3542, .T. ) ;
#3523 = PRODUCT_DEFINITION_FORMATION_WITH_SPECIFIED_SOURCE ( 'ANY', '', #1514, .NOT_KNOWN. ) ;
#3524 = CARTESIAN_POINT ( 'NONE',  ( 0.000000000000000000, 0.000000000000000000, 0.000000000000000000 ) ) ;
#3525 = CARTESIAN_POINT ( 'NONE',  ( 2.926493552096020245, 2.351840044243036054, -3.061158938895391035 ) ) ;
#3526 = EDGE_CURVE ( 'NONE', #118, #1819, #1419, .T. ) ;
#3527 = AXIS2_PLACEMENT_3D ( 'NONE', #2454, #1174, #3969 ) ;
#3528 = ORIENTED_EDGE ( 'NONE', *, *, #3011, .T. ) ;
#3529 = DIRECTION ( 'NONE',  ( 1.000000000000000000, 0.000000000000000000, 0.000000000000000000 ) ) ;
#3530 = CARTESIAN_POINT ( 'NONE',  ( -3.999999999999998224, 21.00000000000000000, 8.000000000000000000 ) ) ;
#3531 = CARTESIAN_POINT ( 'NONE',  ( 28.34815892638117063, 28.54826303069430438, 45.35921123303847224 ) ) ;
#3532 = DIRECTION ( 'NONE',  ( 0.000000000000000000, 0.8660254037844380415, -0.5000000000000009992 ) ) ;
#3533 = VERTEX_POINT ( 'NONE', #1041 ) ;
#3534 = CARTESIAN_POINT ( 'NONE',  ( -1.452965002680433271, 3.202582148906728321, -3.200000000000002842 ) ) ;
#3535 = ORIENTED_EDGE ( 'NONE', *, *, #786, .T. ) ;
#3536 = CARTESIAN_POINT ( 'NONE',  ( 2.000000000000000000, -1.743597812952675019, 0.000000000000000000 ) ) ;
#3537 = APPLICATION_PROTOCOL_DEFINITION ( 'draft international standard', 'automotive_design', 1998, #83 ) ;
#3538 = EDGE_CURVE ( 'NONE', #1264, #3801, #2281, .T. ) ;
#3539 = CARTESIAN_POINT ( 'NONE',  ( 0.000000000000000000, 1.743597812952664805, -4.011548038196366406E-15 ) ) ;
#3540 = SURFACE_STYLE_USAGE ( .BOTH. , #1841 ) ;
#3541 = EDGE_LOOP ( 'NONE', ( #2290, #660, #3475 ) ) ;
#3542 = LINE ( 'NONE', #93, #1611 ) ;
#3543 = EDGE_LOOP ( 'NONE', ( #3974, #1490 ) ) ;
#3544 = APPLICATION_CONTEXT ( 'automotive_design' ) ;
#3545 = ADVANCED_FACE ( 'NONE', ( #746 ), #2920, .T. ) ;
#3546 = CARTESIAN_POINT ( 'NONE',  ( 25.41464819620114213, 28.74826303069430367, 42.63992551875280412 ) ) ;
#3547 = DIRECTION ( 'NONE',  ( 1.000000000000000000, 0.000000000000000000, 0.000000000000000000 ) ) ;
#3548 = PLANE ( 'NONE',  #309 ) ;
#3549 = CARTESIAN_POINT ( 'NONE',  ( -2.933510730180363790, -23.71928571428568944, 10.00000000000000000 ) ) ;
#3550 = ORIENTED_EDGE ( 'NONE', *, *, #1211, .T. ) ;
#3551 = B_SPLINE_CURVE_WITH_KNOTS ( 'NONE', 3,
 ( #920, #4040, #299, #1233 ),
 .UNSPECIFIED., .F., .F.,
 ( 4, 4 ),
 ( 0.000000000000000000, 0.0002394764966782961431 ),
 .UNSPECIFIED. ) ;
#3552 = DIRECTION ( 'NONE',  ( -0.000000000000000000, -0.000000000000000000, -1.000000000000000000 ) ) ;
#3553 = ORIENTED_EDGE ( 'NONE', *, *, #3039, .F. ) ;
#3554 = CARTESIAN_POINT ( 'NONE',  ( -19.00000000000000000, 0.000000000000000000, 7.000000000000000000 ) ) ;
#3555 = APPLICATION_PROTOCOL_DEFINITION ( 'draft international standard', 'automotive_design', 1998, #3738 ) ;
#3556 = UNCERTAINTY_MEASURE_WITH_UNIT (LENGTH_MEASURE( 1.000000000000000082E-05 ), #3966, 'distance_accuracy_value', 'NONE');
#3557 = ORIENTED_EDGE ( 'NONE', *, *, #2900, .F. ) ;
#3558 = DIRECTION ( 'NONE',  ( -0.000000000000000000, -0.000000000000000000, 1.000000000000000000 ) ) ;
#3559 = PRODUCT_DEFINITION_SHAPE ( 'NONE', 'NONE',  #4065 ) ;
#3560 = DIRECTION ( 'NONE',  ( 1.000000000000000000, 0.000000000000000000, 0.000000000000000000 ) ) ;
#3561 = VERTEX_POINT ( 'NONE', #3398 ) ;
#3562 = SHAPE_REPRESENTATION ( 'LAB-001-020-130_00', ( #3920 ), #2599 ) ;
#3563 = EDGE_LOOP ( 'NONE', ( #2936, #2985, #1717, #3668 ) ) ;
#3564 = LINE ( 'NONE', #1044, #445 ) ;
#3565 = DIRECTION ( 'NONE',  ( -1.000000000000000000, 0.000000000000000000, 0.000000000000000000 ) ) ;
#3566 = EDGE_CURVE ( 'NONE', #790, #1033, #3373, .T. ) ;
#3567 = AXIS2_PLACEMENT_3D ( 'NONE', #2102, #2489, #3699 ) ;
#3568 = CARTESIAN_POINT ( 'NONE',  ( 2.000000000000000000, -0.8717989064763382867, 1.509999999999999121 ) ) ;
#3569 = VECTOR ( 'NONE', #2548, 1000.000000000000000 ) ;
#3570 = CARTESIAN_POINT ( 'NONE',  ( 7.130006320652419127, 32.74826303069429656, 55.35921123303849356 ) ) ;
#3571 = EDGE_CURVE ( 'NONE', #515, #2005, #3983, .T. ) ;
#3572 = ORIENTED_EDGE ( 'NONE', *, *, #3214, .F. ) ;
#3573 = AXIS2_PLACEMENT_3D ( 'NONE', #3989, #1172, #3133 ) ;
#3574 = DIRECTION ( 'NONE',  ( 1.000000000000000000, 0.000000000000000000, 0.000000000000000000 ) ) ;
#3575 = ORIENTED_EDGE ( 'NONE', *, *, #2735, .T. ) ;
#3576 = PLANE ( 'NONE',  #2309 ) ;
#3577 = AXIS2_PLACEMENT_3D ( 'NONE', #1689, #3268, #1121 ) ;
#3578 = ORIENTED_EDGE ( 'NONE', *, *, #2914, .F. ) ;
#3579 = CIRCLE ( 'NONE', #560, 3.500000000000000444 ) ;
#3580 = CARTESIAN_POINT ( 'NONE',  ( 2.020725942163690725, 17.49999999999999645, 6.000000000000000000 ) ) ;
#3581 = STYLED_ITEM ( 'NONE', ( #1101 ), #81 ) ;
#3582 = ORIENTED_EDGE ( 'NONE', *, *, #586, .F. ) ;
#3583 = SURFACE_STYLE_USAGE ( .BOTH. , #198 ) ;
#3584 = PLANE ( 'NONE',  #952 ) ;
#3585 = EDGE_LOOP ( 'NONE', ( #731, #1043, #3557, #3877 ) ) ;
#3586 = AXIS2_PLACEMENT_3D ( 'NONE', #580, #1845, #2426 ) ;
#3587 = ORIENTED_EDGE ( 'NONE', *, *, #2883, .T. ) ;
#3588 = VECTOR ( 'NONE', #637, 1000.000000000000000 ) ;
#3589 = CARTESIAN_POINT ( 'NONE',  ( 0.000000000000000000, 0.000000000000000000, 7.000000000000000000 ) ) ;
#3590 = CARTESIAN_POINT ( 'NONE',  ( -31.74999999999995737, 0.000000000000000000, 0.000000000000000000 ) ) ;
#3591 =( GEOMETRIC_REPRESENTATION_CONTEXT ( 3 ) GLOBAL_UNCERTAINTY_ASSIGNED_CONTEXT ( ( #1701 ) ) GLOBAL_UNIT_ASSIGNED_CONTEXT ( ( #3152, #3487, #1334 ) ) REPRESENTATION_CONTEXT ( 'NONE', 'WORKASPACE' ) );
#3592 = EDGE_CURVE ( 'NONE', #350, #498, #2656, .T. ) ;
#3593 = CARTESIAN_POINT ( 'NONE',  ( -2.641584726159505513E-13, -21.00000000000000000, 8.000000000000000000 ) ) ;
#3594 = CARTESIAN_POINT ( 'NONE',  ( 4.000000000000003553, 4.286263797015736102E-16, -3.499999999999999556 ) ) ;
#3595 = CARTESIAN_POINT ( 'NONE',  ( 15.49193338482966809, 10.99999999999999645, 4.000000000000000000 ) ) ;
#3596 = EDGE_LOOP ( 'NONE', ( #82, #3578, #2148 ) ) ;
#3597 = ADVANCED_FACE ( 'NONE', ( #581 ), #899, .F. ) ;
#3598 = DIRECTION ( 'NONE',  ( 1.000000000000000000, 0.000000000000000000, 0.000000000000000000 ) ) ;
#3599 = VERTEX_POINT ( 'NONE', #2475 ) ;
#3600 = CARTESIAN_POINT ( 'NONE',  ( 0.000000000000000000, 0.000000000000000000, 4.000000000000000000 ) ) ;
#3601 = UNCERTAINTY_MEASURE_WITH_UNIT (LENGTH_MEASURE( 1.000000000000000082E-05 ), #3322, 'distance_accuracy_value', 'NONE');
#3602 = APPLICATION_CONTEXT ( 'automotive_design' ) ;
#3603 = ADVANCED_FACE ( 'NONE', ( #1786 ), #3024, .T. ) ;
#3604 = DIRECTION ( 'NONE',  ( 0.5000000000000002220, 0.8660254037844384856, 0.000000000000000000 ) ) ;
#3605 = VERTEX_POINT ( 'NONE', #859 ) ;
#3606 =( NAMED_UNIT ( * ) SI_UNIT ( $, .STERADIAN. ) SOLID_ANGLE_UNIT ( ) );
#3607 = LINE ( 'NONE', #1371, #3842 ) ;
#3608 = ORIENTED_EDGE ( 'NONE', *, *, #1042, .F. ) ;
#3609 = VERTEX_POINT ( 'NONE', #1807 ) ;
#3610 = DIRECTION ( 'NONE',  ( -1.301042606982568087E-14, 0.000000000000000000, -1.000000000000000000 ) ) ;
#3611 = CARTESIAN_POINT ( 'NONE',  ( 3.500000000000000444, 1.693985822988432810, -2.981714356710798874 ) ) ;
#3612 = LINE ( 'NONE', #219, #2790 ) ;
#3613 = CARTESIAN_POINT ( 'NONE',  ( -3.500000000000000000, -2.020725942163697830, -2.887392608830354312 ) ) ;
#3614 = FACE_OUTER_BOUND ( 'NONE', #3563, .T. ) ;
#3615 = ORIENTED_EDGE ( 'NONE', *, *, #38, .T. ) ;
#3616 = ORIENTED_EDGE ( 'NONE', *, *, #320, .T. ) ;
#3617 = EDGE_CURVE ( 'NONE', #3958, #1604, #1509, .T. ) ;
#3618 = DIRECTION ( 'NONE',  ( 0.000000000000000000, 0.000000000000000000, 1.000000000000000000 ) ) ;
#3619 = VERTEX_POINT ( 'NONE', #3086 ) ;
#3620 = DIRECTION ( 'NONE',  ( 0.000000000000000000, 0.000000000000000000, 1.000000000000000000 ) ) ;
#3621 = ADVANCED_FACE ( 'NONE', ( #2111 ), #1166, .F. ) ;
#3622 = ORIENTED_EDGE ( 'NONE', *, *, #3356, .F. ) ;
#3623 = CARTESIAN_POINT ( 'NONE',  ( -4.000000000000264677, -21.00000000000000000, 8.000000000000000000 ) ) ;
#3624 = CYLINDRICAL_SURFACE ( 'NONE', #2784, 1.650000000000000133 ) ;
#3625 = ADVANCED_FACE ( 'NONE', ( #539 ), #199, .F. ) ;
#3626 = ORIENTED_EDGE ( 'NONE', *, *, #1211, .F. ) ;
#3627 = ORIENTED_EDGE ( 'NONE', *, *, #1564, .F. ) ;
#3628 = CARTESIAN_POINT ( 'NONE',  ( -2.071371021540757695, -24.41228014936583435, 3.000000000000000000 ) ) ;
#3629 = LINE ( 'NONE', #2059, #3306 ) ;
#3630 = SURFACE_STYLE_USAGE ( .BOTH. , #2036 ) ;
#3631 = CARTESIAN_POINT ( 'NONE',  ( 2.020725942163690725, 17.49999999999999645, 3.000000000000000000 ) ) ;
#3632 = FACE_OUTER_BOUND ( 'NONE', #3282, .T. ) ;
#3633 = VECTOR ( 'NONE', #2807, 1000.000000000000000 ) ;
#3634 = ORIENTED_EDGE ( 'NONE', *, *, #3067, .F. ) ;
#3635 = DIRECTION ( 'NONE',  ( -0.000000000000000000, 1.000000000000000000, 0.000000000000000000 ) ) ;
#3636 = EDGE_LOOP ( 'NONE', ( #2408, #960, #1970, #2849, #379, #3418 ) ) ;
#3637 = VECTOR ( 'NONE', #3718, 1000.000000000000000 ) ;
#3638 = CARTESIAN_POINT ( 'NONE',  ( 49.62406856998271820, 32.57755235257562987, 55.47134326739393373 ) ) ;
#3639 = VERTEX_POINT ( 'NONE', #273 ) ;
#3640 = VECTOR ( 'NONE', #2500, 1000.000000000000000 ) ;
#3641 = ORIENTED_EDGE ( 'NONE', *, *, #713, .F. ) ;
#3642 = ORIENTED_EDGE ( 'NONE', *, *, #3783, .F. ) ;
#3643 = DIRECTION ( 'NONE',  ( 0.000000000000000000, 0.000000000000000000, 1.000000000000000000 ) ) ;
#3644 = ORIENTED_EDGE ( 'NONE', *, *, #3210, .F. ) ;
#3645 = EDGE_CURVE ( 'NONE', #1566, #2707, #2988, .T. ) ;
#3646 = AXIS2_PLACEMENT_3D ( 'NONE', #813, #2105, #3686 ) ;
#3647 = AXIS2_PLACEMENT_3D ( 'NONE', #1434, #3921, #1665 ) ;
#3648 =( LENGTH_UNIT ( ) NAMED_UNIT ( * ) SI_UNIT ( .MILLI., .METRE. ) );
#3649 = DIRECTION ( 'NONE',  ( 0.000000000000000000, 0.000000000000000000, -1.000000000000000000 ) ) ;
#3650 = EDGE_LOOP ( 'NONE', ( #909, #3331, #871, #3666 ) ) ;
#3651 = AXIS2_PLACEMENT_3D ( 'NONE', #1223, #1805, #2191 ) ;
#3652 =( GEOMETRIC_REPRESENTATION_CONTEXT ( 3 ) GLOBAL_UNCERTAINTY_ASSIGNED_CONTEXT ( ( #3556 ) ) GLOBAL_UNIT_ASSIGNED_CONTEXT ( ( #3966, #2678, #779 ) ) REPRESENTATION_CONTEXT ( 'NONE', 'WORKASPACE' ) );
#3653 = DIRECTION ( 'NONE',  ( 1.000000000000000000, 0.000000000000000000, 0.000000000000000000 ) ) ;
#3654 = EDGE_CURVE ( 'NONE', #2579, #466, #621, .T. ) ;
#3655 = FACE_OUTER_BOUND ( 'NONE', #571, .T. ) ;
#3656 = CONICAL_SURFACE ( 'NONE', #3991, 1.614999999999999325, 0.9599310885968808105 ) ;
#3657 = ORIENTED_EDGE ( 'NONE', *, *, #2815, .T. ) ;
#3658 = CIRCLE ( 'NONE', #1809, 3.500000000000000444 ) ;
#3659 = CIRCLE ( 'NONE', #2655, 25.25000000000000000 ) ;
#3660 = ADVANCED_FACE ( 'NONE', ( #3332 ), #497, .T. ) ;
#3661 = DIRECTION ( 'NONE',  ( 1.000000000000000000, 0.000000000000000000, 0.000000000000000000 ) ) ;
#3662 = CARTESIAN_POINT ( 'NONE',  ( 28.34815892638131984, 28.54826303069430438, 66.35921123303852198 ) ) ;
#3663 = LINE ( 'NONE', #2303, #3849 ) ;
#3664 = VECTOR ( 'NONE', #1060, 1000.000000000000000 ) ;
#3665 = DIRECTION ( 'NONE',  ( 0.000000000000000000, -0.000000000000000000, 1.000000000000000000 ) ) ;
#3666 = ORIENTED_EDGE ( 'NONE', *, *, #1472, .T. ) ;
#3667 = DIRECTION ( 'NONE',  ( 1.000000000000000000, 0.000000000000000000, 0.000000000000000000 ) ) ;
#3668 = ORIENTED_EDGE ( 'NONE', *, *, #2939, .T. ) ;
#3669 = ORIENTED_EDGE ( 'NONE', *, *, #1766, .F. ) ;
#3670 =( NAMED_UNIT ( * ) PLANE_ANGLE_UNIT ( ) SI_UNIT ( $, .RADIAN. ) );
#3671 = CARTESIAN_POINT ( 'NONE',  ( 7.073688584486468756, 33.47020454590324334, 55.46852334647155658 ) ) ;
#3672 = CARTESIAN_POINT ( 'NONE',  ( 1.750000000000005107, 3.031088913245532979, -3.200000000000000178 ) ) ;
#3673 = VERTEX_POINT ( 'NONE', #2750 ) ;
#3674 = CARTESIAN_POINT ( 'NONE',  ( -3.499999999999999556, -0.6807265984995646280, -3.170648692803532676 ) ) ;
#3675 = ADVANCED_FACE ( 'NONE', ( #1527 ), #4036, .F. ) ;
#3676 = CARTESIAN_POINT ( 'NONE',  ( 2.346298152288376571, -2.686816014504574746, -3.340847309846149971E-15 ) ) ;
#3677 = EDGE_CURVE ( 'NONE', #2233, #616, #235, .T. ) ;
#3678 =( BOUNDED_CURVE ( )  B_SPLINE_CURVE ( 3, ( #1107, #822, #3223, #2299 ),
 .UNSPECIFIED., .F., .T. ) 
 B_SPLINE_CURVE_WITH_KNOTS ( ( 4, 4 ),
 ( 4.043044100386460116, 4.239388552549089084 ),
 .UNSPECIFIED. ) 
 CURVE ( )  GEOMETRIC_REPRESENTATION_ITEM ( )  RATIONAL_B_SPLINE_CURVE ( ( 1.000000000000000000, 0.9967899840388243504, 0.9967899840388243504, 1.000000000000000000 ) ) 
 REPRESENTATION_ITEM ( '' )  );
#3679 = DIRECTION ( 'NONE',  ( 0.000000000000000000, 0.000000000000000000, 1.000000000000000000 ) ) ;
#3680 =( NAMED_UNIT ( * ) PLANE_ANGLE_UNIT ( ) SI_UNIT ( $, .RADIAN. ) );
#3681 = EDGE_CURVE ( 'NONE', #3810, #1521, #2734, .T. ) ;
#3682 =( REPRESENTATION_RELATIONSHIP ('NONE','NONE', #2455, #2030 ) REPRESENTATION_RELATIONSHIP_WITH_TRANSFORMATION ( #2938 )SHAPE_REPRESENTATION_RELATIONSHIP( ) );
#3683 = ORIENTED_EDGE ( 'NONE', *, *, #865, .F. ) ;
#3684 = DIRECTION ( 'NONE',  ( 1.000000000000000000, 0.000000000000000000, 0.000000000000000000 ) ) ;
#3685 = B_SPLINE_CURVE_WITH_KNOTS ( 'NONE', 3,
 ( #3431, #3727, #1198, #3125 ),
 .UNSPECIFIED., .F., .F.,
 ( 4, 4 ),
 ( 2.380739282169279387E-07, 0.002044882221487536247 ),
 .UNSPECIFIED. ) ;
#3686 = DIRECTION ( 'NONE',  ( -1.000000000000000000, 0.000000000000000000, 0.000000000000000000 ) ) ;
#3687 = DIRECTION ( 'NONE',  ( 0.000000000000000000, 0.000000000000000000, -1.000000000000000000 ) ) ;
#3688 = EDGE_LOOP ( 'NONE', ( #1640, #3402, #2688, #1436 ) ) ;
#3689 = CARTESIAN_POINT ( 'NONE',  ( 21.21815260572889628, 15.00000000000002309, 12.00000000000000000 ) ) ;
#3690 = CARTESIAN_POINT ( 'NONE',  ( -2.103352214621878602E-14, -4.041451884327384114, -0.3126073911696460317 ) ) ;
#3691 = CARTESIAN_POINT ( 'NONE',  ( 4.041451884327381450, 20.99999999999999645, 3.000000000000000000 ) ) ;
#3692 = ORIENTED_EDGE ( 'NONE', *, *, #1777, .T. ) ;
#3693 = DIRECTION ( 'NONE',  ( -1.000000000000000000, 0.000000000000000000, 0.000000000000000000 ) ) ;
#3694 = CARTESIAN_POINT ( 'NONE',  ( 2.927447417349537506, -2.351289329882158885, -3.078243469714885716 ) ) ;
#3695 = EDGE_CURVE ( 'NONE', #848, #3403, #3379, .T. ) ;
#3696 = DIRECTION ( 'NONE',  ( -0.000000000000000000, -0.000000000000000000, -1.000000000000000000 ) ) ;
#3697 =( GEOMETRIC_REPRESENTATION_CONTEXT ( 3 ) GLOBAL_UNCERTAINTY_ASSIGNED_CONTEXT ( ( #727 ) ) GLOBAL_UNIT_ASSIGNED_CONTEXT ( ( #3752, #26, #3729 ) ) REPRESENTATION_CONTEXT ( 'NONE', 'WORKASPACE' ) );
#3698 = ORIENTED_EDGE ( 'NONE', *, *, #2051, .T. ) ;
#3699 = DIRECTION ( 'NONE',  ( -0.8660254037844378194, 0.5000000000000013323, 0.000000000000000000 ) ) ;
#3700 = EDGE_CURVE ( 'NONE', #443, #2211, #3458, .T. ) ;
#3701 = CIRCLE ( 'NONE', #1206, 2.000000000000000000 ) ;
#3702 = CARTESIAN_POINT ( 'NONE',  ( -18.60671921645509030, -15.00000000000002309, 12.00000000000000000 ) ) ;
#3703 = ORIENTED_EDGE ( 'NONE', *, *, #3399, .F. ) ;
#3704 = DIRECTION ( 'NONE',  ( 1.000000000000000000, 0.000000000000000000, 0.000000000000000000 ) ) ;
#3705 = ORIENTED_EDGE ( 'NONE', *, *, #2129, .T. ) ;
#3706 = CARTESIAN_POINT ( 'NONE',  ( 0.000000000000000000, 0.000000000000000000, -3.200000000000000178 ) ) ;
#3707 = CARTESIAN_POINT ( 'NONE',  ( 0.000000000000000000, 0.000000000000000000, 0.000000000000000000 ) ) ;
#3708 = CARTESIAN_POINT ( 'NONE',  ( 4.041451884327233124, -21.00000000000002132, 3.000000000000000000 ) ) ;
#3709 = CIRCLE ( 'NONE', #1018, 2.100000000000000977 ) ;
#3710 = EDGE_LOOP ( 'NONE', ( #3724, #415, #1389, #3018 ) ) ;
#3711 = CARTESIAN_POINT ( 'NONE',  ( 48.06332754304342814, 29.86480396914314284, 52.75859488396145025 ) ) ;
#3712 = AXIS2_PLACEMENT_3D ( 'NONE', #34, #3438, #3756 ) ;
#3713 = PLANE ( 'NONE',  #2777 ) ;
#3714 = ORIENTED_EDGE ( 'NONE', *, *, #1387, .T. ) ;
#3715 = AXIS2_PLACEMENT_3D ( 'NONE', #1444, #3635, #2687 ) ;
#3716 = LINE ( 'NONE', #3404, #1171 ) ;
#3717 = MECHANICAL_DESIGN_GEOMETRIC_PRESENTATION_REPRESENTATION (  '', ( #2594 ), #3652 ) ;
#3718 = DIRECTION ( 'NONE',  ( -0.000000000000000000, -0.000000000000000000, 1.000000000000000000 ) ) ;
#3719 = LINE ( 'NONE', #2164, #3382 ) ;
#3720 = AXIS2_PLACEMENT_3D ( 'NONE', #893, #1867, #231 ) ;
#3721 = DIRECTION ( 'NONE',  ( -1.000000000000000000, 0.000000000000000000, 0.000000000000000000 ) ) ;
#3722 = LINE ( 'NONE', #1522, #2450 ) ;
#3723 = CIRCLE ( 'NONE', #2541, 1.650000000000000133 ) ;
#3724 = ORIENTED_EDGE ( 'NONE', *, *, #2832, .F. ) ;
#3725 = EDGE_LOOP ( 'NONE', ( #3758, #1055 ) ) ;
#3726 = EDGE_CURVE ( 'NONE', #3345, #3151, #1873, .T. ) ;
#3727 = CARTESIAN_POINT ( 'NONE',  ( 0.5725525826504659355, 3.710888496608920839, -0.1217565302851117415 ) ) ;
#3728 = ORIENTED_EDGE ( 'NONE', *, *, #2780, .F. ) ;
#3729 =( NAMED_UNIT ( * ) SI_UNIT ( $, .STERADIAN. ) SOLID_ANGLE_UNIT ( ) );
#3730 = CARTESIAN_POINT ( 'NONE',  ( 28.34815892638117063, 45.99603460888062756, 45.35921123303838698 ) ) ;
#3731 = DIRECTION ( 'NONE',  ( 0.000000000000000000, 1.000000000000000000, -7.461827477171319195E-16 ) ) ;
#3732 = ORIENTED_EDGE ( 'NONE', *, *, #1515, .T. ) ;
#3733 = ADVANCED_FACE ( 'NONE', ( #2220 ), #1585, .F. ) ;
#3734 = DIRECTION ( 'NONE',  ( 1.000000000000000000, 0.000000000000000000, 0.000000000000000000 ) ) ;
#3735 = DIRECTION ( 'NONE',  ( -0.000000000000000000, -0.000000000000000000, -1.000000000000000000 ) ) ;
#3736 = ORIENTED_EDGE ( 'NONE', *, *, #3881, .T. ) ;
#3737 = ORIENTED_EDGE ( 'NONE', *, *, #2566, .F. ) ;
#3738 = APPLICATION_CONTEXT ( 'automotive_design' ) ;
#3739 = DIRECTION ( 'NONE',  ( -1.000000000000000000, 0.000000000000000000, 0.000000000000000000 ) ) ;
#3740 = SURFACE_STYLE_USAGE ( .BOTH. , #2741 ) ;
#3741 = CARTESIAN_POINT ( 'NONE',  ( 2.000000000000000000, -1.307698359714509095, -0.7550000000000010036 ) ) ;
#3742 = DIRECTION ( 'NONE',  ( -0.000000000000000000, -0.000000000000000000, -1.000000000000000000 ) ) ;
#3743 = ORIENTED_EDGE ( 'NONE', *, *, #159, .F. ) ;
#3744 = EDGE_LOOP ( 'NONE', ( #1967, #3230, #2909, #3023, #2141, #3915, #4044, #4013, #2572 ) ) ;
#3745 = CARTESIAN_POINT ( 'NONE',  ( 1.650000000000000133, 0.000000000000000000, -0.2450726383733985714 ) ) ;
#3746 = EDGE_CURVE ( 'NONE', #2840, #2211, #1910, .T. ) ;
#3747 = EDGE_LOOP ( 'NONE', ( #655, #1750 ) ) ;
#3748 = ORIENTED_EDGE ( 'NONE', *, *, #2329, .T. ) ;
#3749 = CARTESIAN_POINT ( 'NONE',  ( 48.83098663792264205, 31.32987795618006643, 53.94082615852373408 ) ) ;
#3750 = CARTESIAN_POINT ( 'NONE',  ( 3.348158926381183953, 33.36996108281691420, 55.35921123303854330 ) ) ;
#3751 = ORIENTED_EDGE ( 'NONE', *, *, #4027, .F. ) ;
#3752 =( LENGTH_UNIT ( ) NAMED_UNIT ( * ) SI_UNIT ( .MILLI., .METRE. ) );
#3753 = DIRECTION ( 'NONE',  ( -0.8191520442889912434, 0.000000000000000000, -0.5735764363510469366 ) ) ;
#3754 = EDGE_CURVE ( 'NONE', #466, #600, #1739, .T. ) ;
#3755 = CARTESIAN_POINT ( 'NONE',  ( -1.750000000000005329, -3.031088913245532979, 0.000000000000000000 ) ) ;
#3756 = DIRECTION ( 'NONE',  ( -1.000000000000000000, 0.000000000000000000, 0.000000000000000000 ) ) ;
#3757 = EDGE_CURVE ( 'NONE', #863, #2055, #3229, .T. ) ;
#3758 = ORIENTED_EDGE ( 'NONE', *, *, #1173, .T. ) ;
#3759 = DIRECTION ( 'NONE',  ( -1.000000000000000000, 0.000000000000000000, 0.000000000000000000 ) ) ;
#3760 = LINE ( 'NONE', #942, #1984 ) ;
#3761 = DIRECTION ( 'NONE',  ( 0.4999999999999997224, -0.8660254037844388186, 0.000000000000000000 ) ) ;
#3762 = FACE_OUTER_BOUND ( 'NONE', #2841, .T. ) ;
#3763 = ORIENTED_EDGE ( 'NONE', *, *, #1042, .T. ) ;
#3764 = PRODUCT_DEFINITION ( 'UNKNOWN', '', #1749, #1346 ) ;
#3765 = CARTESIAN_POINT ( 'NONE',  ( 0.000000000000000000, 0.000000000000000000, 4.000000000000000000 ) ) ;
#3766 = ORIENTED_EDGE ( 'NONE', *, *, #1911, .T. ) ;
#3767 = VECTOR ( 'NONE', #2109, 1000.000000000000000 ) ;
#3768 = DIRECTION ( 'NONE',  ( 0.000000000000000000, -1.000000000000000000, 1.741093078006642263E-15 ) ) ;
#3769 = CARTESIAN_POINT ( 'NONE',  ( -2.000000000000000000, 0.000000000000000000, -3.174599999999999866 ) ) ;
#3770 = CARTESIAN_POINT ( 'NONE',  ( 7.130006320652425345, 33.37244061362236636, 55.35921123303849356 ) ) ;
#3771 = EDGE_CURVE ( 'NONE', #3403, #848, #1354, .T. ) ;
#3772 =( LENGTH_UNIT ( ) NAMED_UNIT ( * ) SI_UNIT ( .MILLI., .METRE. ) );
#3773 = AXIS2_PLACEMENT_3D ( 'NONE', #3093, #1190, #1816 ) ;
#3774 = LINE ( 'NONE', #957, #2714 ) ;
#3775 = ORIENTED_EDGE ( 'NONE', *, *, #3538, .T. ) ;
#3776 = ORIENTED_EDGE ( 'NONE', *, *, #3424, .F. ) ;
#3777 = AXIS2_PLACEMENT_3D ( 'NONE', #3352, #2115, #3422 ) ;
#3778 = ADVANCED_FACE ( 'NONE', ( #668 ), #1893, .F. ) ;
#3779 = DIRECTION ( 'NONE',  ( 0.000000000000000000, 0.000000000000000000, 1.000000000000000000 ) ) ;
#3780 = DIRECTION ( 'NONE',  ( 0.000000000000000000, 0.000000000000000000, 1.000000000000000000 ) ) ;
#3781 =( GEOMETRIC_REPRESENTATION_CONTEXT ( 3 ) GLOBAL_UNCERTAINTY_ASSIGNED_CONTEXT ( ( #398 ) ) GLOBAL_UNIT_ASSIGNED_CONTEXT ( ( #4057, #3670, #911 ) ) REPRESENTATION_CONTEXT ( 'NONE', 'WORKASPACE' ) );
#3782 = AXIS2_PLACEMENT_3D ( 'NONE', #177, #2614, #2653 ) ;
#3783 = EDGE_CURVE ( 'NONE', #2206, #2088, #3817, .T. ) ;
#3784 = AXIS2_PLACEMENT_3D ( 'NONE', #400, #2942, #691 ) ;
#3785 = VECTOR ( 'NONE', #1397, 1000.000000000000000 ) ;
#3786 = DIRECTION ( 'NONE',  ( -0.5000000000000053291, 0.000000000000000000, 0.8660254037844354880 ) ) ;
#3787 = FACE_OUTER_BOUND ( 'NONE', #3387, .T. ) ;
#3788 = PRESENTATION_LAYER_ASSIGNMENT (  '', '', ( #2397 ) ) ;
#3789 = AXIS2_PLACEMENT_3D ( 'NONE', #646, #598, #2749 ) ;
#3790 = ORIENTED_EDGE ( 'NONE', *, *, #3695, .F. ) ;
#3791 = MECHANICAL_DESIGN_GEOMETRIC_PRESENTATION_REPRESENTATION (  '', ( #1877 ), #503 ) ;
#3792 = FACE_OUTER_BOUND ( 'NONE', #1219, .T. ) ;
#3793 = ORIENTED_EDGE ( 'NONE', *, *, #2886, .T. ) ;
#3794 = VECTOR ( 'NONE', #3355, 1000.000000000000000 ) ;
#3795 = DIRECTION ( 'NONE',  ( -1.000000000000000000, -0.000000000000000000, -0.000000000000000000 ) ) ;
#3796 = SURFACE_STYLE_FILL_AREA ( #3812 ) ;
#3797 = CARTESIAN_POINT ( 'NONE',  ( 49.66452899936598442, 33.41016923998024879, 55.55077161801710162 ) ) ;
#3798 = PLANE ( 'NONE',  #41 ) ;
#3799 = CARTESIAN_POINT ( 'NONE',  ( 2.000000000000000000, -0.8717989064763382867, 1.509999999999999121 ) ) ;
#3800 = EDGE_CURVE ( 'NONE', #248, #1840, #978, .T. ) ;
#3801 = VERTEX_POINT ( 'NONE', #2855 ) ;
#3802 = ORIENTED_EDGE ( 'NONE', *, *, #910, .T. ) ;
#3803 = CARTESIAN_POINT ( 'NONE',  ( 2.000000000000000000, 0.8717989064763314033, 1.509999999999996234 ) ) ;
#3804 = EDGE_CURVE ( 'NONE', #123, #932, #3102, .T. ) ;
#3805 = DIRECTION ( 'NONE',  ( -4.383936695013188063E-29, 1.000000000000000000, 5.520779089334829130E-43 ) ) ;
#3806 = DIRECTION ( 'NONE',  ( -1.000000000000000000, 0.000000000000000000, 0.000000000000000000 ) ) ;
#3807 = EDGE_CURVE ( 'NONE', #1051, #2685, #624, .T. ) ;
#3808 = ORIENTED_EDGE ( 'NONE', *, *, #2283, .F. ) ;
#3809 = CARTESIAN_POINT ( 'NONE',  ( 0.3999999999999975797, 0.000000000000000000, 3.099999999999999645 ) ) ;
#3810 = VERTEX_POINT ( 'NONE', #3971 ) ;
#3811 = LINE ( 'NONE', #3831, #2839 ) ;
#3812 = FILL_AREA_STYLE ('',( #998 ) ) ;
#3813 = CARTESIAN_POINT ( 'NONE',  ( -1.466422162314116009E-13, -21.00000000000000000, 3.000000000000000000 ) ) ;
#3814 = DIRECTION ( 'NONE',  ( -1.000000000000000000, -0.000000000000000000, -0.000000000000000000 ) ) ;
#3815 = CARTESIAN_POINT ( 'NONE',  ( 49.60115957241552564, 33.46452608093154879, 55.42669260558261612 ) ) ;
#3816 = CARTESIAN_POINT ( 'NONE',  ( 21.21815260572889628, 11.00000000000000000, 7.999999999999996447 ) ) ;
#3817 = B_SPLINE_CURVE_WITH_KNOTS ( 'NONE', 3,
 ( #3886, #3147, #1065, #2536, #3417, #338 ),
 .UNSPECIFIED., .F., .F.,
 ( 4, 2, 4 ),
 ( 0.002044882221487543186, 0.003063384235218501520, 0.004081886248949459853 ),
 .UNSPECIFIED. ) ;
#3818 = ORIENTED_EDGE ( 'NONE', *, *, #2358, .T. ) ;
#3819 = VERTEX_POINT ( 'NONE', #3595 ) ;
#3820 = PRODUCT_DEFINITION ( 'UNKNOWN', '', #1235, #3521 ) ;
#3821 = DIRECTION ( 'NONE',  ( 0.000000000000000000, 0.4999999999999985567, -0.8660254037844394848 ) ) ;
#3822 = LINE ( 'NONE', #3530, #3047 ) ;
#3823 = EDGE_CURVE ( 'NONE', #1071, #3533, #3238, .T. ) ;
#3824 = FACE_OUTER_BOUND ( 'NONE', #1163, .T. ) ;
#3825 = DIRECTION ( 'NONE',  ( 0.000000000000000000, 0.5000000000000009992, 0.8660254037844380415 ) ) ;
#3826 = B_SPLINE_CURVE_WITH_KNOTS ( 'NONE', 3,
 ( #3429, #907, #3058, #3120, #1502, #312 ),
 .UNSPECIFIED., .F., .F.,
 ( 4, 2, 4 ),
 ( 0.005649496001316455136, 0.006672230966438307334, 0.007694965931560159532 ),
 .UNSPECIFIED. ) ;
#3827 = VERTEX_POINT ( 'NONE', #3031 ) ;
#3828 = ADVANCED_FACE ( 'NONE', ( #3614 ), #784, .F. ) ;
#3829 = DIRECTION ( 'NONE',  ( -1.000000000000000000, 0.000000000000000000, 0.000000000000000000 ) ) ;
#3830 = ORIENTED_EDGE ( 'NONE', *, *, #1053, .T. ) ;
#3831 = CARTESIAN_POINT ( 'NONE',  ( 4.041451884327233124, -21.00000000000002132, 3.000000000000000000 ) ) ;
#3832 = SHAPE_DEFINITION_REPRESENTATION ( #2120, #3562 ) ;
#3833 = CIRCLE ( 'NONE', #2045, 3.500000000000000444 ) ;
#3834 = DIRECTION ( 'NONE',  ( 0.000000000000000000, 0.000000000000000000, -1.000000000000000000 ) ) ;
#3835 = CARTESIAN_POINT ( 'NONE',  ( 49.56716157094471242, 33.39065413876640775, 55.36085049970855465 ) ) ;
#3836 = LINE ( 'NONE', #57, #1862 ) ;
#3837 = AXIS2_PLACEMENT_3D ( 'NONE', #3890, #3262, #457 ) ;
#3838 = ORIENTED_EDGE ( 'NONE', *, *, #3138, .F. ) ;
#3839 = MECHANICAL_DESIGN_GEOMETRIC_PRESENTATION_REPRESENTATION (  '', ( #948 ), #96 ) ;
#3840 = CARTESIAN_POINT ( 'NONE',  ( -3.499999999999999556, 1.362959798491811370, -0.1397344949837825145 ) ) ;
#3841 = CARTESIAN_POINT ( 'NONE',  ( 4.000000000000000000, 0.000000000000000000, 0.000000000000000000 ) ) ;
#3842 = VECTOR ( 'NONE', #2032, 1000.000000000000000 ) ;
#3843 = CARTESIAN_POINT ( 'NONE',  ( 2.020725942163571265, -17.50000000000001066, 3.000000000000000000 ) ) ;
#3844 = AXIS2_PLACEMENT_3D ( 'NONE', #1675, #2931, #599 ) ;
#3845 = CARTESIAN_POINT ( 'NONE',  ( 2.000000000000000000, 0.8717989064763280727, -1.510000000000003118 ) ) ;
#3846 = ORIENTED_EDGE ( 'NONE', *, *, #1472, .F. ) ;
#3847 = EDGE_CURVE ( 'NONE', #1331, #1688, #1716, .T. ) ;
#3848 = AXIS2_PLACEMENT_3D ( 'NONE', #3185, #1315, #2278 ) ;
#3849 = VECTOR ( 'NONE', #1127, 1000.000000000000000 ) ;
#3850 = FACE_OUTER_BOUND ( 'NONE', #1282, .T. ) ;
#3851 = EDGE_LOOP ( 'NONE', ( #1573, #3683, #573, #1154 ) ) ;
#3852 = DIRECTION ( 'NONE',  ( -0.000000000000000000, -0.000000000000000000, -1.000000000000000000 ) ) ;
#3853 = AXIS2_PLACEMENT_3D ( 'NONE', #2851, #3197, #50 ) ;
#3854 = AXIS2_PLACEMENT_3D ( 'NONE', #189, #1776, #2720 ) ;
#3855 = DIRECTION ( 'NONE',  ( 1.000000000000000000, 0.000000000000000000, 0.000000000000000000 ) ) ;
#3856 = EDGE_CURVE ( 'NONE', #1451, #248, #2972, .T. ) ;
#3857 = VERTEX_POINT ( 'NONE', #2350 ) ;
#3858 = AXIS2_PLACEMENT_3D ( 'NONE', #2778, #3995, #1535 ) ;
#3859 = MECHANICAL_DESIGN_GEOMETRIC_PRESENTATION_REPRESENTATION (  '', ( #2857 ), #2923 ) ;
#3860 = DIRECTION ( 'NONE',  ( 1.000000000000000000, 0.000000000000000000, 0.000000000000000000 ) ) ;
#3861 = ORIENTED_EDGE ( 'NONE', *, *, #916, .T. ) ;
#3862 = CARTESIAN_POINT ( 'NONE',  ( 23.60999999999999943, 0.000000000000000000, 0.000000000000000000 ) ) ;
#3863 = ORIENTED_EDGE ( 'NONE', *, *, #3368, .F. ) ;
#3864 =( BOUNDED_CURVE ( )  B_SPLINE_CURVE ( 3, ( #3488, #3866, #1636, #2182 ),
 .UNSPECIFIED., .F., .T. ) 
 B_SPLINE_CURVE_WITH_KNOTS ( ( 4, 4 ),
 ( 5.190666934922091080, 5.390874985583979928 ),
 .UNSPECIFIED. ) 
 CURVE ( )  GEOMETRIC_REPRESENTATION_ITEM ( )  RATIONAL_B_SPLINE_CURVE ( ( 1.000000000000000000, 0.9966625164601562448, 0.9966625164601562448, 1.000000000000000000 ) ) 
 REPRESENTATION_ITEM ( '' )  );
#3865 = CARTESIAN_POINT ( 'NONE',  ( 0.6089803659953237913, 18.99023809523809447, 7.000000000000000000 ) ) ;
#3866 = CARTESIAN_POINT ( 'NONE',  ( -20.48282771154164550, 12.41838507451423723, 9.418385074514226574 ) ) ;
#3867 = CARTESIAN_POINT ( 'NONE',  ( -4.000000000000264677, -21.00000000000000000, 8.000000000000000000 ) ) ;
#3868 = PLANE ( 'NONE',  #3435 ) ;
#3869 = ORIENTED_EDGE ( 'NONE', *, *, #274, .T. ) ;
#3870 = LINE ( 'NONE', #723, #837 ) ;
#3871 = ORIENTED_EDGE ( 'NONE', *, *, #1038, .T. ) ;
#3872 = CARTESIAN_POINT ( 'NONE',  ( 0.000000000000000000, 0.000000000000000000, 4.000000000000000000 ) ) ;
#3873 = ADVANCED_FACE ( 'NONE', ( #1478, #3910 ), #802, .T. ) ;
#3874 = CARTESIAN_POINT ( 'NONE',  ( 0.000000000000000000, 0.000000000000000000, 0.000000000000000000 ) ) ;
#3875 = FACE_OUTER_BOUND ( 'NONE', #1631, .T. ) ;
#3876 = ADVANCED_FACE ( 'NONE', ( #220, #2039 ), #3297, .T. ) ;
#3877 = ORIENTED_EDGE ( 'NONE', *, *, #186, .T. ) ;
#3878 = DIRECTION ( 'NONE',  ( 6.867723879941292569E-15, 1.000000000000000000, 0.000000000000000000 ) ) ;
#3879 = ORIENTED_EDGE ( 'NONE', *, *, #1679, .F. ) ;
#3880 = ORIENTED_EDGE ( 'NONE', *, *, #1659, .F. ) ;
#3881 = EDGE_CURVE ( 'NONE', #3345, #1176, #3270, .T. ) ;
#3882 = DIRECTION ( 'NONE',  ( 0.000000000000000000, 0.000000000000000000, 1.000000000000000000 ) ) ;
#3883 = DIRECTION ( 'NONE',  ( 1.000000000000000000, 0.000000000000000000, 0.000000000000000000 ) ) ;
#3884 = PRESENTATION_STYLE_ASSIGNMENT (( #3630 ) ) ;
#3885 = CARTESIAN_POINT ( 'NONE',  ( -2.103352214621878602E-14, -4.041451884327384114, -2.887392608830354312 ) ) ;
#3886 = CARTESIAN_POINT ( 'NONE',  ( -1.750000000000005329, -3.031088913245532979, 0.000000000000000000 ) ) ;
#3887 = VERTEX_POINT ( 'NONE', #2641 ) ;
#3888 = CARTESIAN_POINT ( 'NONE',  ( 1.153701847711632755, 3.375361811986501870, -3.200000000000002842 ) ) ;
#3889 = ORIENTED_EDGE ( 'NONE', *, *, #1253, .T. ) ;
#3890 = CARTESIAN_POINT ( 'NONE',  ( 0.000000000000000000, 0.000000000000000000, 0.000000000000000000 ) ) ;
#3891 = UNCERTAINTY_MEASURE_WITH_UNIT (LENGTH_MEASURE( 1.000000000000000082E-05 ), #3648, 'distance_accuracy_value', 'NONE');
#3892 = ORIENTED_EDGE ( 'NONE', *, *, #3771, .F. ) ;
#3893 = ORIENTED_EDGE ( 'NONE', *, *, #3287, .F. ) ;
#3894 = PLANE ( 'NONE',  #1738 ) ;
#3895 = PRODUCT_DEFINITION_SHAPE ( 'NONE', 'NONE',  #4064 ) ;
#3896 = ORIENTED_EDGE ( 'NONE', *, *, #2297, .F. ) ;
#3897 = DIRECTION ( 'NONE',  ( 0.000000000000000000, -1.224646799147351975E-16, 1.000000000000000000 ) ) ;
#3898 = ORIENTED_EDGE ( 'NONE', *, *, #2615, .T. ) ;
#3899 = CIRCLE ( 'NONE', #3032, 2.000000000000000000 ) ;
#3900 = ORIENTED_EDGE ( 'NONE', *, *, #208, .T. ) ;
#3901 = EDGE_CURVE ( 'NONE', #2104, #2357, #2127, .T. ) ;
#3902 = CARTESIAN_POINT ( 'NONE',  ( 0.000000000000000000, 0.000000000000000000, 0.000000000000000000 ) ) ;
#3903 = AXIS2_PLACEMENT_3D ( 'NONE', #3396, #914, #2152 ) ;
#3904 = CARTESIAN_POINT ( 'NONE',  ( 2.100000000000002309, 21.00000000000000000, 0.000000000000000000 ) ) ;
#3905 = EDGE_CURVE ( 'NONE', #1051, #796, #163, .T. ) ;
#3906 = AXIS2_PLACEMENT_3D ( 'NONE', #1309, #2825, #3513 ) ;
#3907 = CARTESIAN_POINT ( 'NONE',  ( 28.34815892638131984, 28.54826303069430438, 66.35921123303852198 ) ) ;
#3908 = DIRECTION ( 'NONE',  ( -1.000000000000000000, -0.000000000000000000, -0.000000000000000000 ) ) ;
#3909 = VECTOR ( 'NONE', #2225, 1000.000000000000000 ) ;
#3910 = FACE_OUTER_BOUND ( 'NONE', #179, .T. ) ;
#3911 = ORIENTED_EDGE ( 'NONE', *, *, #2712, .T. ) ;
#3912 = EDGE_CURVE ( 'NONE', #803, #2732, #561, .T. ) ;
#3913 = AXIS2_PLACEMENT_3D ( 'NONE', #3691, #2080, #1186 ) ;
#3914 = CARTESIAN_POINT ( 'NONE',  ( 2.168404344971008868E-16, 4.041451884327385002, -2.887392608830354312 ) ) ;
#3915 = ORIENTED_EDGE ( 'NONE', *, *, #3489, .F. ) ;
#3916 = CARTESIAN_POINT ( 'NONE',  ( 2.000000000000000000, 1.743597812952664805, -4.011548038196366406E-15 ) ) ;
#3917 = VECTOR ( 'NONE', #4019, 1000.000000000000000 ) ;
#3918 = AXIS2_PLACEMENT_3D ( 'NONE', #212, #538, #1704 ) ;
#3919 = DIRECTION ( 'NONE',  ( 0.000000000000000000, 0.000000000000000000, -1.000000000000000000 ) ) ;
#3920 = AXIS2_PLACEMENT_3D ( 'NONE', #1772, #2344, #3653 ) ;
#3921 = DIRECTION ( 'NONE',  ( 0.000000000000000000, 0.000000000000000000, 1.000000000000000000 ) ) ;
#3922 = DIRECTION ( 'NONE',  ( -1.000000000000000000, -4.383936695013188063E-29, 1.255609373087974418E-14 ) ) ;
#3923 = MECHANICAL_DESIGN_GEOMETRIC_PRESENTATION_REPRESENTATION (  '', ( #2397 ), #2465 ) ;
#3924 = ORIENTED_EDGE ( 'NONE', *, *, #3207, .F. ) ;
#3925 = AXIS2_PLACEMENT_3D ( 'NONE', #3707, #2474, #2110 ) ;
#3926 = ORIENTED_EDGE ( 'NONE', *, *, #2079, .T. ) ;
#3927 = SHAPE_REPRESENTATION_RELATIONSHIP ( 'NONE' , 'NONE' ,  #23, #2428 ) ;
#3928 = VECTOR ( 'NONE', #2567, 1000.000000000000000 ) ;
#3929 = CARTESIAN_POINT ( 'NONE',  ( 0.000000000000000000, 0.000000000000000000, 4.000000000000000000 ) ) ;
#3930 = CARTESIAN_POINT ( 'NONE',  ( 2.000000000000000000, 1.307698359714498659, -0.7549999999999997824 ) ) ;
#3931 = DIRECTION ( 'NONE',  ( 1.000000000000000000, 0.000000000000000000, 0.000000000000000000 ) ) ;
#3932 = DIRECTION ( 'NONE',  ( -4.383936695013188063E-29, 1.000000000000000000, 5.520779089334829130E-43 ) ) ;
#3933 = EDGE_CURVE ( 'NONE', #2486, #790, #3663, .T. ) ;
#3934 = CARTESIAN_POINT ( 'NONE',  ( -2.020725942163813293, -17.49999999999998579, 6.000000000000000000 ) ) ;
#3935 = B_SPLINE_CURVE_WITH_KNOTS ( 'NONE', 3,
 ( #2098, #1793, #242, #1209 ),
 .UNSPECIFIED., .F., .F.,
 ( 4, 4 ),
 ( 2.380739282221923279E-07, 0.002044882221487524104 ),
 .UNSPECIFIED. ) ;
#3936 = EDGE_LOOP ( 'NONE', ( #3150, #2128, #770 ) ) ;
#3937 = CARTESIAN_POINT ( 'NONE',  ( -24.50000000000000000, 0.000000000000000000, 0.000000000000000000 ) ) ;
#3938 = VERTEX_POINT ( 'NONE', #2370 ) ;
#3939 = LINE ( 'NONE', #3342, #156 ) ;
#3940 = ADVANCED_FACE ( 'NONE', ( #3632 ), #852, .F. ) ;
#3941 = ORIENTED_EDGE ( 'NONE', *, *, #2079, .F. ) ;
#3942 = CYLINDRICAL_SURFACE ( 'NONE', #3646, 23.90000000000001279 ) ;
#3943 = DIRECTION ( 'NONE',  ( -0.000000000000000000, -0.000000000000000000, 1.000000000000000000 ) ) ;
#3944 = CARTESIAN_POINT ( 'NONE',  ( 2.200000000000000178, 21.00000000000000000, 3.000000000000000000 ) ) ;
#3945 = ORIENTED_EDGE ( 'NONE', *, *, #1538, .T. ) ;
#3946 = VERTEX_POINT ( 'NONE', #3338 ) ;
#3947 = PLANE ( 'NONE',  #1276 ) ;
#3948 = DIRECTION ( 'NONE',  ( 0.000000000000000000, 0.000000000000000000, 1.000000000000000000 ) ) ;
#3949 = ORIENTED_EDGE ( 'NONE', *, *, #80, .F. ) ;
#3950 = DIRECTION ( 'NONE',  ( -1.000000000000000000, 0.000000000000000000, 0.000000000000000000 ) ) ;
#3951 = CYLINDRICAL_SURFACE ( 'NONE', #2183, 3.999999999999934275 ) ;
#3952 = CARTESIAN_POINT ( 'NONE',  ( 0.000000000000000000, 0.000000000000000000, -3.200000000000000178 ) ) ;
#3953 = ORIENTED_EDGE ( 'NONE', *, *, #879, .F. ) ;
#3954 = EDGE_CURVE ( 'NONE', #3857, #2305, #2330, .T. ) ;
#3955 = FACE_OUTER_BOUND ( 'NONE', #2677, .T. ) ;
#3956 = EDGE_LOOP ( 'NONE', ( #1325, #3879 ) ) ;
#3957 = DIRECTION ( 'NONE',  ( 0.000000000000000000, 0.000000000000000000, 1.000000000000000000 ) ) ;
#3958 = VERTEX_POINT ( 'NONE', #761 ) ;
#3959 = EDGE_CURVE ( 'NONE', #2009, #2800, #452, .T. ) ;
#3960 = CARTESIAN_POINT ( 'NONE',  ( 2.000000000000000000, -1.126735949052869323E-15, -1.510000000000000009 ) ) ;
#3961 = EDGE_LOOP ( 'NONE', ( #765, #2296, #3463, #3134, #3104, #3641 ) ) ;
#3962 = FILL_AREA_STYLE_COLOUR ( '', #961 ) ;
#3963 = CARTESIAN_POINT ( 'NONE',  ( 2.000000000000000000, 0.8717989064763280727, -1.510000000000003118 ) ) ;
#3964 = ORIENTED_EDGE ( 'NONE', *, *, #3905, .T. ) ;
#3965 = EDGE_CURVE ( 'NONE', #1398, #839, #2195, .T. ) ;
#3966 =( LENGTH_UNIT ( ) NAMED_UNIT ( * ) SI_UNIT ( .MILLI., .METRE. ) );
#3967 = CARTESIAN_POINT ( 'NONE',  ( -1.750000000000005329, 3.031088913245532979, 0.000000000000000000 ) ) ;
#3968 = ORIENTED_EDGE ( 'NONE', *, *, #2666, .T. ) ;
#3969 = DIRECTION ( 'NONE',  ( 1.000000000000000000, 0.000000000000000000, 0.000000000000000000 ) ) ;
#3970 = CARTESIAN_POINT ( 'NONE',  ( 1.750000000000005329, -3.031088913245532979, -3.200000000000000178 ) ) ;
#3971 = CARTESIAN_POINT ( 'NONE',  ( -18.60671921645509030, 15.00000000000002309, 12.00000000000000000 ) ) ;
#3972 = VECTOR ( 'NONE', #1863, 1000.000000000000114 ) ;
#3973 = CARTESIAN_POINT ( 'NONE',  ( 0.000000000000000000, 21.00000000000000000, 0.000000000000000000 ) ) ;
#3974 = ORIENTED_EDGE ( 'NONE', *, *, #3823, .T. ) ;
#3975 = VECTOR ( 'NONE', #1277, 1000.000000000000227 ) ;
#3976 = DIRECTION ( 'NONE',  ( 0.000000000000000000, 0.000000000000000000, 1.000000000000000000 ) ) ;
#3977 = EDGE_CURVE ( 'NONE', #1310, #395, #308, .T. ) ;
#3978 = ORIENTED_EDGE ( 'NONE', *, *, #2432, .T. ) ;
#3979 = CIRCLE ( 'NONE', #3573, 0.2000000000000000944 ) ;
#3980 = CARTESIAN_POINT ( 'NONE',  ( -2.200000000000147171, -21.00000000000000000, 0.000000000000000000 ) ) ;
#3981 = ORIENTED_EDGE ( 'NONE', *, *, #3538, .F. ) ;
#3982 = CLOSED_SHELL ( 'NONE', ( #2512, #3344, #382, #454, #2382, #682, #767, #1372, #1269, #3162, #190, #2629, #4050, #3990, #3675, #3477, #1905, #60, #3415, #3621 ) ) ;
#3983 = LINE ( 'NONE', #3963, #298 ) ;
#3984 = EDGE_CURVE ( 'NONE', #3827, #167, #230, .T. ) ;
#3985 = B_SPLINE_CURVE_WITH_KNOTS ( 'NONE', 3,
 ( #3442, #39, #941, #3840, #2523, #2801 ),
 .UNSPECIFIED., .F., .F.,
 ( 4, 2, 4 ),
 ( 0.005649496001316455136, 0.006672230966438301263, 0.007694965931560147389 ),
 .UNSPECIFIED. ) ;
#3986 = VERTEX_POINT ( 'NONE', #282 ) ;
#3987 = VECTOR ( 'NONE', #115, 1000.000000000000000 ) ;
#3988 =( NAMED_UNIT ( * ) PLANE_ANGLE_UNIT ( ) SI_UNIT ( $, .RADIAN. ) );
#3989 = CARTESIAN_POINT ( 'NONE',  ( 4.200000000000001954, 0.000000000000000000, -2.199999999999998845 ) ) ;
#3990 = ADVANCED_FACE ( 'NONE', ( #2436 ), #2758, .F. ) ;
#3991 = AXIS2_PLACEMENT_3D ( 'NONE', #1425, #1681, #3598 ) ;
#3992 = ORIENTED_EDGE ( 'NONE', *, *, #1766, .T. ) ;
#3993 = AXIS2_PLACEMENT_3D ( 'NONE', #1673, #3255, #187 ) ;
#3994 = PRESENTATION_LAYER_ASSIGNMENT (  '', '', ( #1677 ) ) ;
#3995 = DIRECTION ( 'NONE',  ( -0.000000000000000000, -0.000000000000000000, 1.000000000000000000 ) ) ;
#3996 = DIRECTION ( 'NONE',  ( -1.000000000000000000, -0.000000000000000000, -0.000000000000000000 ) ) ;
#3997 = AXIS2_PLACEMENT_3D ( 'NONE', #1392, #155, #3208 ) ;
#3998 = CARTESIAN_POINT ( 'NONE',  ( 3.348158926381183953, 33.36996108281691420, 55.55921123303854614 ) ) ;
#3999 = ORIENTED_EDGE ( 'NONE', *, *, #1737, .F. ) ;
#4000 = CARTESIAN_POINT ( 'NONE',  ( 46.92140968073536555, 28.54826303069430438, 51.31778987680068838 ) ) ;
#4001 = CARTESIAN_POINT ( 'NONE',  ( 7.067639591163061397, 33.46840842835231911, 55.48034854357621981 ) ) ;
#4002 = CARTESIAN_POINT ( 'NONE',  ( -3.499999999999999556, -0.6807265984995638508, -0.02935130719646772413 ) ) ;
#4003 = EDGE_LOOP ( 'NONE', ( #1070, #3003, #2973, #1684, #3078, #1128, #1312, #1098 ) ) ;
#4004 = DIRECTION ( 'NONE',  ( -1.000000000000000000, 0.000000000000000000, 0.000000000000000000 ) ) ;
#4005 = ADVANCED_FACE ( 'NONE', ( #310 ), #543, .T. ) ;
#4006 = FILL_AREA_STYLE_COLOUR ( '', #1231 ) ;
#4007 = DIRECTION ( 'NONE',  ( 0.000000000000000000, 0.000000000000000000, -1.000000000000000000 ) ) ;
#4008 = EDGE_LOOP ( 'NONE', ( #1243, #232, #3535, #1901, #3926, #1555 ) ) ;
#4009 = EDGE_CURVE ( 'NONE', #1298, #466, #434, .T. ) ;
#4010 = DIRECTION ( 'NONE',  ( 1.000000000000000000, 0.000000000000000000, 0.000000000000000000 ) ) ;
#4011 = ORIENTED_EDGE ( 'NONE', *, *, #1272, .F. ) ;
#4012 = CARTESIAN_POINT ( 'NONE',  ( -3.500000000000000000, -2.020725942163697830, -2.887392608830354312 ) ) ;
#4013 = ORIENTED_EDGE ( 'NONE', *, *, #1363, .T. ) ;
#4014 = ORIENTED_EDGE ( 'NONE', *, *, #2204, .F. ) ;
#4015 = CARTESIAN_POINT ( 'NONE',  ( 7.079653195430910095, 33.46993407922384733, 55.45688744530730219 ) ) ;
#4016 = FACE_OUTER_BOUND ( 'NONE', #4003, .T. ) ;
#4017 = VERTEX_POINT ( 'NONE', #4026 ) ;
#4018 = DIRECTION ( 'NONE',  ( 0.000000000000000000, -1.000000000000000000, -3.491481338843133355E-15 ) ) ;
#4019 = DIRECTION ( 'NONE',  ( 1.000000000000000000, 0.000000000000000000, 0.000000000000000000 ) ) ;
#4020 = ORIENTED_EDGE ( 'NONE', *, *, #3033, .F. ) ;
#4021 = CARTESIAN_POINT ( 'NONE',  ( 48.91033071795547471, 31.18284201104084019, 54.07663292585913695 ) ) ;
#4022 = CARTESIAN_POINT ( 'NONE',  ( -1.452965002680433049, 3.202582148906728321, 2.176451157969923932E-15 ) ) ;
#4023 = ADVANCED_FACE ( 'NONE', ( #2119 ), #1518, .T. ) ;
#4024 =( REPRESENTATION_RELATIONSHIP ('NONE','NONE', #2455, #2030 ) REPRESENTATION_RELATIONSHIP_WITH_TRANSFORMATION ( #397 )SHAPE_REPRESENTATION_RELATIONSHIP( ) );
#4025 = DIRECTION ( 'NONE',  ( 0.000000000000000000, -0.5000000000000009992, -0.8660254037844380415 ) ) ;
#4026 = CARTESIAN_POINT ( 'NONE',  ( -15.49193338482966809, 11.00000000000000000, 7.000000000000000000 ) ) ;
#4027 = EDGE_CURVE ( 'NONE', #578, #1136, #3719, .T. ) ;
#4028 = AXIS2_PLACEMENT_3D ( 'NONE', #2533, #3795, #3371 ) ;
#4029 = CARTESIAN_POINT ( 'NONE',  ( -2.927447417349537506, 2.351289329882148671, -0.1217565302851101872 ) ) ;
#4030 = VERTEX_POINT ( 'NONE', #905 ) ;
#4031 = CARTESIAN_POINT ( 'NONE',  ( 3.500000000000000000, -0.3414694520252328780, -3.200000000000000178 ) ) ;
#4032 = VECTOR ( 'NONE', #2349, 1000.000000000000000 ) ;
#4033 = VERTEX_POINT ( 'NONE', #2144 ) ;
#4034 = VECTOR ( 'NONE', #1517, 1000.000000000000114 ) ;
#4035 = CARTESIAN_POINT ( 'NONE',  ( -3.500000000000000444, -1.355464348821704634, -0.1381584212714458415 ) ) ;
#4036 = PLANE ( 'NONE',  #3175 ) ;
#4037 = AXIS2_PLACEMENT_3D ( 'NONE', #3841, #389, #3209 ) ;
#4038 = CARTESIAN_POINT ( 'NONE',  ( 24.00000000000000000, 0.000000000000000000, 0.000000000000000000 ) ) ;
#4039 = AXIS2_PLACEMENT_3D ( 'NONE', #3862, #150, #1989 ) ;
#4040 = CARTESIAN_POINT ( 'NONE',  ( 7.027511656657068784, 32.70864866962493522, 55.55921123303850351 ) ) ;
#4041 = AXIS2_PLACEMENT_3D ( 'NONE', #2359, #501, #3005 ) ;
#4042 = ORIENTED_EDGE ( 'NONE', *, *, #513, .T. ) ;
#4043 = AXIS2_PLACEMENT_3D ( 'NONE', #2094, #502, #3649 ) ;
#4044 = ORIENTED_EDGE ( 'NONE', *, *, #940, .T. ) ;
#4045 = AXIS2_PLACEMENT_3D ( 'NONE', #378, #84, #3143 ) ;
#4046 = CARTESIAN_POINT ( 'NONE',  ( -3.500000000000000444, 1.693985822988432810, -2.981714356710798874 ) ) ;
#4047 = CARTESIAN_POINT ( 'NONE',  ( 4.200000000000001954, 0.000000000000000000, 0.000000000000000000 ) ) ;
#4048 = CARTESIAN_POINT ( 'NONE',  ( 0.000000000000000000, 0.000000000000000000, 7.000000000000000000 ) ) ;
#4049 = DIRECTION ( 'NONE',  ( -1.000000000000000000, 0.000000000000000000, 0.000000000000000000 ) ) ;
#4050 = ADVANCED_FACE ( 'NONE', ( #2803 ), #3114, .F. ) ;
#4051 = CARTESIAN_POINT ( 'NONE',  ( 4.000000000000003553, 0.000000000000000000, 3.499999999999999556 ) ) ;
#4052 = ORIENTED_EDGE ( 'NONE', *, *, #844, .F. ) ;
#4053 = PLANE ( 'NONE',  #3567 ) ;
#4054 = CIRCLE ( 'NONE', #2797, 4.000000000000000000 ) ;
#4055 = EDGE_LOOP ( 'NONE', ( #3439, #3395, #3278, #520 ) ) ;
#4056 = ORIENTED_EDGE ( 'NONE', *, *, #1108, .T. ) ;
#4057 =( LENGTH_UNIT ( ) NAMED_UNIT ( * ) SI_UNIT ( .MILLI., .METRE. ) );
#4058 = EDGE_CURVE ( 'NONE', #2005, #1592, #1559, .T. ) ;
#4059 = CARTESIAN_POINT ( 'NONE',  ( -2.020725942163693389, 17.49999999999999645, 6.000000000000000000 ) ) ;
#4060 = PRODUCT_RELATED_PRODUCT_CATEGORY ( 'part', '', ( #1479 ) ) ;
#4061 = NEXT_ASSEMBLY_USAGE_OCCURRENCE ( 'NAUO1', ' ', ' ', #860, #3764, $ ) ;
#4062 = NEXT_ASSEMBLY_USAGE_OCCURRENCE ( 'NAUO2', ' ', ' ', #860, #349, $ ) ;
#4063 = NEXT_ASSEMBLY_USAGE_OCCURRENCE ( 'NAUO3', ' ', ' ', #860, #3333, $ ) ;
#4064 = NEXT_ASSEMBLY_USAGE_OCCURRENCE ( 'NAUO4', ' ', ' ', #860, #3333, $ ) ;
#4065 = NEXT_ASSEMBLY_USAGE_OCCURRENCE ( 'NAUO5', ' ', ' ', #860, #2485, $ ) ;
#4066 = NEXT_ASSEMBLY_USAGE_OCCURRENCE ( 'NAUO6', ' ', ' ', #860, #2485, $ ) ;
#4067 = NEXT_ASSEMBLY_USAGE_OCCURRENCE ( 'NAUO7', ' ', ' ', #860, #3820, $ ) ;
#4068 = NEXT_ASSEMBLY_USAGE_OCCURRENCE ( 'NAUO8', ' ', ' ', #860, #3820, $ ) ;
ENDSEC;
END-ISO-10303-21;
